2017-01-02,204.494113,4.0058826734443506e-149
2017-01-03,204.494113,1.0889118078162637e-148
2017-01-04,204.494113,2.9599691799814224e-148
2017-01-05,204.494113,8.046030434742288e-148
2017-01-06,204.494113,2.1871378321988327e-147
2017-01-07,204.494113,5.945257025601384e-147
2017-01-08,204.494113,1.6160884138210695e-146
2017-01-09,204.494113,4.392983768472998e-146
2017-01-10,204.494113,1.1941367950555675e-145
2017-01-11,204.494113,3.246000350693859e-145
2017-01-12,204.494113,8.823543768462744e-145
2017-01-13,204.494113,2.3984878688425076e-144
2017-01-14,204.494113,6.519765989654013e-144
2017-01-15,204.494113,1.7722561415481747e-143
2017-01-16,204.494113,4.817491664945309e-143
2017-01-17,204.494113,1.3095300051573636e-142
2017-01-18,204.494113,3.559671616841101e-142
2017-01-19,204.494113,9.676190671340509e-142
2017-01-20,204.494113,2.6302613270609625e-141
2017-01-21,204.494113,7.149791569448367e-141
2017-01-22,204.494113,1.943514850050108e-140
2017-01-23,204.494113,5.283021100231501e-140
2017-01-24,204.494113,1.4360740256124964e-139
2017-01-25,204.494113,3.903653928144456e-139
2017-01-26,204.494113,1.0611231537467794e-138
2017-01-27,204.494113,2.884431786586989e-138
2017-01-28,204.494113,7.840698510909016e-138
2017-01-29,204.494113,2.1313228284629697e-137
2017-01-30,204.494113,5.793536115190814e-137
2017-01-31,204.494113,1.5748463944444321e-136
2017-02-01,204.494113,4.280876336632519e-136
2017-02-02,204.494113,1.1636628355748476e-135
2017-02-03,204.494113,3.1631635403962295e-135
2017-02-04,204.494113,8.598369972303229e-135
2017-02-05,204.494113,2.3372792850079643e-134
2017-02-06,204.494113,6.353383808470849e-134
2017-02-07,204.494113,1.7270287755792118e-133
2017-02-08,204.494113,4.694550937882844e-133
2017-02-09,204.494113,1.2761112507222314e-132
2017-02-10,204.494113,3.468830023930402e-132
2017-02-11,204.494113,9.42925762006319e-132
2017-02-12,204.494113,2.5631379644476724e-131
2017-02-13,204.494113,6.967331352591613e-131
2017-02-14,204.494113,1.89391702086027e-130
2017-02-15,204.494113,5.148200222413758e-130
2017-02-16,204.494113,1.399425911385614e-129
2017-02-17,204.494113,3.804034025194257e-129
2017-02-18,204.494113,1.034043656552548e-128
2017-02-19,204.494113,2.8108220814401505e-128
2017-02-20,204.494113,7.640606587010186e-128
2017-02-21,204.494113,2.076932204387428e-127
2017-02-22,204.494113,5.645687070127719e-127
2017-02-23,204.494113,1.5346568571894317e-126
2017-02-24,204.494113,4.171629847818065e-126
2017-02-25,204.494113,1.1339665610381159e-125
2017-02-26,204.494113,3.0824406969500975e-125
2017-02-27,204.494113,8.378942533822094e-125
2017-02-28,204.494113,2.277632723139122e-124
2017-03-01,204.494113,6.191247643212775e-124
2017-03-02,204.494113,1.6829555964035182e-123
2017-03-03,204.494113,4.574747615807131e-123
2017-03-04,204.494113,1.2435453313834838e-122
2017-03-05,204.494113,3.380306677164779e-122
2017-03-06,204.494113,9.188626215155744e-122
2017-03-07,204.494113,2.49772756691602e-121
2017-03-08,204.494113,6.789527457589052e-121
2017-03-09,204.494113,1.8455849111788114e-120
2017-03-10,204.494113,5.0168199269355494e-120
2017-03-11,204.494113,1.3637130444040142e-119
2017-03-12,204.494113,3.7069563878359956e-119
2017-03-13,204.494113,1.0076552187944786e-118
2017-03-14,204.494113,2.739090870600948e-118
2017-03-15,204.494113,7.445620940052617e-118
2017-03-16,204.494113,2.0239296102939122e-117
2017-03-17,204.494113,5.5016110817421475e-117
2017-03-18,204.494113,1.4954929430748612e-116
2017-03-19,204.494113,4.0651712917491334e-116
2017-03-20,204.494113,1.1050281251935003e-115
2017-03-21,204.494113,3.0037778726496434e-115
2017-03-22,204.494113,8.165114807950899e-115
2017-03-23,204.494113,2.219508320973489e-114
2017-03-24,204.494113,6.033249137015867e-114
2017-03-25,204.494113,1.6400071495716485e-113
2017-03-26,204.494113,4.458001633223527e-113
2017-03-27,204.494113,1.2118104830832245e-112
2017-03-28,204.494113,3.294042415701303e-112
2017-03-29,204.494113,8.954135640774146e-112
2017-03-30,204.494113,2.4339864201873774e-111
2017-03-31,204.494113,6.616261056711439e-111
2017-04-01,204.494113,1.798486220279995e-110
2017-04-02,204.494113,4.888792411321116e-110
2017-04-03,204.494113,1.3289115574802702e-109
2017-04-04,204.494113,3.6123561383278315e-109
2017-04-05,204.494113,9.819402048739034e-109
2017-04-06,204.494113,2.6691902155420745e-108
2017-04-07,204.494113,7.255611259608688e-108
2017-04-08,204.494113,1.9722796241357095e-107
2017-04-09,204.494113,5.361211862928097e-107
2017-04-10,204.494113,1.4573284785516485e-106
2017-04-11,204.494113,3.9614295213428064e-106
2017-04-12,204.494113,1.0768281882587367e-105
2017-04-13,204.494113,2.927122496516198e-105
2017-04-14,204.494113,7.956743891953624e-105
2017-04-15,204.494113,2.1628672335199955e-104
2017-04-16,204.494113,5.879282698246861e-104
2017-04-17,204.494113,1.598154732301805e-103
2017-04-18,204.494113,4.344234967881804e-103
2017-04-19,204.494113,1.1808854971749427e-102
2017-04-20,204.494113,3.209979588461468e-102
2017-04-21,204.494113,8.725629185039232e-102
2017-04-22,204.494113,2.371871925556403e-101
2017-04-23,204.494113,6.447416354672114e-101
2017-04-24,204.494113,1.7525894717414807e-100
2017-04-25,204.494113,4.764032113783485e-100
2017-04-26,204.494113,1.2949981925092939e-99
2017-04-27,204.494113,3.520170054585315e-99
2017-04-28,204.494113,9.568814292464928e-99
2017-04-29,204.494113,2.6010734011106594e-98
2017-04-30,204.494113,7.070450560727259e-98
2017-05-01,204.494113,1.921947727824293e-97
2017-05-02,204.494113,5.22439558379293e-97
2017-05-03,204.494113,1.4201379580105983e-96
2017-05-04,204.494113,3.860335205165137e-96
2017-05-05,204.494113,1.0493479039961076e-95
2017-05-06,204.494113,2.8524233391641985e-95
2017-05-07,204.494113,7.753690529922492e-95
2017-05-08,204.494113,2.107671607098321e-94
2017-05-09,204.494113,5.729245429934409e-94
2017-05-10,204.494113,1.557370374297268e-93
2017-05-11,204.494113,4.233371588632711e-93
2017-05-12,204.494113,1.1507497062495065e-92
2017-05-13,204.494113,3.128062015602607e-92
2017-05-14,204.494113,8.502954135305512e-92
2017-05-15,204.494113,2.311342571422155e-91
2017-05-16,204.494113,6.282880511240619e-91
2017-05-17,204.494113,1.7078639924084783e-90
2017-05-18,204.494113,4.642455656043462e-90
2017-05-19,204.494113,1.2619502849249814e-89
2017-05-20,204.494113,3.430336527930291e-89
2017-05-21,204.494113,9.324621449372195e-89
2017-05-22,204.494113,2.5346949043087855e-88
2017-05-23,204.494113,6.890015099070302e-88
2017-05-24,204.494113,1.8729002841611211e-87
2017-05-25,204.494113,5.091070808950937e-87
2017-05-26,204.494113,1.3838965267369627e-86
2017-05-27,204.494113,3.7618207810966686e-86
2017-05-28,204.494113,1.0225689071174656e-85
2017-05-29,204.494113,2.779630478564629e-85
2017-05-30,204.494113,7.555819019713141e-85
2017-05-31,204.494113,2.0538845540411408e-84
2017-06-01,204.494113,5.583037061002723e-84
2017-06-02,204.494113,1.5176268190537025e-83
2017-06-03,204.494113,4.1253374046157684e-83
2017-06-04,204.494113,1.1213829703229403e-82
2017-06-05,204.494113,3.048234950972275e-82
2017-06-06,204.494113,8.285961676101678e-82
2017-06-07,204.494113,2.2523579055455226e-81
2017-06-08,204.494113,6.122543565830447e-81
2017-06-09,204.494113,1.6642798918945696e-80
2017-06-10,204.494113,4.5239817876067775e-80
2017-06-11,204.494113,1.2297457485531129e-79
2017-06-12,204.494113,3.3427955219166846e-79
2017-06-13,204.494113,9.086660323480407e-79
2017-06-14,204.494113,2.470010363869662e-78
2017-06-15,204.494113,6.714184288212424e-78
2017-06-16,204.494113,1.825104514357304e-77
2017-06-17,204.494113,4.961148436416016e-77
2017-06-18,204.494113,1.3485799642997619e-76
2017-06-19,204.494113,3.6658204111799854e-76
2017-06-20,204.494113,9.964733010104785e-76
2017-06-21,204.494113,2.7086952666813775e-75
2017-06-22,204.494113,7.362997122253018e-75
2017-06-23,204.494113,2.0014701280416656e-74
2017-06-24,204.494113,5.440559879259248e-74
2017-06-25,204.494113,1.4788975056433696e-73
2017-06-26,204.494113,4.020060215743754e-73
2017-06-27,204.494113,1.0927656633767379e-72
2017-06-28,204.494113,2.9704450455209734e-72
2017-06-29,204.494113,8.074506789675846e-72
2017-06-30,204.494113,2.1948785080144985e-71
2017-07-01,204.494113,5.966298364011118e-71
2017-07-02,204.494113,1.6218080426056343e-70
2017-07-03,204.494113,4.40853133146362e-70
2017-07-04,204.494113,1.1983630608509902e-69
2017-07-05,204.494113,3.257488532207796e-69
2017-07-06,204.494113,8.854771883514154e-69
2017-07-07,204.494113,2.4069765506106564e-68
2017-07-08,204.494113,6.542840619051976e-68
2017-07-09,204.494113,1.7785284761272696e-67
2017-07-10,204.494113,4.8345416380537153e-67
2017-07-11,204.494113,1.314164668365002e-66
2017-07-12,204.494113,3.572269937619488e-66
2017-07-13,204.494113,9.71043645778159e-66
2017-07-14,204.494113,2.639570296959381e-65
2017-07-15,204.494113,7.175095973164917e-65
2017-07-16,204.494113,1.950393300130385e-64
2017-07-17,204.494113,5.301718666092699e-64
2017-07-18,204.494113,1.4411565509641886e-63
2017-07-19,204.494113,3.9174696644506544e-63
2017-07-20,204.494113,1.0648786602415744e-62
2017-07-21,204.494113,2.894640311648482e-62
2017-07-22,204.494113,7.868448159079084e-62
2017-07-23,204.494113,2.1388659648996676e-61
2017-07-24,204.494113,5.81404048589627e-61
2017-07-25,204.494113,1.580420060273699e-60
2017-07-26,204.494113,4.2960271311741365e-60
2017-07-27,204.494113,1.1677812485237663e-59
2017-07-28,204.494113,3.174358547477372e-59
2017-07-29,204.494113,8.628801156621378e-59
2017-07-30,204.494113,2.3455513385430234e-58
2017-07-31,204.494113,6.375869581279287e-58
2017-08-01,204.494113,1.7331410423416266e-57
2017-08-02,204.494113,4.711165801553802e-57
2017-08-03,204.494113,1.2806276389221368e-56
2017-08-04,204.494113,3.481106839904454e-56
2017-08-05,204.494113,9.462629465836756e-56
2017-08-06,204.494113,2.572209372642523e-55
2017-08-07,204.494113,6.991989996646203e-55
2017-08-08,204.494113,1.9006199352650774e-54
2017-08-09,204.494113,5.166420632838056e-54
2017-08-10,204.494113,1.4043787324419566e-53
2017-08-11,204.494113,3.8174971886713097e-53
2017-08-12,204.494113,1.0377033238158674e-52
2017-08-13,204.494113,2.8207700884602195e-52
2017-08-14,204.494113,7.667648073722226e-52
2017-08-15,204.494113,2.084282842581816e-51
2017-08-16,204.494113,5.665668176359122e-51
2017-08-17,204.494113,1.5400882849875663e-50
2017-08-18,204.494113,4.186393999304348e-50
2017-08-19,204.494113,1.137979873507898e-49
2017-08-20,204.494113,3.0933500113086342e-49
2017-08-21,204.494113,8.408597124803835e-49
2017-08-22,204.494113,2.285693676718724e-48
2017-08-23,204.494113,6.213159586848249e-48
2017-08-24,204.494113,1.6889118802245746e-47
2017-08-25,204.494113,4.590938473883064e-47
2017-08-26,204.494113,1.2479464629129826e-46
2017-08-27,204.494113,3.392270193026103e-46
2017-08-28,204.494113,9.22114642292612e-46
2017-08-29,204.494113,2.5065674759000198e-45
2017-08-30,204.494113,6.813556821545486e-45
2017-08-31,204.494113,1.852116769518025e-44
2017-09-01,204.494113,5.034575358765117e-44
2017-09-02,204.494113,1.3685394711738906e-43
2017-09-03,204.494113,3.720075976020939e-43
2017-09-04,204.494113,1.0112214926104743e-42
2017-09-05,204.494113,2.7487850079102794e-42
2017-09-06,204.494113,7.471972337343158e-42
2017-09-07,204.494113,2.031092662734857e-41
2017-09-08,204.494113,5.521082277028658e-41
2017-09-09,204.494113,1.5007857627074306e-40
2017-09-10,204.494113,4.079558667177654e-40
2017-09-11,204.494113,1.108939019312162e-39
2017-09-12,204.494113,3.014408785065441e-39
2017-09-13,204.494113,8.194012623990673e-39
2017-09-14,204.494113,2.2273635617957851e-38
2017-09-15,204.494113,6.054601895401293e-38
2017-09-16,204.494113,1.6458114310823018e-37
2017-09-17,204.494113,4.4737793061812e-37
2017-09-18,204.494113,1.216099299252849e-36
2017-09-19,204.494113,3.305700626760794e-36
2017-09-20,204.494113,8.985825944049554e-36
2017-09-21,204.494113,2.4426007377405756e-35
2017-09-22,204.494113,6.639677199580859e-35
2017-09-23,204.494113,1.8048513878454492e-34
2017-09-24,204.494113,4.906094730649364e-34
2017-09-25,204.494113,1.333614815502284e-33
2017-09-26,204.494113,3.625140919143619e-33
2017-09-27,204.494113,9.854154686111427e-33
2017-09-28,204.494113,2.6786369618081215e-32
2017-09-29,204.494113,7.281290178321757e-32
2017-09-30,204.494113,1.979259877946933e-31
2017-10-01,204.494113,5.380186160021214e-31
2017-10-02,204.494113,1.4624862272512522e-30
2017-10-03,204.494113,3.975449735908708e-30
2017-10-04,204.494113,1.0806392777072947e-29
2017-10-05,204.494113,2.937482111710845e-29
2017-10-06,204.494113,7.984904245687095e-29
2017-10-07,204.494113,2.170522011303668e-28
2017-10-08,204.494113,5.9000905415971345e-28
2017-10-09,204.494113,1.6038108905486566e-27
2017-10-10,204.494113,4.3596100000631336e-27
2017-10-11,204.494113,1.1850648642339968e-26
2017-10-12,204.494113,3.221340285992561e-26
2017-10-13,204.494113,8.756510762696647e-26
2017-10-14,204.494113,2.380266408694433e-25
2017-10-15,204.494113,6.4702349256455545e-25
2017-10-16,204.494113,1.758792202424339e-24
2017-10-17,204.494113,4.7808928838855416e-24
2017-10-18,204.494113,1.2995814250075215e-23
2017-10-19,204.494113,3.5326285722008565e-23
2017-10-20,204.494113,9.602680054508796e-23
2017-10-21,204.494113,2.610279069667736e-22
2017-10-22,204.494113,7.095474162284777e-22
2017-10-23,204.494113,1.928749847963936e-21
2017-10-24,204.494113,5.2428856633635096e-21
2017-10-25,204.494113,1.4251640827409475e-20
2017-10-26,204.494113,3.8739976286872196e-20
2017-10-27,204.494113,1.0530617357553894e-19
2017-10-28,204.494113,2.862518580549416e-19
2017-10-29,204.494113,7.781132241133854e-19
2017-10-30,204.494113,2.1151310375910956e-18
2017-10-31,204.494113,5.749522264293592e-18
2017-11-01,204.494113,1.5628821893349977e-17
2017-11-02,204.494113,4.248354255291616e-17
2017-11-03,204.494113,1.1548224173015872e-16
2017-11-04,204.494113,3.139132792048053e-16
2017-11-05,204.494113,8.533047625744123e-16
2017-11-06,204.494113,2.3195228302435846e-15
2017-11-07,204.494113,6.305116760147027e-15
2017-11-08,204.494113,1.7139084315420218e-14
2017-11-09,204.494113,4.6588861451034223e-14
2017-11-10,204.494113,1.2664165549094254e-13
2017-11-11,204.494113,3.4424771084699977e-13
2017-11-12,204.494113,9.357622968840231e-13
2017-11-13,204.494113,2.543665647376937e-12
2017-11-14,204.494113,6.914400106940238e-12
2017-11-15,204.494113,1.8795288165390908e-11
2017-11-16,204.494113,5.109089028063343e-11
2017-11-17,204.494113,1.388794386496406e-10
2017-11-18,204.494113,3.775134544279107e-10
2017-11-19,204.494113,1.0261879631701914e-09
2017-11-20,204.494113,2.789468092868931e-09
2017-11-21,204.494113,7.582560427911924e-09
2017-11-22,204.494113,2.061153622438564e-08
2017-11-23,204.494113,5.60279643753728e-08
2017-11-24,204.494113,1.5229979744712655e-07
2017-11-25,204.494113,4.139937718785171e-07
2017-11-26,204.494113,1.1253517471925912e-06
2017-11-27,204.494113,3.0590232050182566e-06
2017-11-28,204.494113,8.315287191035682e-06
2017-11-29,204.494113,2.2603294069810417e-05
2017-11-30,204.494113,6.144212353326707e-05
2017-12-01,204.494113,0.000167017007901188
2017-12-02,204.494113,0.00045399929753363853
2017-12-03,204.494113,0.0012340980352735698
2017-12-04,204.494113,0.003354625988893112
2017-12-05,204.494113,0.009118807052809324
2017-12-06,204.494113,0.024787068877012278
2017-12-07,204.494113,0.06736620515776776
2017-12-08,204.494113,0.18284559401985528
2017-12-09,204.494113,0.4921836964456428
2017-12-10,204.494113,1.2746119616788247
2017-12-11,204.494113,2.888063851108316
2017-12-12,204.494113,4.55218336631521
2017-12-13,204.3949289239678,2.875988148281567
2017-12-14,204.29574484793557,1.2658196189268143
2017-12-15,204.19656077190336,0.4881862835142066
2017-12-16,204.09737669587116,0.18129173922889086
2017-12-17,203.99819261983893,0.06678825618295658
2017-12-18,203.89900854380673,0.02457409882808752
2017-12-19,203.79982446777453,0.009040444424985134
2017-12-20,203.7006403917423,0.0033257974639827525
2017-12-21,203.6014563157101,0.0012234925990685062
2017-12-22,203.5022722396779,0.0004500977752564313
2017-12-23,203.40308816364566,0.0001655817180597973
2017-12-24,203.30390408761346,6.0914109908395556e-05
2017-12-25,203.20472001158126,2.2409048712560402e-05
2017-12-26,203.10553593554903,8.243828317560388e-06
2017-12-27,203.00635185951683,3.0327349545774246e-06
2017-12-28,202.90716778348462,1.1156808403110414e-06
2017-12-29,202.8079837074524,4.104360440593107e-07
2017-12-30,202.7087996314202,1.5099098252515653e-07
2017-12-31,202.609615555388,5.554647827328154e-08
2018-01-01,202.51043147935576,2.043440738621645e-08
2018-01-02,202.41124740332356,7.51739836991089e-09
2018-01-03,202.31206332729136,2.7654963113859257e-09
2018-01-04,202.21287925125912,1.0173692375943382e-09
2018-01-05,202.11369517522692,3.74269226591221e-10
2018-01-06,202.01451109919472,1.3768595392604612e-10
2018-01-07,201.9153270231625,5.065183178747071e-11
2018-01-08,201.8161429471303,1.8633767572284588e-11
2018-01-09,201.7169588710981,6.8549800014105844e-12
2018-01-10,201.61777479506586,2.5218062121603325e-12
2018-01-11,201.51859071903365,9.277206600722122e-13
2018-01-12,201.41940664300145,3.4128935799056616e-13
2018-01-13,201.32022256696922,1.255533382953294e-13
2018-01-14,201.22103849093702,4.618849192929467e-14
2018-01-15,201.12185441490482,1.699179659950054e-14
2018-01-16,201.0226703388726,6.25093263752305e-15
2018-01-17,200.92348626284038,2.2995896054923025e-15
2018-01-18,200.82430218680818,8.459717389921631e-16
2018-01-19,200.72511811077595,3.1121561058726933e-16
2018-01-20,200.62593403474375,1.144898249066735e-16
2018-01-21,200.52674995871155,4.2118452806483206e-17
2018-01-22,200.42756588267932,1.5494512881454755e-17
2018-01-23,200.32838180664712,5.700112740053272e-18
2018-01-24,200.2291977306149,2.0969542894250094e-18
2018-01-25,200.13001365458268,7.714263721557285e-19
2018-01-26,200.03082957855048,2.8379190269356143e-19
2018-01-27,199.93164550251828,1.0440120657188728e-19
2018-01-28,199.83246142648605,3.840705753129005e-20
2018-01-29,199.73327735045385,1.4129166861650365e-20
2018-01-30,199.63409327442164,5.1978300092819725e-21
2018-01-31,199.5349091983894,1.912174799118797e-21
2018-02-01,199.4357251223572,7.034497965219343e-22
2018-02-02,199.336541046325,2.587847180366527e-22
2018-02-03,199.23735697029278,9.520157745503256e-23
2018-02-04,199.13817289426058,3.5022703112796963e-23
2018-02-05,199.03898881822838,1.2884132449449017e-23
2018-02-06,198.93980474219615,4.739807445482123e-24
2018-02-07,198.84062066616394,1.7436777143041946e-24
2018-02-08,198.74143659013174,6.414631831213216e-25
2018-02-09,198.6422525140995,2.35981117338725e-25
2018-02-10,198.5430684380673,8.681260157358228e-26
2018-02-11,198.4438843620351,3.1936571353528344e-26
2018-02-12,198.34470028600288,1.1748808022467837e-26
2018-02-13,198.24551620997067,4.3221449297360016e-27
2018-02-14,198.14633213393847,1.5900282614132551e-27
2018-02-15,198.04714805790624,5.849387082555049e-28
2018-02-16,197.94796398187404,2.151869251125793e-28
2018-02-17,197.84877990584184,7.916284575781626e-29
2018-02-18,197.7495958298096,2.9122383458926364e-29
2018-02-19,197.6504117537774,1.0713526152450227e-29
2018-02-20,197.5512276777452,3.941286013939002e-30
2018-02-21,197.45204360171297,1.449918096304694e-30
2018-02-22,197.35285952568077,5.333950590129295e-31
2018-02-23,197.25367544964857,1.962250762332841e-31
2018-02-24,197.15449137361634,7.218717138852381e-32
2018-02-25,197.05530729758414,2.6556176270157116e-32
2018-02-26,196.95612322155193,9.769471285915661e-33
2018-02-27,196.8569391455197,3.593987637203082e-33
2018-02-28,196.7577550694875,1.3221541635513345e-33
2018-03-01,196.6585709934553,4.863933348297577e-34
2018-03-02,196.55938691742307,1.7893410820668445e-34
2018-03-03,196.46020284139087,6.582617973358505e-35
2018-03-04,196.36101876535866,2.421609821484202e-35
2018-03-05,196.26183468932643,8.908604678628794e-36
2018-03-06,196.16265061329423,3.2772925107912374e-36
2018-03-07,196.06346653726203,1.2056485374252267e-36
2018-03-08,195.9642824612298,4.435333101971567e-37
2018-03-09,195.8650983851976,1.6316678629624914e-37
2018-03-10,195.7659143091654,6.002570616040393e-38
2018-03-11,195.66673023313317,2.2082223238210471e-38
2018-03-12,195.56754615710096,8.123595944695855e-39
2018-03-13,195.46836208106876,2.9885039364372896e-39
2018-03-14,195.36917800503653,1.0994091580751998e-39
2018-03-15,195.26999392900433,4.044500266914678e-40
2018-03-16,195.17080985297213,1.4878884980103132e-40
2018-03-17,195.0716257769399,5.473635891734472e-41
2018-03-18,194.9724417009077,2.013638113027215e-41
2018-03-19,194.8732576248755,7.407760637419652e-42
2018-03-20,194.77407354884326,2.725162843625731e-42
2018-03-21,194.67488947281106,1.002531384014206e-42
2018-03-22,194.57570539677886,3.688106853079756e-43
2018-03-23,194.47652132074663,1.356778688091538e-43
2018-03-24,194.37733724471443,4.991309855684336e-44
2018-03-25,194.27815316868222,1.836200280422654e-44
2018-03-26,194.17896909265,6.755003330407266e-45
2018-03-27,194.0797850166178,2.4850268503014375e-45
2018-03-28,193.9806009405856,9.141902889849157e-46
2018-03-29,193.88141686455336,3.3631181263612745e-46
2018-03-30,193.78223278852116,1.2372220169193246e-46
2018-03-31,193.68304871248895,4.551485441892818e-47
2018-04-01,193.58386463645672,1.6743979208634737e-47
2018-04-02,193.48468056042452,6.159765714258742e-48
2018-04-03,193.38549648439232,2.266051168708499e-48
2018-04-04,193.2863124083601,8.336336376103693e-49
2018-04-05,193.1871283323279,3.066766767458169e-49
2018-04-06,193.08794425629569,1.1282004446156527e-49
2018-04-07,192.98876018026345,4.150417490945754e-50
2018-04-08,192.88957610423125,1.5268532671972923e-50
2018-04-09,192.79039202819905,5.616979266873254e-51
2018-04-10,192.69120795216682,2.066371193768896e-51
2018-04-11,192.59202387613462,7.601754800164604e-52
2018-04-12,192.49283980010242,2.796529307806857e-52
2018-04-13,192.3936557240702,1.0287856389755372e-52
2018-04-14,192.29447164803798,3.7846908595152188e-53
2018-04-15,192.19528757200578,1.3923099584051115e-53
2018-04-16,192.09610349597355,5.122022094355012e-54
2018-04-17,191.99691941994135,1.884286625739085e-54
2018-04-18,191.89773534390915,6.931903108837099e-55
2018-04-19,191.79855126787692,2.550104641933551e-55
2018-04-20,191.69936719184471,9.381310706032055e-56
2018-04-21,191.6001831158125,3.4511913399907085e-56
2018-04-22,191.50099903978028,1.2696223415314906e-56
2018-04-23,191.40181496374808,4.6706795750137784e-57
2018-04-24,191.30263088771588,1.718246991946923e-57
2018-04-25,191.20344681168365,6.321077431919395e-58
2018-04-26,191.10426273565145,2.3253944332559006e-58
2018-04-27,191.00507865961924,8.554648046093542e-59
2018-04-28,190.905894583587,3.147079142615237e-59
2018-04-29,190.8067105075548,1.1577457163075833e-59
2018-04-30,190.7075264315226,4.2591084713386086e-60
2018-05-01,190.60834235549038,1.5668384443245896e-60
2018-05-02,190.50915827945818,5.7640765130405585e-61
2018-05-03,190.40997420342597,2.1204852464867785e-61
2018-05-04,190.31079012739374,7.800829274898364e-62
2018-05-05,190.21160605136154,2.86976471432341e-62
2018-05-06,190.11242197532934,1.0557274393988084e-62
2018-05-07,190.0132378992971,3.8838042043538774e-63
2018-05-08,189.9140538232649,1.428771720316988e-63
2018-05-09,189.8148697472327,5.2561574203176826e-64
2018-05-10,189.71568567120048,1.9336322544955778e-64
2018-05-11,189.61650159516827,7.113435532149013e-65
2018-05-12,189.51731751913607,2.6168866883760343e-65
2018-05-13,189.41813344310384,9.626988125287513e-66
2018-05-14,189.31894936707164,3.541571011694841e-66
2018-05-15,189.21976529103944,1.3028711646512618e-66
2018-05-16,189.1205812150072,4.7929951597028735e-67
2018-05-17,189.021397138975,1.7632443808889017e-67
2018-05-18,188.9222130629428,6.486613574900878e-68
2018-05-19,188.82302898691057,2.3862917770296027e-68
2018-05-20,188.72384491087837,8.778676854056477e-69
2018-05-21,188.62466083484617,3.2294947352949394e-69
2018-05-22,188.52547675881394,1.1880647184864045e-69
2018-05-23,188.42629268278174,4.370645847122803e-70
2018-05-24,188.32710860674953,1.6078707517978033e-70
2018-05-25,188.2279245307173,5.915025936472764e-71
2018-05-26,188.1287404546851,2.176016436024164e-71
2018-05-27,188.0295563786529,8.005117104644334e-72
2018-05-28,187.9303723026207,2.944918006968483e-72
2018-05-29,187.83118822658847,1.08337479069927e-72
2018-05-30,187.73200415055626,3.985513125816715e-73
2018-05-31,187.63282007452403,1.4661883415068834e-73
2018-06-01,187.53363599849183,5.393805477256301e-74
2018-06-02,187.43445192245963,1.984270144760489e-74
2018-06-03,187.33526784642743,7.299721919876561e-75
2018-06-04,187.2360837703952,2.6854176205910804e-75
2018-06-05,187.136899694363,9.879099335749792e-76
2018-06-06,187.03771561833076,3.634317542912788e-76
2018-06-07,186.93853154229856,1.3369907067263959e-76
2018-06-08,186.83934746626636,4.918513940421499e-77
2018-06-09,186.74016339023416,1.8094201598026435e-77
2018-06-10,186.64097931420193,6.656484772500821e-78
2018-06-11,186.54179523816973,2.4487838987509034e-78
2018-06-12,186.4426111621375,9.008572535190362e-79
2018-06-13,186.3434270861053,3.314068665252662e-79
2018-06-14,186.2442430100731,1.2191778244085207e-79
2018-06-15,186.1450589340409,4.4851071722931204e-80
2018-06-16,186.04587485800866,1.64998580118787e-80
2018-06-17,185.94669078197646,6.070151027731647e-81
2018-06-18,185.84750670594423,2.2336069907145948e-81
2018-06-19,185.74832262991202,8.231203585877143e-82
2018-06-20,185.64913855387982,3.066751802031921e-82
2018-06-21,185.54995447784762,1.2332870491233713e-82
2018-06-22,185.4507704018154,7.393709233095348e-83
2018-06-23,185.3515863257832,1.048530858285462e-82
2018-06-24,185.25240224975096,2.4965644015434818e-82
2018-06-25,185.15321817371876,6.656269504896247e-82
2018-06-26,185.05403409768655,1.8045756744689806e-81
2018-06-27,184.95485002165435,4.903584604173856e-81
2018-06-28,184.85566594562212,1.332867721328874e-80
2018-06-29,184.75648186958992,3.6230862786884214e-80
2018-06-30,184.6572977935577,9.848560828488988e-80
2018-07-01,184.5581137175255,2.677116071179424e-79
2018-07-02,184.45892964149328,7.277155850330371e-79
2018-07-03,184.35974556546108,1.9781360467175093e-78
2018-07-04,184.26056148942885,5.377131268406507e-78
2018-07-05,184.16137741339665,1.461655821555769e-77
2018-07-06,184.06219333736442,3.9731924591747025e-77
2018-07-07,183.96300926133222,1.0800256862737097e-76
2018-07-08,183.86382518530002,2.935814197266544e-76
2018-07-09,183.7646411092678,7.980370384161611e-76
2018-07-10,183.66545703323558,2.1692895799639193e-75
2018-07-11,183.56627295720338,5.89674044588147e-75
2018-07-12,183.46708888117115,1.6029002401179109e-74
2018-07-13,183.36790480513895,4.357134595545155e-74
2018-07-14,183.26872072910675,1.184391979522066e-73
2018-07-15,183.16953665307454,3.2195111957074655e-73
2018-07-16,183.0703525770423,8.751538779812066e-73
2018-07-17,182.9711685010101,2.378914883621777e-72
2018-07-18,182.87198442497788,6.466561099599841e-72
2018-07-19,182.77280034894568,1.7577935529662398e-71
2018-07-20,182.67361627291348,4.778178273210592e-71
2018-07-21,182.57443219688128,1.2988435173206166e-70
2018-07-22,182.47524812084905,3.5306227311444594e-70
2018-07-23,182.37606404481684,9.597227613214443e-70
2018-07-24,182.2768799687846,2.6087969424586183e-69
2018-07-25,182.1776958927524,7.091445322824787e-69
2018-07-26,182.0785118167202,1.9276546958545483e-68
2018-07-27,181.979327740688,5.2399087312851715e-68
2018-07-28,181.88014366465578,1.4243548687036348e-67
2018-07-29,181.78095958862357,3.8717979568742665e-67
2018-07-30,181.68177551259134,1.0524638029636168e-66
2018-07-31,181.58259143655914,2.860893230706897e-66
2018-08-01,181.48340736052694,7.776714082192068e-66
2018-08-02,181.38422328449474,2.113930057474422e-65
2018-08-03,181.2850392084625,5.746257661866109e-65
2018-08-04,181.1858551324303,1.56199477838942e-64
2018-08-05,181.08667105639807,4.2459420222438787e-64
2018-08-06,180.98748698036587,1.1541667043756171e-63
2018-08-07,180.88830290433367,3.137350379516705e-63
2018-08-08,180.78911882830147,8.528202526149343e-63
2018-08-09,180.68993475226924,2.3182057956250294e-62
2018-08-10,180.59075067623704,6.301536688875962e-62
2018-08-11,180.4915666002048,1.712935267273951e-61
2018-08-12,180.3923825241726,4.6562408103574185e-61
2018-08-13,180.2931984481404,1.2656974783723987e-60
2018-08-14,180.1940143721082,3.440522455786127e-60
2018-08-15,180.09483029607597,9.352309671968717e-60
2018-08-16,179.99564622004377,2.5422213435434355e-59
2018-08-17,179.89646214401154,6.910474082074862e-59
2018-08-18,179.79727806797933,1.878461612334129e-58
2018-08-19,179.69809399194713,5.10618806626574e-58
2018-08-20,179.59890991591493,1.3880058233224605e-57
2018-08-21,179.4997258398827,3.772991007332777e-57
2018-08-22,179.4005417638505,1.0256052894172077e-56
2018-08-23,179.30135768781827,2.7878842213942788e-56
2018-08-24,179.20217361178607,7.578255018863749e-56
2018-08-25,179.10298953575386,2.0599832909205918e-55
2018-08-26,179.00380545972166,5.599615146638701e-55
2018-08-27,178.90462138368943,1.5221332099472026e-54
2018-08-28,178.80543730765723,4.137587045093515e-54
2018-08-29,178.706253231625,1.124712767834527e-53
2018-08-30,178.6070691555928,3.057286279040473e-53
2018-08-31,178.5078850795606,8.310565736712876e-53
2018-09-01,178.4087010035284,2.259045982632098e-52
2018-09-02,178.30951692749616,6.1407236442422345e-52
2018-09-03,178.21033285146396,1.6692217495732477e-51
2018-09-04,178.11114877543173,4.537415149533575e-51
2018-09-05,178.01196469939953,1.23339731491519e-50
2018-09-06,177.91278062336733,3.3527215084041415e-50
2018-09-07,177.81359654733512,9.11364195217877e-50
2018-09-08,177.7144124713029,2.4773447309689584e-49
2018-09-09,177.6152283952707,6.7341211650216784e-49
2018-09-10,177.51604431923846,1.83052391935199e-48
2018-09-11,177.41686024320626,4.9758799065341393e-48
2018-09-12,177.31767616717406,1.3525843930526246e-47
2018-09-13,177.21849209114185,3.6767055770922557e-47
2018-09-14,177.11930801510962,9.994321958803913e-47
2018-09-15,177.02012393907742,2.7167383768385876e-46
2018-09-16,176.9209398630452,7.384860562437654e-46
2018-09-17,176.821755787013,2.0074132272578105e-45
2018-09-18,176.7225717109808,5.4567148978632414e-45
2018-09-19,176.62338763494859,1.4832888949943386e-44
2018-09-20,176.52420355891635,4.031997249618211e-44
2018-09-21,176.42501948288415,1.096010485603403e-43
2018-09-22,176.32583540685195,2.9792653868163068e-43
2018-09-23,176.22665133081972,8.098482963139765e-43
2018-09-24,176.12746725478752,2.201395907678801e-42
2018-09-25,176.02828317875532,5.984014493087391e-42
2018-09-26,175.9290991027231,1.6266237857795005e-41
2018-09-27,175.82991502669088,4.421621878623675e-41
2018-09-28,175.73073095065868,1.201921440497969e-40
2018-09-29,175.63154687462645,3.26716121094095e-40
2018-09-30,175.53236279859425,8.881064950347027e-40
2018-10-01,175.43317872256205,2.4141237471892875e-39
2018-10-02,175.33399464652982,6.562268713636096e-39
2018-10-03,175.23481057049761,1.7838095797742328e-38
2018-10-04,175.1356264944654,4.848897166131459e-38
2018-10-05,175.03644241843318,1.318066905476169e-37
2018-10-06,174.93725834240098,3.5828773178491198e-37
2018-10-07,174.83807426636878,9.739270306707345e-37
2018-10-08,174.73889019033655,2.647408149717329e-36
2018-10-09,174.63970611430435,7.19640146589101e-36
2018-10-10,174.54052203827214,1.956184733502755e-35
2018-10-11,174.4413379622399,5.317461414189542e-35
2018-10-12,174.3421538862077,1.4454358735723568e-34
2018-10-13,174.2429698101755,3.929102069334564e-34
2018-10-14,174.14378573414328,1.0680406757232975e-33
2018-10-15,174.04460165811108,2.9032355608737607e-33
2018-10-16,173.94541758207887,7.891812468859248e-33
2018-10-17,173.84623350604664,2.1452170427706608e-32
2018-10-18,173.74704943001444,5.831304505464135e-32
2018-10-19,173.64786535398224,1.585112907341451e-31
2018-10-20,173.54868127795,4.308783612082156e-31
2018-10-21,173.4494972019178,1.1712488195485052e-30
2018-10-22,173.3503131258856,3.1837843827828064e-30
2018-10-23,173.25112904985338,8.654423233450195e-30
2018-10-24,173.15194497382117,2.352516141128149e-29
2018-10-25,173.05276089778897,6.394801877585234e-29
2018-10-26,172.95357682175674,1.738287374043572e-28
2018-10-27,172.85439274572454,4.725154981502437e-28
2018-10-28,172.75520866969234,1.2844302922870805e-27
2018-10-29,172.6560245936601,3.4914435234463095e-27
2018-10-30,172.5568405176279,9.490727484875142e-27
2018-10-31,172.4576564415957,2.5798472060992876e-26
2018-11-01,172.35847236556347,7.012751780540538e-26
2018-11-02,172.25928828953127,1.9062635732537148e-25
2018-11-03,172.16010421349904,5.181761631428985e-25
2018-11-04,172.06092013746684,1.4085488482119705e-24
2018-11-05,171.96173606143464,3.828832738591514e-24
2018-11-06,171.86255198540243,1.040784645752239e-23
2018-11-07,171.7633679093702,2.8291459898874967e-23
2018-11-08,171.664183833338,7.690416134368965e-23
2018-11-09,171.56499975730577,2.090471843134341e-22
2018-11-10,171.46581568127357,5.682491624097367e-22
2018-11-11,171.36663160524137,1.5446613722154601e-21
2018-11-12,171.26744752920916,4.198824939215895e-21
2018-11-13,171.16826345317693,1.1413589533151222e-20
2018-11-14,171.06907937714473,3.1025353025455336e-20
2018-11-15,170.9698953011125,8.433565335062213e-20
2018-11-16,170.8707112250803,2.2924807399421717e-19
2018-11-17,170.7715271490481,6.231608737477154e-19
2018-11-18,170.6723430730159,1.693926879315078e-18
2018-11-19,170.57315899698366,4.604570654780509e-18
2018-11-20,170.47397492095146,1.251652073874564e-17
2018-11-21,170.37479084491923,3.402343087966305e-17
2018-11-22,170.27560676888703,9.248527390202037e-17
2018-11-23,170.17642269285483,2.514010394479194e-16
2018-11-24,170.07723861682263,6.833788771869946e-16
2018-11-25,169.9780545407904,1.857616383810156e-15
2018-11-26,169.8788704647582,5.049524860358947e-15
2018-11-27,169.77968638872596,1.3726031670265941e-14
2018-11-28,169.68050231269376,3.731122246613727e-14
2018-11-29,169.58131823666156,1.0142241802729387e-13
2018-11-30,169.48213416062936,2.756947159219708e-13
2018-12-01,169.38295008459713,7.494159364928773e-13
2018-12-02,169.28376600856492,2.0371237221262508e-12
2018-12-03,169.1845819325327,5.537476396178961e-12
2018-12-04,169.0853978565005,1.505242146325649e-11
2018-12-05,168.9862137804683,4.0916723737894396e-11
2018-12-06,168.8870297044361,1.112231866169253e-10
2018-12-07,168.78784562840386,3.0233596708504396e-10
2018-12-08,168.68866155237166,8.218343654238628e-10
2018-12-09,168.58947747633945,2.2339774215865496e-09
2018-12-10,168.49029340030722,6.072580230668482e-09
2018-12-11,168.39110932427502,1.65069844957081e-08
2018-12-12,168.29192524824282,4.487063601819301e-08
2018-12-13,168.1927411722106,1.2197103467374895e-07
2018-12-14,168.0935570961784,3.3155164829061544e-07
2018-12-15,167.99437302014618,9.012508291573208e-07
2018-12-16,167.89518894411395,2.4498538139482874e-06
2018-12-17,167.79600486808175,6.659393564186578e-06
2018-12-18,167.69682079204955,1.8102111908239884e-05
2018-12-19,167.59763671601732,4.920666693634828e-05
2018-12-20,167.49845263998512,0.0001337577738826145
2018-12-21,167.39926856395292,0.00036359269537499005
2018-12-22,167.30008448792069,0.000988357533172802
2018-12-23,167.20090041188848,0.0026867090722017387
2018-12-24,167.10171633585628,0.007303785547253098
2018-12-25,167.00253225982405,0.019857880402837102
2018-12-26,166.90334818379185,0.054011672676898013
2018-12-27,166.80416410775965,0.14711159238837182
2018-12-28,166.70498003172742,0.4032193377301484
2018-12-29,166.6057959556952,1.1383166909213092
2018-12-30,166.506611879663,3.5620392555192413
2018-12-31,166.40742780363078,13.295207084437392
2019-01-01,166.30824372759858,50.16764884840097
2019-01-02,104.80286738351255,123.4191513582307
2019-01-03,105.0310293798197,82.60598313856354
2019-01-04,105.25919137612686,36.729561530748086
2019-01-05,105.48735337243401,14.17760218124306
2019-01-06,105.71551536874118,5.263732849964701
2019-01-07,105.94367736504833,1.9389657756333043
2019-01-08,106.17183936135548,0.7134086107949295
2019-01-09,106.40000135766265,0.26245163897128787
2019-01-10,106.6281633539698,0.0965506715880525
2019-01-11,106.85632535027696,0.03551907992995648
2019-01-12,107.08448734658411,0.013066932562455502
2019-01-13,107.31264934289126,0.004807581167727391
2019-01-14,107.54081133919843,0.0017700382269295004
2019-01-15,107.76897333550558,0.0006550422440169788
2019-01-16,107.99713533181274,0.0002515277663608633
2019-01-17,108.2252973281199,0.00012121299505040433
2019-01-18,108.45345932442704,0.0001225550612066946
2019-01-19,108.68162132073421,0.00025701158072297684
2019-01-20,108.90978331704136,0.0006706233940359092
2019-01-21,109.13794531334852,0.0018126350268457242
2019-01-22,109.36610730965567,0.004923421257259767
2019-01-23,109.59426930596283,0.013381546399812693
2019-01-24,109.82243130226999,0.036372046328146036
2019-01-25,110.05059329857714,0.0988526997425612
2019-01-26,110.2787552948843,0.26858819237385795
2019-01-27,110.50691729119146,0.7292212708500987
2019-01-28,110.7350792874986,1.9759423567419616
2019-01-29,110.96324128380577,5.324954084001655
2019-01-30,111.19140328011292,14.090460774433714
2019-01-31,111.41956527642009,34.631410089190375
2019-02-01,111.64772727272724,63.55772563399211
2019-02-02,113.90118481324873,32.80121434552798
2019-02-03,116.15464235377023,12.881245779151289
2019-02-04,118.40809989429172,4.7826195771724755
2019-02-05,120.66155743481322,1.7650563207795926
2019-02-06,122.91501497533471,0.6605999524294209
2019-02-07,125.16847251585622,0.27352274506329877
2019-02-08,127.42193005637772,0.18348502276165507
2019-02-09,129.6753875968992,0.29261913828133235
2019-02-10,131.9288451374207,0.7188146156913676
2019-02-11,134.1823026779422,1.9156243038087055
2019-02-12,136.4357602184637,4.99208026130333
2019-02-13,138.6892177589852,10.389430181535012
2019-02-14,136.84014046315147,4.946472446603247
2019-02-15,134.99106316731775,1.8843132842556651
2019-02-16,133.14198587148402,0.6955384794083785
2019-02-17,131.2929085756503,0.25651367890841775
2019-02-18,129.44383127981658,0.09598271603241255
2019-02-19,127.59475398398287,0.03970189595086879
2019-02-20,125.74567668814915,0.026542688562549408
2019-02-21,123.89659939231542,0.042210647252807515
2019-02-22,122.0475220964817,0.10371306763506383
2019-02-23,120.19844480064799,0.2777733737670161
2019-02-24,118.34936750481427,0.7528790433429873
2019-02-25,116.50029020898054,2.040903757549524
2019-02-26,114.65121291314682,5.506057249512888
2019-02-27,112.8021356173131,14.442075876696942
2019-02-28,110.95305832147938,31.01161749745657
2019-03-01,111.65500240428183,14.040979916223675
2019-03-02,112.35694648708429,5.272079726773045
2019-03-03,113.05889056988673,1.9417120843726514
2019-03-04,113.76083465268918,0.7143420633614748
2019-03-05,114.46277873549164,0.26279194177091286
2019-03-06,115.1647228182941,0.0966757621877076
2019-03-07,115.86666690109655,0.03556504920377191
2019-03-08,116.568610983899,0.013083715207886745
2019-03-09,117.27055506670145,0.00481340592899553
2019-03-10,117.9724991495039,0.0017712317405080785
2019-03-11,118.67444323230636,0.0006529008634178924
2019-03-12,119.37638731510881,0.0002437256123837135
2019-03-13,120.07833139791127,9.927567713728576e-05
2019-03-14,120.78027548071373,6.265513184778355e-05
2019-03-15,121.48221956351617,9.40881528924989e-05
2019-03-16,122.18416364631862,0.0002277160285216239
2019-03-17,122.88610772912108,0.0006086798729561126
2019-03-18,123.58805181192353,0.0016507655772455
2019-03-19,124.28999589472599,0.004485829413114223
2019-03-20,124.99193997752843,0.01219308336145352
2019-03-21,125.69388406033089,0.0331429282990784
2019-03-22,126.39582814313334,0.09008348705618388
2019-03-23,127.0977722259358,0.2448114209254749
2019-03-24,127.79971630873825,0.6650203829530967
2019-03-25,128.5016603915407,1.8044803199041486
2019-03-26,129.20360447434317,4.882190878799902
2019-03-27,129.9055485571456,13.11441102314125
2019-03-28,130.60749263994808,34.66930815394302
2019-03-29,131.30943672275052,83.34139883198489
2019-03-30,114.11850768105343,47.84028875985566
2019-03-31,114.11850768105343,17.9214443157074
