2017-01-02,6.0,2.950045270798587e-31
2017-01-03,6.0,8.019054452743334e-31
2017-01-04,6.0,2.179805000031579e-30
2017-01-05,6.0,5.925324321170001e-30
2017-01-06,6.0,1.6106701429962837e-29
2017-01-07,6.0,4.3782553813483263e-29
2017-01-08,6.0,1.1901332043472164e-28
2017-01-09,6.0,3.2351174628227727e-28
2017-01-10,6.0,8.793961012121669e-28
2017-01-11,6.0,2.390446441942763e-27
2017-01-12,6.0,6.497907125037582e-27
2017-01-13,6.0,1.766314286100421e-26
2017-01-14,6.0,4.801340027254389e-26
2017-01-15,6.0,1.3051395348338672e-25
2017-01-16,6.0,3.5477370811423856e-25
2017-01-17,6.0,9.64374923981967e-25
2017-01-18,6.0,2.6214428316817502e-24
2017-01-19,6.0,7.125820413704729e-24
2017-01-20,6.0,1.936998814343607e-23
2017-01-21,6.0,5.2653086787769394e-23
2017-01-22,6.0,1.4312592902747052e-22
2017-01-23,6.0,3.890566120566919e-22
2017-01-24,6.0,1.0575655187955457e-21
2017-01-25,6.0,2.8747611321467916e-21
2017-01-26,6.0,7.814410946674972e-21
2017-01-27,6.0,2.124177127645802e-20
2017-01-28,6.0,5.774112086507922e-20
2017-01-29,6.0,1.569566396024023e-19
2017-01-30,6.0,4.266523812872058e-19
2017-01-31,6.0,1.1597614151217913e-18
2017-02-01,6.0,3.1525583800735117e-18
2017-02-02,6.0,8.569542157710112e-18
2017-02-03,6.0,2.3294430725517096e-17
2017-02-04,6.0,6.332082774547112e-17
2017-02-05,6.0,1.7212385542349936e-16
2017-02-06,6.0,4.678811484420105e-16
2017-02-07,6.0,1.2718328236884668e-15
2017-02-08,6.0,3.457200053470116e-15
2017-02-09,6.0,9.397644082695455e-15
2017-02-10,6.0,2.554544514031672e-14
2017-02-11,6.0,6.943971932482032e-14
2017-02-12,6.0,1.887567272139555e-13
2017-02-13,6.0,5.130939815850965e-13
2017-02-14,6.0,1.3947340464344666e-12
2017-02-15,6.0,3.791280213955967e-12
2017-02-16,6.0,1.030576811219282e-11
2017-02-17,6.0,2.8013982187686425e-11
2017-02-18,6.0,7.614989872356336e-11
2017-02-19,6.0,2.0699688593925884e-10
2017-02-20,6.0,5.626758735962972e-10
2017-02-21,6.0,1.5295116025091288e-09
2017-02-22,6.0,4.157643595517503e-09
2017-02-23,6.0,1.1301647034884914e-08
2017-02-24,6.0,3.0721061765576486e-08
2017-02-25,6.0,8.35085039017493e-08
2017-02-26,6.0,2.2699964677682683e-07
2017-02-27,6.0,6.170489467779088e-07
2017-02-28,6.0,1.6773108133350894e-06
2017-03-01,6.0,4.559346290637815e-06
2017-03-02,6.0,1.2392276558770662e-05
2017-03-03,6.0,3.3660480634613245e-05
2017-03-04,6.0,9.110006560639914e-05
2017-03-05,6.0,0.00024259573468550158
2017-03-06,6.0,0.0006103937589457708
2017-03-07,6.0,0.001312699680956309
2017-03-08,6.0,0.0019591874050801823
2017-03-09,6.0,0.0013126995957221496
2017-03-10,6.0,0.0006103936913228228
2017-03-11,6.0,0.00024259570186984007
2017-03-12,6.0,9.110005240317995e-05
2017-03-13,6.0,3.366047566084187e-05
2017-03-14,6.0,1.2392274719786356e-05
2017-03-15,6.0,4.559345613528339e-06
2017-03-16,6.0,1.6773105642099896e-06
2017-03-17,6.0,6.170488551285773e-07
2017-03-18,6.0,2.2699961306087235e-07
2017-03-19,6.0,8.350849149834118e-08
2017-03-20,6.0,3.072105720261756e-08
2017-03-21,6.0,1.1301645356266106e-08
2017-03-22,6.0,4.157642977988148e-09
2017-03-23,6.0,1.5295113753327721e-09
2017-03-24,6.0,5.626757900227851e-10
2017-03-25,6.0,2.0699685519428178e-10
2017-03-26,6.0,7.61498874131182e-11
2017-03-27,6.0,2.8013978026806126e-11
2017-03-28,6.0,1.0305766581490477e-11
2017-03-29,6.0,3.7912796508420305e-12
2017-03-30,6.0,1.3947338392764241e-12
2017-03-31,6.0,5.130939053759098e-13
2017-04-01,6.0,1.8875669917816227e-13
2017-04-02,6.0,6.943970901102823e-14
2017-04-03,6.0,2.5545441346084594e-14
2017-04-04,6.0,9.397642686875437e-15
2017-04-05,6.0,3.45719953997662e-15
2017-04-06,6.0,1.2718326347847642e-15
2017-04-07,6.0,4.67881078948221e-16
2017-04-08,6.0,1.7212382985816278e-16
2017-04-09,6.0,6.332081834050919e-17
2017-04-10,6.0,2.3294427265624898e-17
2017-04-11,6.0,8.569540884886878e-18
2017-04-12,6.0,3.152557911828007e-18
2017-04-13,6.0,1.159761242863894e-18
2017-04-14,6.0,4.266523179170661e-19
2017-04-15,6.0,1.5695661628983052e-19
2017-04-16,6.0,5.774111228886321e-20
2017-04-17,6.0,2.1241768121444453e-20
2017-04-18,6.0,7.814409786010324e-21
2017-04-19,6.0,2.8747607051621213e-21
2017-04-20,6.0,1.0575653617166598e-21
2017-04-21,6.0,3.8905655427059794e-22
2017-04-22,6.0,1.4312590776915409e-22
2017-04-23,6.0,5.265307896727162e-23
2017-04-24,6.0,1.9369985266435653e-23
2017-04-25,6.0,7.125819355315397e-24
2017-04-26,6.0,2.6214424423220687e-24
2017-04-27,6.0,9.643747807445407e-25
2017-04-28,6.0,3.5477365542013285e-25
2017-04-29,6.0,1.3051393409830793e-25
2017-04-30,6.0,4.801339314117183e-26
2017-05-01,6.0,1.7663140237519006e-26
2017-05-02,6.0,6.497906159911288e-27
2017-05-03,6.0,2.3904460868926297e-27
2017-05-04,6.0,8.793959705965189e-28
2017-05-05,6.0,3.235116982314642e-28
2017-05-06,6.0,1.1901330275781492e-28
2017-05-07,6.0,4.378254731051245e-29
2017-05-08,6.0,1.6106699037653496e-29
2017-05-09,6.0,5.9253234410885524e-30
2017-05-10,6.0,2.1798046762676946e-30
2017-05-11,6.0,8.01905326168253e-31
2017-05-12,6.0,2.950044832631787e-31
2017-05-13,6.0,1.0852608444592776e-31
2017-05-14,6.0,3.992451529849248e-32
2017-05-15,6.0,1.468740837705003e-32
2017-05-16,6.0,5.403195586005898e-33
2017-05-17,6.0,1.987724572719843e-33
2017-05-18,6.0,7.312430050149161e-34
2017-05-19,6.0,2.6900926804541204e-34
2017-05-20,6.0,9.896297919848435e-35
2017-05-21,6.0,3.6406445484199314e-35
2017-05-22,6.0,1.3393182819765752e-35
2017-05-23,6.0,4.927076611242363e-36
2017-05-24,6.0,1.812570190352715e-36
2017-05-25,6.0,6.668073087109686e-37
2017-05-26,6.0,2.453047000976234e-37
2017-05-27,6.0,9.024255598864151e-38
2017-05-28,6.0,3.319838106698387e-38
2017-05-29,6.0,1.221300187471855e-38
2017-05-30,6.0,4.4929123046972145e-39
2017-05-31,6.0,1.6528500678843e-39
2017-06-01,6.0,6.080495593134539e-40
2017-06-02,6.0,2.23688932084774e-40
2017-06-03,6.0,8.229055933158295e-41
2017-06-04,6.0,3.027300498058797e-41
2017-06-05,6.0,1.113681615483893e-41
2017-06-06,6.0,4.09700570347121e-42
2017-06-07,6.0,1.5072041686691906e-42
2017-06-08,6.0,5.544694273012868e-43
2017-06-09,6.0,2.039779030622457e-43
2017-06-10,6.0,7.503927698986113e-44
2017-06-11,6.0,2.7605407284938985e-44
2017-06-12,6.0,1.0155461805293356e-44
2017-06-13,6.0,3.735985613769221e-45
2017-06-14,6.0,1.3743922998179605e-45
2017-06-15,6.0,5.0561067120736136e-46
2017-06-16,6.0,1.8600377117408063e-46
2017-06-17,6.0,6.842696339530117e-47
2017-06-18,6.0,2.5172873054921953e-47
2017-06-19,6.0,9.260582472124291e-48
2017-06-20,6.0,3.406777904767115e-48
2017-06-21,6.0,1.2532835518009355e-48
2017-06-22,6.0,4.6105725266588535e-49
2017-06-23,6.0,1.6961348445876537e-49
2017-06-24,6.0,6.23973138778313e-50
2017-06-25,6.0,2.2954688959975495e-50
2017-06-26,6.0,8.444558146860007e-51
2017-06-27,6.0,3.106579332006588e-51
2017-06-28,6.0,1.1428466686133287e-51
2017-06-29,6.0,4.204297937941128e-52
2017-06-30,6.0,1.5466747759280187e-52
2017-07-01,6.0,5.6898985224236145e-53
2017-07-02,6.0,2.093196688751406e-53
2017-07-03,6.0,7.700440281197985e-54
2017-07-04,6.0,2.832833667421789e-54
2017-07-05,6.0,1.042141266504491e-54
2017-07-06,6.0,3.8338234674805105e-55
2017-07-07,6.0,1.4103848348939722e-55
2017-07-08,6.0,5.188515852434793e-56
2017-07-09,6.0,1.9087483217084431e-56
2017-07-10,6.0,7.021892914940334e-57
2017-07-11,6.0,2.583210736497281e-57
2017-07-12,6.0,9.503120113312738e-58
2017-07-13,6.0,3.496053869379621e-58
2017-07-14,6.0,1.2862659349085226e-58
2017-07-15,6.0,4.735702413801359e-59
2017-07-16,6.0,1.7524820248842362e-59
2017-07-17,6.0,6.727397371200181e-60
2017-07-18,6.0,3.2370129635697163e-60
2017-07-19,6.0,3.26254666626053e-60
2017-07-20,6.0,6.83173219820562e-60
2017-07-21,6.0,1.7821280648329218e-59
2017-07-22,6.0,4.816761391388331e-59
2017-07-23,6.0,1.3083174386321202e-58
2017-07-24,6.0,3.556002468349779e-58
2017-07-25,6.0,9.666079653899381e-58
2017-07-26,6.0,2.6275078188677767e-57
2017-07-27,6.0,7.142304900851068e-57
2017-07-28,6.0,1.9414796942030814e-56
2017-07-29,6.0,5.277488947938487e-56
2017-07-30,6.0,1.434570229782762e-55
2017-07-31,6.0,3.899566186926621e-55
2017-08-01,6.0,1.0600119904670818e-54
2017-08-02,6.0,2.881411331630767e-54
2017-08-03,6.0,7.832488063086201e-54
2017-08-04,6.0,2.1290909973508985e-53
2017-08-05,6.0,5.787469369234667e-53
2017-08-06,6.0,1.5731972819153934e-52
2017-08-07,6.0,4.276393584011771e-52
2017-08-08,6.0,1.1624442970758051e-51
2017-08-09,6.0,3.159851209337007e-51
2017-08-10,6.0,8.589366122975132e-51
2017-08-11,6.0,2.3348317850065016e-50
2017-08-12,6.0,6.346730813691769e-50
2017-08-13,6.0,1.725220304097943e-49
2017-08-14,6.0,4.6896350027180255e-49
2017-08-15,6.0,1.2747749609993891e-48
2017-08-16,6.0,3.4651976118592284e-48
2017-08-17,6.0,9.41938370033662e-48
2017-08-18,6.0,2.560453954790836e-47
2017-08-19,6.0,6.960035457914027e-47
2017-08-20,6.0,1.8919337910678326e-46
2017-08-21,6.0,5.1428092449073226e-46
2017-08-22,6.0,1.3979604917662756e-45
2017-08-23,6.0,3.800050601671938e-45
2017-08-24,6.0,1.0329608497749688e-44
2017-08-25,6.0,2.807878707452912e-44
2017-08-26,6.0,7.632605666986321e-44
2017-08-27,6.0,2.074757328836245e-43
2017-08-28,6.0,5.639775145437792e-43
2017-08-29,6.0,1.5330498294438513e-42
2017-08-30,6.0,4.1672614934994626e-42
2017-08-31,6.0,1.1327791192216679e-41
2017-09-01,6.0,3.079212895438105e-41
2017-09-02,6.0,8.370168459626159e-41
2017-09-03,6.0,2.2752476824942833e-40
2017-09-04,6.0,6.184764430567765e-40
2017-09-05,6.0,1.6811932764912213e-39
2017-09-06,6.0,4.56995713361361e-39
2017-09-07,6.0,1.242243143313866e-38
2017-09-08,6.0,3.3767669629979274e-38
2017-09-09,6.0,9.179004274458105e-38
2017-09-10,6.0,2.495112052260737e-37
2017-09-11,6.0,6.782417751629518e-37
2017-09-12,6.0,1.843652292727257e-36
2017-09-13,6.0,5.011566525317357e-36
2017-09-14,6.0,1.3622850217883813e-35
2017-09-15,6.0,3.7030746199092916e-35
2017-09-16,6.0,1.0066000448727313e-34
2017-09-17,6.0,2.736222610503605e-34
2017-09-18,6.0,7.4378242007507214e-34
2017-09-19,6.0,2.021810236817361e-33
2017-09-20,6.0,5.495850027333111e-33
2017-09-21,6.0,1.493926926123574e-32
2017-09-22,6.0,4.060914416327389e-32
2017-09-23,6.0,1.1038709864830117e-31
2017-09-24,6.0,3.00063244351993e-31
2017-09-25,6.0,8.156564645104891e-31
2017-09-26,6.0,2.217184145744012e-30
2017-09-27,6.0,6.026931373723439e-30
2017-09-28,6.0,1.6382898034562135e-29
2017-09-29,6.0,4.453333402484766e-29
2017-09-30,6.0,1.2105415264044031e-28
2017-10-01,6.0,3.2905930338201645e-28
2017-10-02,6.0,8.944759248687274e-28
2017-10-03,6.0,2.4314376525647598e-27
2017-10-04,6.0,6.609332787997904e-27
2017-10-05,6.0,1.7966029215853263e-26
2017-10-06,6.0,4.8836730747018233e-26
2017-10-07,6.0,1.3275199775096679e-25
2017-10-08,6.0,3.6085734317808916e-25
2017-10-09,6.0,9.80911958627009e-25
2017-10-10,6.0,2.6663951524539697e-24
2017-10-11,6.0,7.248013490406911e-24
2017-10-12,6.0,1.9702143363399126e-23
2017-10-13,6.0,5.355597828642282e-23
2017-10-14,6.0,1.4558024258133034e-22
2017-10-15,6.0,3.9572812799149e-22
2017-10-16,6.0,1.0757005793293825e-21
2017-10-17,6.0,2.924057337653929e-21
2017-10-18,6.0,7.948411926317009e-21
2017-10-19,6.0,2.1606023704414676e-20
2017-10-20,6.0,5.87312616209658e-20
2017-10-21,6.0,1.596481212267455e-19
2017-10-22,6.0,4.33968586878289e-19
2017-10-23,6.0,1.1796489238333035e-18
2017-10-24,6.0,3.2066182336173372e-18
2017-10-25,6.0,8.716492075247449e-18
2017-10-26,6.0,2.3693882016052413e-17
2017-10-27,6.0,6.440664892988784e-17
2017-10-28,6.0,1.7507542341805533e-16
2017-10-29,6.0,4.75904342087073e-16
2017-10-30,6.0,1.293642125180048e-15
2017-10-31,6.0,3.5164838814060653e-15
2017-11-01,6.0,9.55879423489524e-15
2017-11-02,6.0,2.5983496670694813e-14
2017-11-03,6.0,7.06304668397758e-14
2017-11-04,6.0,1.919935145461418e-13
2017-11-05,6.0,5.218924817727645e-13
2017-11-06,6.0,1.4186508496122992e-12
2017-11-07,6.0,3.856292825429099e-12
2017-11-08,6.0,1.0482490712580891e-11
2017-11-09,6.0,2.8494364020999258e-11
2017-11-10,6.0,7.74557119317788e-11
2017-11-11,6.0,2.105464542545076e-10
2017-11-12,6.0,5.723246006464729e-10
2017-11-13,6.0,1.5557395619171025e-09
2017-11-14,6.0,4.228938580971991e-09
2017-11-15,6.0,1.1495446898309976e-08
2017-11-16,6.0,3.124786441357697e-08
2017-11-17,6.0,8.494050201272893e-08
2017-11-18,6.0,2.308922231151138e-07
2017-11-19,6.0,6.276301343799494e-07
2017-11-20,6.0,1.7060755889356546e-06
2017-11-21,6.0,4.637594268849332e-06
2017-11-22,6.0,1.260628821006974e-05
2017-11-23,6.0,3.426744402750668e-05
2017-11-24,6.0,9.314856938622236e-05
2017-11-25,6.0,0.0002532040559617358
2017-11-26,6.0,0.0006882799284425222
2017-11-27,6.0,0.0018709384103005628
2017-11-28,6.0,0.0050857348382662565
2017-11-29,6.0,0.013824438102981175
2017-11-30,6.0,0.03757855276941482
2017-12-01,6.0,0.10214787099293868
2017-12-02,6.0,0.2776576572851457
2017-12-03,6.0,0.7546850011397592
2017-12-04,6.0,2.050949457713916
2017-12-05,6.0,5.571238023070473
2017-12-06,6.0,15.112622019921561
2017-12-07,6.0,40.7942400197553
2017-12-08,6.0,108.21216308552872
2017-12-09,6.0,271.33349993029793
2017-12-10,6.0,583.3312628180835
2017-12-11,6.0,871.7102425752051
2017-12-12,6.177215189873418,570.8281910904881
2017-12-13,6.3544303797468356,260.5534262548277
2017-12-14,6.531645569620253,102.52500457519518
2017-12-15,6.708860759493671,38.35289002637
2017-12-16,6.886075949367089,14.155698042538981
2017-12-17,7.063291139240507,5.210293630221262
2017-12-18,7.240506329113924,1.9168887028920667
2017-12-19,7.417721518987342,0.7051890716268363
2017-12-20,7.594936708860759,0.2594247347796414
2017-12-21,7.772151898734178,0.09543703148316372
2017-12-22,7.949367088607595,0.035109321935667
2017-12-23,8.126582278481013,0.012915997736390065
2017-12-24,8.30379746835443,0.004751530029488899
2017-12-25,8.481012658227847,0.0017479902119586328
2017-12-26,8.658227848101266,0.0006430496623485065
2017-12-27,8.835443037974684,0.0002365647504302532
2017-12-28,9.012658227848101,8.702730818914314e-05
2017-12-29,9.189873417721518,3.201555750327682e-05
2017-12-30,9.367088607594937,1.1777865403097635e-05
2017-12-31,9.544303797468356,4.332834542684016e-06
2018-01-01,9.721518987341772,1.5939607502509153e-06
2018-01-02,9.89873417721519,5.863853900515186e-07
2018-01-03,10.075949367088608,2.157191296032506e-07
2018-01-04,10.253164556962025,7.935863284843363e-08
2018-01-05,10.430379746835442,2.919440950441138e-08
2018-01-06,10.60759493670886,1.0740023053813083e-08
2018-01-07,10.784810126582279,3.951033679205165e-09
2018-01-08,10.962025316455696,1.453504061955568e-09
2018-01-09,11.139240506329113,5.347142620527073e-10
2018-01-10,11.316455696202532,1.967103839105474e-10
2018-01-11,11.49367088607595,7.236570610616914e-11
2018-01-12,11.670886075949367,2.6621855523774766e-11
2018-01-13,11.848101265822784,9.793633337003092e-12
2018-01-14,12.025316455696203,3.602876369846223e-12
2018-01-15,12.202531645569621,1.325424174883226e-12
2018-01-16,12.379746835443038,4.875963845103412e-13
2018-01-17,12.556962025316455,1.7937690220444655e-13
2018-01-18,12.734177215189874,6.598966373931815e-14
2018-01-19,12.911392405063292,2.427784222377696e-14
2018-01-20,13.08860759493671,8.935672641902127e-15
2018-01-21,13.265822784810126,3.299084601758181e-15
2018-01-22,13.443037974683545,1.2458344812783136e-15
2018-01-23,13.620253164556962,5.457615227331467e-16
2018-01-24,13.797468354430379,4.384735926352858e-16
2018-01-25,13.974683544303797,8.0743869661361e-16
2018-01-26,14.151898734177216,2.053412440454559e-15
2018-01-27,14.329113924050633,5.5297232476946704e-15
2018-01-28,14.50632911392405,1.5012205278356047e-14
2018-01-29,14.683544303797468,4.080036325411014e-14
2018-01-30,14.860759493670885,1.109042955833336e-13
2018-01-31,15.037974683544304,3.014681784108255e-13
2018-02-01,15.215189873417721,8.194751206542099e-13
2018-02-02,15.39240506329114,2.2275642003779685e-12
2018-02-03,15.569620253164556,6.05514724016768e-12
2018-02-04,15.746835443037975,1.645959669413743e-11
2018-02-05,15.924050632911392,4.4741822591017094e-11
2018-02-06,16.10126582278481,1.216208833189363e-10
2018-02-07,16.278481012658226,3.3059983708612217e-10
2018-02-08,16.455696202531648,8.98663529642323e-10
2018-02-09,16.632911392405063,2.4428207425248506e-09
2018-02-10,16.810126582278482,6.6402752345834704e-09
2018-02-11,16.9873417721519,1.8050139506100714e-08
2018-02-12,17.164556962025316,4.906536622033208e-08
2018-02-13,17.341772151898734,1.333734934015533e-07
2018-02-14,17.518987341772153,3.625467434977718e-07
2018-02-15,17.696202531645568,9.855042247150993e-07
2018-02-16,17.873417721518987,2.678878225151414e-06
2018-02-17,18.050632911392405,7.281945993979861e-06
2018-02-18,18.22784810126582,1.9794381402133394e-05
2018-02-19,18.405063291139243,5.380670571584693e-05
2018-02-20,18.582278481012658,0.00014626173993145312
2018-02-21,18.759493670886076,0.0003975790244321779
2018-02-22,18.936708860759495,0.0010806874917093227
2018-02-23,19.11392405063291,0.0029365886065147204
2018-02-24,19.29113924050633,0.007963161508728347
2018-02-25,19.468354430379748,0.021357441639133657
2018-02-26,19.645569620253163,0.054767309507050145
2018-02-27,19.822784810126585,0.12199642527424004
2018-02-28,20.0,0.1894112847752904
2018-03-01,19.575757575757574,0.12199583993959003
2018-03-02,19.151515151515152,0.05476681611877706
2018-03-03,18.727272727272727,0.02135718666292626
2018-03-04,18.303030303030305,0.007963054032562495
2018-03-05,17.87878787878788,0.0029365479965991364
2018-03-06,17.454545454545453,0.0010806754167436276
2018-03-07,17.03030303030303,0.00039758320473060374
2018-03-08,16.606060606060606,0.0001462868315196538
2018-03-09,16.18181818181818,5.3879977826287514e-05
2018-03-10,15.757575757575758,1.999542149261959e-05
2018-03-11,15.333333333333332,7.829116312294539e-06
2018-03-12,14.90909090909091,4.166494017373762e-06
2018-03-13,14.484848484848484,5.02935615174594e-06
2018-03-14,14.06060606060606,1.1354910136931219e-05
2018-03-15,13.636363636363637,3.0013727643750204e-05
2018-03-16,13.212121212121211,8.127229301733802e-05
2018-03-17,12.787878787878789,0.00022080567050725792
2018-03-18,12.363636363636363,0.0006001695795591584
2018-03-19,11.93939393939394,0.001631414176190172
2018-03-20,11.515151515151516,0.004434635708098109
2018-03-21,11.09090909090909,0.01205457232779722
2018-03-22,10.666666666666666,0.03276761169504296
2018-03-23,10.242424242424242,0.08907077294811812
2018-03-24,9.818181818181818,0.2421133385841025
2018-03-25,9.393939393939394,0.6580871463009621
2018-03-26,8.969696969696969,1.7885330801263164
2018-03-27,8.545454545454545,4.859239451444158
2018-03-28,8.121212121212121,13.189046461910205
2018-03-29,7.696969696969697,35.67833337013534
2018-03-30,7.272727272727272,95.31361530652026
2018-03-31,6.848484848484848,243.45893856250055
2018-04-01,6.424242424242424,542.0587566081474
2018-04-02,6.0,843.663138646448
2018-04-03,6.018285714285715,529.7269832268024
2018-04-04,6.0365714285714285,233.35720771035216
2018-04-05,6.054857142857143,90.18125775675246
2018-04-06,6.073142857142857,33.523692871535076
2018-04-07,6.091428571428572,12.35382469940029
2018-04-08,6.109714285714285,4.5457312983790565
2018-04-09,6.128,1.6723204280982835
2018-04-10,6.146285714285714,0.6152135707859666
2018-04-11,6.164571428571429,0.22632446629243116
2018-04-12,6.182857142857142,0.08326013953788394
2018-04-13,6.201142857142857,0.030629749539687418
2018-04-14,6.219428571428571,0.011268207148015899
2018-04-15,6.2377142857142855,0.004145754937767438
2018-04-16,6.256,0.001526261174079941
2018-04-17,6.274285714285714,0.0005645331848070221
2018-04-18,6.292571428571429,0.0002159792760739678
2018-04-19,6.3108571428571425,0.00010201369178488665
2018-04-20,6.329142857142857,9.885142783194014e-05
2018-04-21,6.347428571428571,0.0002030577527607734
2018-04-22,6.365714285714286,0.0005278175198906638
2018-04-23,6.3839999999999995,0.0014258720560120094
2018-04-24,6.402285714285714,0.0038726522769117625
2018-04-25,6.420571428571428,0.010525747675612825
2018-04-26,6.438857142857143,0.02861143060654788
2018-04-27,6.457142857142857,0.07777321009835732
2018-04-28,6.475428571428571,0.21140531718716798
2018-04-29,6.493714285714286,0.5746287875991
2018-04-30,6.512,1.5617790157239322
2018-05-01,6.530285714285714,4.243701149092413
2018-05-02,6.548571428571428,11.52301501529988
2018-05-03,6.566857142857143,31.218525484198096
2018-05-04,6.5851428571428565,83.86211118776268
2018-05-05,6.603428571428571,217.80135834508488
2018-05-06,6.621714285714285,502.5820514499924
2018-05-07,6.64,819.5505264421673
2018-05-08,6.736,490.5010346455464
2018-05-09,6.832,208.44080400417104
2018-05-10,6.928,79.28448754012764
2018-05-11,7.024,29.33653198499007
2018-05-12,7.12,10.800519159477597
2018-05-13,7.215999999999999,3.9735979185949057
2018-05-14,7.311999999999999,1.4618142642128436
2018-05-15,7.4079999999999995,0.5377716420333992
2018-05-16,7.504,0.1978351357686451
2018-05-17,7.6,0.07277947927727949
2018-05-18,7.696,0.02677407418816486
2018-05-19,7.792,0.009849631509377102
2018-05-20,7.888,0.0036234770961688684
2018-05-21,7.984,0.0013330031662119183
2018-05-22,8.08,0.000490385647689077
2018-05-23,8.176,0.00018040602686868952
2018-05-24,8.272,6.637644524090486e-05
2018-05-25,8.368,2.4442387649455204e-05
2018-05-26,8.464,9.056704860053014e-06
2018-05-27,8.56,3.5080641200265335e-06
2018-05-28,8.656,1.7697467584446556e-06
2018-05-29,8.752,1.9536597826796864e-06
2018-05-30,8.847999999999999,4.259562395519022e-06
2018-05-31,8.943999999999999,1.1192036698310056e-05
2018-06-01,9.04,3.0280867720175492e-05
2018-06-02,9.136,8.225960392561138e-05
2018-06-03,9.232,0.0002235855304546661
2018-06-04,9.328,0.000607761274366387
2018-06-05,9.424,0.0016520588507402563
2018-06-06,9.52,0.0044905737653202155
2018-06-07,9.616,0.012200926281871718
2018-06-08,9.712,0.03303045368658388
2018-06-09,9.808,0.08743238364300635
2018-06-10,9.904,0.20932761889386145
2018-06-11,10.0,0.3580125365179106
2018-06-12,9.980970149253732,0.20932538190306083
2018-06-13,9.961940298507463,0.08743069579869792
2018-06-14,9.942910447761195,0.033029645669545485
2018-06-15,9.923880597014925,0.01220059846111439
2018-06-16,9.904850746268657,0.004490448655471124
2018-06-17,9.885820895522388,0.0016520118719597803
2018-06-18,9.86679104477612,0.000607742951972816
2018-06-19,9.84776119402985,0.00022357617374523813
2018-06-20,9.828731343283582,8.224907847176761e-05
2018-06-21,9.809701492537313,3.0257745033744793e-05
2018-06-22,9.790671641791045,1.113120233422492e-05
2018-06-23,9.771641791044775,4.094940494281947e-06
2018-06-24,9.752611940298507,1.5064444206667596e-06
2018-06-25,9.73358208955224,5.541899316307242e-07
2018-06-26,9.71455223880597,2.0387508235115037e-07
2018-06-27,9.695522388059702,7.500145136412283e-08
2018-06-28,9.676492537313433,2.7591492014880576e-08
2018-06-29,9.657462686567165,1.0150342663520559e-08
2018-06-30,9.638432835820895,3.734102386754583e-09
2018-07-01,9.619402985074627,1.3736994993162219e-09
2018-07-02,9.600373134328358,5.053558041459403e-10
2018-07-03,9.58134328358209,1.85910010821953e-10
2018-07-04,9.56231343283582,6.839247088935669e-11
2018-07-05,9.543283582089552,2.5160183971110636e-11
2018-07-06,9.524253731343284,9.25591441906284e-12
2018-07-07,9.505223880597015,3.405060624015527e-12
2018-07-08,9.486194029850747,1.2526517995177116e-12
2018-07-09,9.467164179104477,4.608248439889761e-13
2018-07-10,9.44813432835821,1.6952798608458122e-13
2018-07-11,9.42910447761194,6.236586078371562e-14
2018-07-12,9.410074626865672,2.2943118013289225e-14
2018-07-13,9.391044776119402,8.440301433459271e-15
2018-07-14,9.372014925373135,3.105013374659514e-15
2018-07-15,9.352985074626865,1.1422705850995931e-15
2018-07-16,9.333955223880597,4.202178645130136e-16
2018-07-17,9.31492537313433,1.545895131673039e-16
2018-07-18,9.29589552238806,5.68703037149529e-17
2018-07-19,9.276865671641792,2.0921415549907003e-17
2018-07-20,9.257835820895522,7.696558661015289e-18
2018-07-21,9.238805970149254,2.831405699157519e-18
2018-07-22,9.219776119402985,1.0416159463357004e-18
2018-07-23,9.200746268656717,3.831890922532389e-19
2018-07-24,9.181716417910447,1.4096738912111326e-19
2018-07-25,9.16268656716418,5.1859004333272205e-20
2018-07-26,9.14365671641791,1.907786153383152e-20
2018-07-27,9.124626865671642,7.018353039812073e-21
2018-07-28,9.105597014925372,2.581907794229962e-21
2018-07-29,9.086567164179105,9.49830796497546e-22
2018-07-30,9.067537313432837,3.4942322262304964e-22
2018-07-31,9.048507462686567,1.2854561987118492e-22
2018-08-01,9.0294776119403,4.728929080404541e-23
2018-08-02,9.01044776119403,1.7396757876553658e-23
2018-08-03,8.991417910447762,6.399909571713717e-24
2018-08-04,8.972388059701492,2.3543951728067153e-24
2018-08-05,8.953358208955224,8.661336240073693e-25
2018-08-06,8.934328358208955,3.1863287192953064e-25
2018-08-07,8.915298507462687,1.1721880457268287e-25
2018-08-08,8.896268656716417,4.312326281506933e-26
2018-08-09,8.87723880597015,1.586653894728119e-26
2018-08-10,8.85820895522388,5.84343516711372e-27
2018-08-11,8.839179104477612,2.1672443470619944e-27
2018-08-12,8.820149253731344,8.450303986146476e-28
2018-08-13,8.801119402985075,4.406557408029524e-28
2018-08-14,8.782089552238807,5.1490428189175815e-28
2018-08-15,8.763059701492537,1.1484219115382923e-27
2018-08-16,8.74402985074627,3.0293109426927304e-27
2018-08-17,8.725,8.200520193467833e-27
2018-08-18,8.705970149253732,2.2278816869210406e-26
2018-08-19,8.686940298507462,6.055550156147968e-26
2018-08-20,8.667910447761194,1.646052267128767e-25
2018-08-21,8.648880597014925,4.47442773898546e-25
2018-08-22,8.629850746268657,1.2162753324688478e-24
2018-08-23,8.610820895522387,3.3061790503737558e-24
2018-08-24,8.59179104477612,8.987126403258343e-24
2018-08-25,8.572761194029852,2.4429542380635695e-23
2018-08-26,8.553731343283582,6.64063811266561e-23
2018-08-27,8.534701492537314,1.8051125910877135e-22
2018-08-28,8.515671641791045,4.906804754670675e-22
2018-08-29,8.496641791044777,1.3338078200415654e-21
2018-08-30,8.477611940298507,3.625665559875482e-21
2018-08-31,8.45858208955224,9.855580807479284e-21
2018-09-01,8.43955223880597,2.6790246217880654e-20
2018-09-02,8.420522388059702,7.282343947400865e-20
2018-09-03,8.401492537313434,1.9795463220808484e-19
2018-09-04,8.382462686567164,5.380964795905307e-19
2018-09-05,8.363432835820895,1.462697882428723e-18
2018-09-06,8.344402985074627,3.976025074331522e-18
2018-09-07,8.325373134328359,1.0807956709052903e-17
2018-09-08,8.30634328358209,2.937907232499053e-17
2018-09-09,8.287313432835822,7.986059843800579e-17
2018-09-10,8.268283582089552,2.1708361354389595e-16
2018-09-11,8.249253731343284,5.900944419525983e-16
2018-09-12,8.230223880597014,1.6040429986344289e-15
2018-09-13,8.211194029850747,4.360240935254924e-15
2018-09-14,8.192164179104477,1.1852363702006734e-14
2018-09-15,8.17313432835821,3.221806487545249e-14
2018-09-16,8.154104477611941,8.757778029905712e-14
2018-09-17,8.135074626865672,2.3806108876370556e-13
2018-09-18,8.116044776119402,6.471171316495565e-13
2018-09-19,8.097014925373134,1.7590467398475289e-12
2018-09-20,8.077985074626866,4.781584788337664e-12
2018-09-21,8.058955223880597,1.2997695041374443e-11
2018-09-22,8.039925373134329,3.533139824282031e-11
2018-09-23,8.02089552238806,9.604069781750743e-11
2018-09-24,8.001865671641792,2.6106568366985146e-10
2018-09-25,7.982835820895522,7.096501039539534e-10
2018-09-26,7.963805970149254,1.9290289821418034e-09
2018-09-27,7.944776119402985,5.2436444287246786e-09
2018-09-28,7.925746268656717,1.4253703365486332e-08
2018-09-29,7.906716417910448,3.8745582846525324e-08
2018-09-30,7.887686567164179,1.0532141378386481e-07
2018-10-01,7.86865671641791,2.862932852296495e-07
2018-10-02,7.849626865671642,7.782258348004898e-07
2018-10-03,7.830597014925374,2.115437144812676e-06
2018-10-04,7.811567164179104,5.750354347310332e-06
2018-10-05,7.792537313432836,1.5631083709682276e-05
2018-10-06,7.773507462686567,4.2489690660760434e-05
2018-10-07,7.754477611940299,0.00011549895293829972
2018-10-08,7.73544776119403,0.00031395869698555784
2018-10-09,7.7164179104477615,0.000853428161844429
2018-10-10,7.697388059701493,0.002319857827857118
2018-10-11,7.678358208955224,0.0063060241537128605
2018-10-12,7.659328358208955,0.01714152704338308
2018-10-13,7.640298507462687,0.04659532547041581
2018-10-14,7.621268656716419,0.12665792657517796
2018-10-15,7.602238805970149,0.3442823446589234
2018-10-16,7.583208955223881,0.935785669450154
2018-10-17,7.564179104477612,2.5432062185558406
2018-10-18,7.545149253731344,6.909200933515877
2018-10-19,7.526119402985074,18.748288673303087
2018-10-20,7.507089552238806,50.625624342309806
2018-10-21,7.488059701492538,133.56487446852054
2018-10-22,7.469029850746269,319.5122300773641
2018-10-23,7.45,548.4400121828414
2018-10-24,11.47205885067656,314.0699879747006
2018-10-25,15.494117701353122,129.55010949166538
2018-10-26,19.516176552029684,48.72558012120436
2018-10-27,23.538235402706245,17.980582649931172
2018-10-28,27.560294253382807,6.616784666592626
2018-10-29,31.58235310405937,2.4342393058154506
2018-10-30,35.60441195473593,0.8955079479786027
2018-10-31,39.626470805412495,0.3294389876930227
2018-11-01,43.64852965608905,0.1211938310469271
2018-11-02,47.67058850676562,0.04458471884988308
2018-11-03,51.69264735744218,0.01640180147358213
2018-11-04,55.71470620811874,0.006033885609941865
2018-11-05,59.7367650587953,0.0022197426012002214
2018-11-06,63.758823909471865,0.0008165980344310388
2018-11-07,67.78088276014843,0.00030041062551718615
2018-11-08,71.80294161082499,0.0001105176030255215
2018-11-09,75.82500046150155,4.06645205525272e-05
2018-11-10,79.8470593121781,1.4979665351732402e-05
2018-11-11,83.86911816285468,5.565142487966293e-06
2018-11-12,87.89117701353123,2.1952618545536346e-06
2018-11-13,91.91323586420779,1.2097896241906585e-06
2018-11-14,95.93529471488436,1.5383440278640053e-06
2018-11-15,99.95735356556092,3.5377881330956002e-06
2018-11-16,103.97941241623748,9.37984068249869e-06
2018-11-17,108.00147126691404,2.5409912851364574e-05
2018-11-18,112.0235301175906,6.90392478906026e-05
2018-11-19,116.04558896826717,0.000187656337609344
2018-11-20,120.06764781894373,0.0005100984550360625
2018-11-21,124.08970666962028,0.001386589623511036
2018-11-22,128.11176552029684,0.003769139743933312
2018-11-23,132.1338243709734,0.01024557612076135
2018-11-24,136.15588322164996,0.02785030540849416
2018-11-25,140.17794207232652,0.07570450382465505
2018-11-26,144.20000092300307,0.2057802622542372
2018-11-27,148.22205977367963,0.5592328714580802
2018-11-28,152.2441186243562,1.5165816515800659
2018-11-29,156.26617747503278,4.047807334624092
2018-11-30,160.28823632570933,9.929233793556335
2018-12-01,164.3102951763859,17.673106672598603
2018-12-02,150.05026834310752,10.085120615374725
2018-12-03,135.79024150982917,4.541602266959417
2018-12-04,121.5302146765508,2.889114665555009
2018-12-05,107.27018784327245,4.301034255936547
2018-12-06,93.01016100999408,10.373872807734083
2018-12-07,78.75013417671572,27.66371224047996
2018-12-08,64.49010734343736,74.65034668628903
2018-12-09,50.230080510159,200.3291622461413
2018-12-10,35.97005367688064,526.5262211255373
2018-12-11,21.710026843602265,1284.3037914712538
2018-12-12,7.450000010323911,2336.1285295335633
2018-12-13,7.477208674193727,1172.2166787029282
2018-12-14,7.5044173380635435,454.66875535070744
2018-12-15,7.531626001933359,168.2937308706483
2018-12-16,7.558834665803175,61.94174649971771
2018-12-17,7.586043329672991,22.787708732106925
2018-12-18,7.613251993542808,8.383138788061288
2018-12-19,7.640460657412624,3.0839845174280227
2018-12-20,7.66766932128244,1.1345345017673516
2018-12-21,7.694877985152257,0.41737191850613853
2018-12-22,7.7220866490220725,0.1535425481407931
2018-12-23,7.749295312891888,0.05648514680626149
2018-12-24,7.776503976761704,0.020779724242083
2018-12-25,7.803712640631521,0.007644433343256798
2018-12-26,7.830921304501337,0.002812229870148045
2018-12-27,7.858129968371153,0.0010345615632920788
2018-12-28,7.885338632240969,0.00038059395753233644
2018-12-29,7.912547296110786,0.0001400127678996064
2018-12-30,7.939755959980602,5.150802401318911e-05
2018-12-31,7.9669646238504175,1.8949300885092467e-05
2019-01-01,7.994173287720233,6.972574464955437e-06
2019-01-02,8.02138195159005,2.5691883782649395e-06
2019-01-03,8.048590615459867,9.56355202427993e-07
2019-01-04,8.075799279329683,3.822780074753066e-07
2019-01-05,8.103007943199499,2.2341637847079482e-07
2019-01-06,8.130216607069315,3.0722096675662825e-07
2019-01-07,8.15742527093913,7.247170703261108e-07
2019-01-08,8.184633934808947,1.929372786949546e-06
2019-01-09,8.211842598678762,5.2296384981649635e-06
2019-01-10,8.239051262548578,1.4210134990875985e-05
2019-01-11,8.266259926418396,3.8625129677606723e-05
2019-01-12,8.293468590288212,0.00010499324374263227
2019-01-13,8.320677254158028,0.00028540094895077115
2019-01-14,8.347885918027844,0.0007758000832722055
2019-01-15,8.37509458189766,0.0021088430144754144
2019-01-16,8.402303245767476,0.005732428025569796
2019-01-17,8.429511909637291,0.015582343062216376
2019-01-18,8.45672057350711,0.04235711230122218
2019-01-19,8.483929237376925,0.11513792079980936
2019-01-20,8.511137901246741,0.31297253181559265
2019-01-21,8.538346565116557,0.8507122036242551
2019-01-22,8.565555228986373,2.312214804707671
2019-01-23,8.592763892856189,6.283332980657753
2019-01-24,8.619972556726005,17.06582995255556
2019-01-25,8.647181220595822,46.28767748564667
2019-01-26,8.674389884465638,125.04940333812279
2019-01-27,8.701598548335454,331.68883711960257
2019-01-28,8.72880721220527,758.9944378572654
2019-01-29,8.72074748428601,321.6352705758083
2019-01-30,8.712687756366748,119.52988947291057
2019-01-31,8.704628028447488,43.991705496679955
2019-02-01,8.696568300528225,16.18383100551468
2019-02-02,8.688508572608965,5.953699898248382
2019-02-03,8.680448844689703,2.1902437965818815
2019-02-04,8.672389116770443,0.8057456639308062
2019-02-05,8.664329388851181,0.2964172645732167
2019-02-06,8.65626966093192,0.10904581764478526
2019-02-07,8.648209933012659,0.040115714457308375
2019-02-08,8.640150205093398,0.014757746616915689
2019-02-09,8.632090477174136,0.00542907157883722
2019-02-10,8.624030749254876,0.0019972438197433896
2019-02-11,8.615971021335614,0.0007347449436636855
2019-02-12,8.607911293416354,0.00027029756844831204
2019-02-13,8.599851565497094,9.94369433567909e-05
2019-02-14,8.591791837577832,3.658087490985614e-05
2019-02-15,8.583732109658571,1.3457535999204183e-05
2019-02-16,8.57567238173931,4.951251475545216e-06
2019-02-17,8.56761265382005,1.8228245408236023e-06
2019-02-18,8.559552925900787,6.742790236758864e-07
2019-02-19,8.551493197981527,2.5810926696849695e-07
2019-02-20,8.543433470062265,1.2228779937428848e-07
2019-02-21,8.535373742143005,1.192906032078014e-07
2019-02-22,8.527314014223743,2.4586224007360836e-07
2019-02-23,8.519254286304482,6.39479919755014e-07
2019-02-24,8.51119455838522,1.7276759208598251e-06
2019-02-25,8.50313483046596,4.692406592786724e-06
2019-02-26,8.495075102546698,1.2753847560592474e-05
2019-02-27,8.487015374627438,3.466802373898131e-05
2019-02-28,8.478955646708176,9.423726423888972e-05
2019-03-01,8.470895918788916,0.0002561633686628382
2019-03-02,8.462836190869655,0.0006963241832589256
2019-03-03,8.454776462950393,0.0018928052122326375
2019-03-04,8.446716735031133,0.0051451768853419495
2019-03-05,8.438657007111871,0.013986032522692008
2019-03-06,8.430597279192611,0.0380179166737486
2019-03-07,8.422537551273349,0.10334295849917031
2019-03-08,8.414477823354089,0.2809119353222116
2019-03-09,8.406418095434827,0.7635730583745729
2019-03-10,8.398358367515566,2.07542406070995
2019-03-11,8.390298639596304,5.640240890796864
2019-03-12,8.382238911677044,15.321877877065079
2019-03-13,8.374179183757782,41.57722571763855
2019-03-14,8.366119455838522,112.50287897908395
2019-03-15,8.35805972791926,301.96555653766296
2019-03-16,8.35,756.248483984048
2019-03-17,8.35,292.3467942532593
2019-03-18,8.35,107.6316190568148
2019-03-19,8.35,39.59562349278535
2019-03-20,8.35,14.566415957671765
2019-03-21,8.35,5.358684962408074
2019-03-22,8.35,1.9713500293844948
2019-03-23,8.35,0.7252191471632738
2019-03-24,8.35,0.26679321458525496
2019-03-25,8.35,0.09814773868995626
2019-03-26,8.35,0.036106535261501815
2019-03-27,8.35,0.013282852014638254
2019-03-28,8.35,0.004886488176308086
2019-03-29,8.35,0.001797638539591076
2019-03-30,8.35,0.0006613142613730125
2019-03-31,8.35,0.0002432839209126089
