2017-01-02,87.8577857142857,36.57559982618985
2017-01-03,87.8577857142857,87.39383981751027
2017-01-04,87.8577857142857,146.79135480891273
2017-01-05,410.74,56.664194591830565
2017-01-06,166.11508196721311,92.09505002770042
2017-01-07,139.99499115274526,95.35862031420028
2017-01-08,113.87490033827737,147.08241790467738
2017-01-09,87.75480952380951,229.7368960877556
2017-01-10,599.2557226303318,97.48790169754986
2017-01-11,402.8371484202212,32.915728561759174
2017-01-12,206.4185742101106,10.532079495152686
2017-01-13,10.0,3.00488987186927
2017-01-14,38.63720000000001,6.031994826807789
2017-01-15,67.27440000000001,15.807776755439987
2017-01-16,95.9116,30.11078032015507
2017-01-17,92.74155,27.812400582692625
2017-01-18,89.5715,48.43617099176439
2017-01-19,88.12459999999999,150.03854999612184
2017-01-20,85.77262737262737,544.1666844276868
2017-01-21,113.93340128755364,1940.414002137318
2017-01-22,143.84667304064845,1197.7698850634831
2017-01-23,173.75994479374327,553.3880833944803
2017-01-24,131.05992,172.46730095228818
2017-01-25,153.70661333333334,55.27881421984985
2017-01-26,176.35330666666667,38.4557032970515
2017-01-27,199.0,146.18850954075214
2017-01-28,112.36076944944568,566.8109073596279
2017-01-29,144.70196178565476,440.29994204812317
2017-01-30,177.04315412186386,373.65718552714577
2017-01-31,98.2866923076923,211.9052807533711
2017-02-01,99.20812268076924,92.39986032381935
2017-02-02,100.12955305384615,40.53737496066709
2017-02-03,101.05098342692307,28.689991142559148
2017-02-04,101.9724138,43.508526815959954
2017-02-05,97.6453928,83.01896303631924
2017-02-06,93.3183718,142.63281666330857
2017-02-07,99.82875228888894,94.1125921405678
2017-02-08,101.98305958370374,116.28992104909544
2017-02-09,104.13736687851852,239.94493732221878
2017-02-10,106.29167417333332,420.2696146485777
2017-02-11,119.20825638,233.44021746713352
2017-02-12,132.12483858666667,96.81466755090062
2017-02-13,145.04142079333337,39.57715500084161
2017-02-14,157.95800300000005,20.38710738069983
2017-02-15,140.16811172333337,11.671413258339305
2017-02-16,122.37822044666669,12.614161103698034
2017-02-17,104.58832917,24.64133541619266
2017-02-18,86.79843789333331,45.13653134054505
2017-02-19,103.38735969499999,40.025461381586624
2017-02-20,119.97628149666664,59.020941966569154
2017-02-21,136.5652032983333,126.52078061054893
2017-02-22,153.1541251,223.73215562941115
2017-02-23,148.40534708755843,123.99488301636838
2017-02-24,143.65656907511686,51.72465757509972
2017-02-25,138.9077910626753,22.41487681272624
2017-02-26,134.15901305023374,16.36207962150773
2017-02-27,129.41023503779218,27.925929053295707
2017-02-28,124.66145702535061,68.42758332450317
2017-03-01,119.91267901290905,166.36594893836016
2017-03-02,115.16390100046749,307.0926853053396
2017-03-03,91.360363636,204.95449695180437
2017-03-04,92.56839123126304,129.43664297567958
2017-03-05,93.77641882652605,151.80938079436132
2017-03-06,94.98444642178909,239.55166775139793
2017-03-07,103.150592425,184.32618219301142
2017-03-08,89.94949493333334,190.5652071321919
2017-03-09,132.69501413999998,117.48925990466459
2017-03-10,188.52793065777774,51.40425440131287
2017-03-11,244.36084717555553,19.86092392145998
2017-03-12,300.19376369333327,7.623799161722474
2017-03-13,356.02668021111106,3.4975336900402243
2017-03-14,411.85959672888885,3.1594194399597506
2017-03-15,467.69251324666664,6.232887737396058
2017-03-16,523.5254297644444,15.752997692252622
2017-03-17,579.3583462822222,38.37594636333947
2017-03-18,635.1912628,69.60442566126434
2017-03-19,589.7431278508334,38.321974655938476
2017-03-20,544.2949929016667,15.616417381853681
2017-03-21,498.8468579525,5.876178076318763
2017-03-22,453.3987230033333,2.1974068089228265
2017-03-23,407.95058805416664,0.8861640187567701
2017-03-24,362.502453105,0.5365244847603191
2017-03-25,317.0543181558333,0.7695874930650821
2017-03-26,271.6061832066666,1.8382289616053062
2017-03-27,226.15804825749996,4.896745189428972
2017-03-28,180.70991330833328,13.15598989660943
2017-03-29,135.2617783591666,34.11458477849285
2017-03-30,89.81364341,76.95274207779067
2017-03-31,161.0096132,115.34632375827944
2017-04-01,148.86015570333333,62.44577246769689
2017-04-02,136.71069820666665,26.75682830916593
2017-04-03,124.56124070999999,14.0536757011666
2017-04-04,112.41178321333334,15.881357474266757
2017-04-05,100.26232571666667,31.819379062203158
2017-04-06,88.11286822,56.48925932233199
2017-04-07,195.60076632711113,34.05503347706691
2017-04-08,303.08866443422227,22.76533676159183
2017-04-09,410.5765625413334,32.52904468057594
2017-04-10,518.0644606484445,70.29075494266395
2017-04-11,625.5523587555557,125.45062043892443
2017-04-12,573.1209286700001,68.77850597964964
2017-04-13,520.6894985844446,27.97572651836635
2017-04-14,468.258068498889,10.510403252044823
2017-04-15,415.8266384133334,3.9003707769854588
2017-04-16,363.3952083277778,1.493546577451555
2017-04-17,310.96377824222225,0.7073875009277496
2017-04-18,258.53234815666667,0.6894092589377028
2017-04-19,206.1009180711111,1.4186064452223177
2017-04-20,153.66948798555552,3.6673929953750446
2017-04-21,101.2380579,9.704584538687968
2017-04-22,116.98016259,25.099568055883125
2017-04-23,132.72226728,61.56753109206526
2017-04-24,148.46437197000003,114.53086809647269
2017-04-25,164.9705706388793,78.93163966700403
2017-04-26,181.47676930775856,78.558693989368
2017-04-27,197.98296797663784,154.01459590009614
2017-04-28,214.48916664551712,355.2903108182117
2017-04-29,146.94525184143316,625.1227984892271
2017-04-30,160.9267745242888,338.732533780408
2017-05-01,174.9082972071444,131.9054090287772
2017-05-02,188.88981989,39.92599723169738
2017-05-03,159.66366541666667,13.440775639081698
2017-05-04,130.43751094333334,6.951375430117041
2017-05-05,101.21135647,6.866790369164543
2017-05-06,97.13371889444444,6.441970102230339
2017-05-07,93.0560813188889,10.546311552626019
2017-05-08,88.97844374333334,20.25255639162838
2017-05-09,86.67631659555556,27.49554263985628
2017-05-10,84.37418944777778,56.411581115483756
2017-05-11,82.0720623,121.3623986884435
2017-05-12,84.94742376333333,177.893528265832
2017-05-13,84.93866105722222,113.17162721196763
2017-05-14,84.92989835111109,96.53357265178438
2017-05-15,84.92113564499998,140.8908075998088
2017-05-16,94.936908516,158.68766654037194
2017-05-17,91.370026585,103.73868152456457
2017-05-18,87.80314465400002,118.11737007786992
2017-05-19,82.06035707096773,280.60100596257774
2017-05-20,164.67023022315792,525.5008845019672
2017-05-21,149.44586971324634,288.42055742554373
2017-05-22,134.22150920333476,121.93420835518067
2017-05-23,118.99714869342317,59.727603525945604
2017-05-24,103.77278818351158,60.363761928069984
2017-05-25,88.5484276736,126.39358326000641
2017-05-26,83.46604582342856,308.69393165029317
2017-05-27,165.23194104,565.0201541119295
2017-05-28,124.08976507,348.00769859472547
2017-05-29,82.94758909999999,218.32340582828823
2017-05-30,87.65238851755102,99.62393693453748
2017-05-31,92.35718793510203,42.33251082949581
2017-06-01,97.06198735265306,25.816394837019267
2017-06-02,101.76678677020408,36.85930591247785
2017-06-03,106.47158618775511,86.39990545028255
2017-06-04,111.17638560530614,210.00131693350298
2017-06-05,115.88118502285715,387.50060765364753
2017-06-06,102.1838728767347,209.00781067179867
2017-06-07,88.48656073061225,84.27219636870188
2017-06-08,74.7892485844898,31.612465823052254
2017-06-09,61.09193643836735,11.845751263340526
2017-06-10,47.3946242922449,4.956242867495244
2017-06-11,33.69731214612244,4.655132181474731
2017-06-12,20.0,19.85332711633328
2017-06-13,51.64641365498653,96.6760926788099
2017-06-14,83.29282730997306,194.8883016909115
2017-06-15,129.70582676,97.14726226571153
2017-06-16,86.10619673015877,156.73103112022352
2017-06-17,20.0,41.56727632436388
2017-06-18,49.47664043333334,16.397000443207563
2017-06-19,78.95328086666667,28.203661421114777
2017-06-20,108.42992130000002,71.89161824641165
2017-06-21,137.90656173333335,177.1910025674219
2017-06-22,167.38320216666668,325.8574743762743
2017-06-23,164.85312333333331,159.33297050281502
2017-06-24,154.56763209027775,86.77021306438735
2017-06-25,144.2821408472222,106.11626121656487
2017-06-26,133.99664960416663,223.1964719164167
2017-06-27,123.71115836111109,419.59948201589276
2017-06-28,108.56377836844159,320.6136685038609
2017-06-29,93.41639837577209,348.2789957024263
2017-06-30,98.84920654307692,394.38247698763246
2017-07-01,95.22233797730769,203.3612389488522
2017-07-02,91.59546941153846,94.58294960228686
2017-07-03,87.96860084576923,70.14449597006363
2017-07-04,84.34173228,87.70787147174839
2017-07-05,84.73392493960623,45.64226571779148
2017-07-06,85.12611759921245,20.08182038865993
2017-07-07,85.51831025881867,12.782777082364554
2017-07-08,85.91050291842488,19.07812325121765
2017-07-09,86.3026955780311,45.412393903779986
2017-07-10,86.69488823763733,111.73620334102246
2017-07-11,87.08708089724355,212.22896876793962
2017-07-12,169.81233360000004,130.90615653844736
2017-07-13,88.84362783,76.75044572674581
2017-07-14,50.0,56.76104025221324
2017-07-15,86.47104106461538,168.59742708994338
2017-07-16,85.87979574895658,100.36636793070936
2017-07-17,85.28855043329777,60.12503398409529
2017-07-18,84.69730511763896,71.49539876824389
2017-07-19,84.10605980198017,113.38689910672714
2017-07-20,95.61523462599008,58.48044350331918
2017-07-21,107.12440945,21.601095519267567
2017-07-22,92.8433070875,7.7062956258492825
2017-07-23,78.562204725,2.7733164388168503
2017-07-24,64.28110236250001,0.9441664565567084
2017-07-25,50.0,0.24682088791941673
2017-07-26,145.26041993333337,0.3031224777008431
2017-07-27,240.52083986666673,0.9787747288312462
2017-07-28,335.7812598000001,4.521637729181568
2017-07-29,251.24123356666672,21.270237880232653
2017-07-30,166.70120733333337,58.867121922879484
2017-07-31,82.1611811,124.84771824342297
2017-08-01,82.93606299999998,191.85812106415838
2017-08-02,98.8875448572974,725.360121221065
2017-08-03,114.83902671459482,1477.476173195417
2017-08-04,108.07533831980086,788.2106687445005
2017-08-05,101.3116499250069,325.8280340919017
2017-08-06,94.54796153021294,151.6846736821986
2017-08-07,87.78427313541899,131.11188541488582
2017-08-08,81.02058474062503,186.47488020634492
2017-08-09,81.35082207708335,112.24617183809004
2017-08-10,81.68105941354167,89.93341246546281
2017-08-11,82.01129675,118.56676053177684
2017-08-12,81.4633961,72.8095679291898
2017-08-13,80.91549545,62.974534885670174
2017-08-14,80.36759479999999,86.4952279483264
2017-08-15,83.680615225,46.61610750020918
2017-08-16,86.99363565,31.88881604768949
2017-08-17,85.82753595572139,76.43193871627413
2017-08-18,84.66143626144279,196.08281050876084
2017-08-19,83.49533656716417,394.2004049299049
2017-08-20,82.3047342160821,325.3511675851398
2017-08-21,81.114131865,361.03719090625884
2017-08-22,119.8125926,184.16972288177408
2017-08-23,101.18249803,78.54367862063886
2017-08-24,82.55240346000002,39.56218731761306
2017-08-25,83.48097714400002,16.869660369637604
2017-08-26,84.40955082800002,7.4848644530747075
2017-08-27,85.33812451200001,5.757815128927245
2017-08-28,86.26669819600001,10.407835259833874
2017-08-29,87.19527188,27.931736795779504
2017-08-30,81.24638824000002,82.32137573337532
2017-08-31,144.55300855817998,185.6686437596504
2017-09-01,129.60000726863498,102.74462480315374
2017-09-02,114.64700597909001,55.813199545383235
2017-09-03,99.69400468954501,60.2768372589821
2017-09-04,84.74100340000003,108.97818472220483
2017-09-05,90.42848162509745,153.71024297440886
2017-09-06,124.42428579666668,180.957724499582
2017-09-07,142.92354368833333,93.16036142255679
2017-09-08,161.42280158,47.975157056224006
2017-09-09,137.6575428146679,43.36376771226824
2017-09-10,113.89228404933579,79.29418826239483
2017-09-11,90.1270252840037,147.90950688915547
2017-09-12,86.57900671200184,97.77061556213948
2017-09-13,83.03098814,95.78131855618909
2017-09-14,88.6679842,141.78451883454292
2017-09-15,108.81969960555556,74.63524391931189
2017-09-16,128.9714150111111,37.74478317020458
2017-09-17,149.12313041666664,35.53624854911868
2017-09-18,169.2748458222222,55.883442101894445
2017-09-19,138.83171301814815,54.51017353590926
2017-09-20,108.38858021407407,110.93329532660009
2017-09-21,77.94544741,429.4896946900906
2017-09-22,112.63830435454544,1825.598178021849
2017-09-23,105.53289695447155,3395.757544241383
2017-09-24,118.11114445835366,1771.6386184479666
2017-09-25,130.6893919622358,782.9883806259585
2017-09-26,143.26763946611788,507.64044962939334
2017-09-27,155.84588697,606.3192058023697
2017-09-28,174.82982495,383.8045911297248
2017-09-29,97.71145439091806,323.7546972599239
2017-09-30,99.08202555254684,153.06160768342423
2017-10-01,100.4525967141756,71.29001820879868
2017-10-02,101.82316787580437,61.00071250395213
2017-10-03,103.19373903743315,120.81470921675157
2017-10-04,137.51776266666664,282.8618265982607
2017-10-05,71.25888133333332,134.34151624646552
2017-10-06,5.0,40.97314276277256
2017-10-07,90.12286159,66.80915552823464
2017-10-08,88.13894972303855,95.05535130146802
2017-10-09,86.15503785607712,200.99260754098222
2017-10-10,84.17112598911567,378.37915383292835
2017-10-11,83.69523150996015,117.09161144084723
2017-10-12,1422.899689,19.126319294435174
2017-10-13,1123.364502375,5.207536696256136
2017-10-14,823.82931575,6.554641104472207
2017-10-15,524.2941291249999,17.709629103764634
2017-10-16,224.7589425,70.72006222929221
2017-10-17,185.68425085384615,321.6371964643785
2017-10-18,146.60955920769229,696.7965015291857
2017-10-19,98.30477960384614,346.03657922821816
2017-10-20,50.0,185.97716765048634
2017-10-21,94.77069591333478,483.3203074733421
2017-10-22,90.21330364222318,251.58697024055041
2017-10-23,85.6559113711116,114.03741370872125
2017-10-24,81.0985191,74.86192946454265
2017-10-25,92.61626398333335,49.3965695786837
2017-10-26,104.13400886666669,64.00753897695839
2017-10-27,115.65175375000004,112.70278958070713
2017-10-28,93.76783583333336,69.42722485949527
2017-10-29,71.88391791666669,76.7149396975085
2017-10-30,50.0,284.8635206162026
2017-10-31,114.87652338916666,1539.99179790441
2017-11-01,103.83088075,3905.486504870941
2017-11-02,83.75058456,1085.921597998653
2017-11-03,84.49381793714285,299.4306974124238
2017-11-04,85.23705131428572,101.14451394439926
2017-11-05,85.98028469142858,37.08740703476268
2017-11-06,86.72351806857144,14.686046692419568
2017-11-07,87.4667514457143,8.287904010160185
2017-11-08,88.20998482285717,10.803809498477758
2017-11-09,88.95321820000002,23.555882351709126
2017-11-10,192.1487441125,45.679991074475744
2017-11-11,174.65481075625,32.18884370469694
2017-11-12,157.1608774,40.02321221850358
2017-11-13,139.66694404375,85.63828473266376
2017-11-14,122.1730106875,165.62455769134192
2017-11-15,122.89827316,59.19304303190279
2017-11-16,106.37161719999999,41.41710886928199
2017-11-17,89.84496123999998,62.273519208493155
2017-11-18,78.210646,51.06220089716426
2017-11-19,123.86724088888889,22.660656846237472
2017-11-20,169.52383577777778,8.628782104613881
2017-11-21,215.18043066666667,3.20078899847
2017-11-22,260.83702555555556,1.2106297811426427
2017-11-23,306.49362044444445,0.5339834349520698
2017-11-24,352.15021533333334,0.4382309115082569
2017-11-25,397.8068102222222,0.8431050210402751
2017-11-26,443.4634051111111,2.6438837516141036
2017-11-27,489.12,13.511830563239974
2017-11-28,352.3564082683333,79.41373904724026
2017-11-29,215.5928165366667,254.10344803455968
2017-11-30,78.82922480500002,883.5739030556363
2017-12-01,105.56110373333333,3051.094303676325
2017-12-02,108.43011551936507,1550.6162124145274
2017-12-03,111.29912730539684,633.7489698324157
2017-12-04,114.16813909142859,297.21711176929807
2017-12-05,103.2578291609524,120.90236564042945
2017-12-06,92.3475192304762,52.99360041685156
2017-12-07,81.4372093,36.007545485141314
2017-12-08,88.81199266333334,22.1819879046631
2017-12-09,96.18677602666666,27.389536125969624
2017-12-10,103.56155939,61.65907455088988
2017-12-11,110.93634275333332,156.08376920342053
2017-12-12,118.31112611666666,323.6722187672059
2017-12-13,178.87408407777778,154.00144055136892
2017-12-14,239.43704203888888,56.117892590177796
2017-12-15,300.0,15.727212537052473
2017-12-16,255.40245071666666,15.009638967084236
2017-12-17,210.80490143333333,32.505045048869725
2017-12-18,166.20735215,67.480796310151
2017-12-19,180.5712684869241,44.465115233613226
2017-12-20,194.93518482384826,46.93770396522571
2017-12-21,136.5438186869241,62.7977605533483
2017-12-22,78.15245254999998,111.85540180843729
2017-12-23,93.47749870099828,61.57852723051179
2017-12-24,108.80254485199657,47.97078361865898
2017-12-25,124.12759100299488,83.97321387674947
2017-12-26,139.45263715399318,202.3583569159472
2017-12-27,154.77768330499148,414.1123413047413
2017-12-28,86.23437750886076,155.89023531990313
2017-12-29,78.92958861,110.51993882050866
2017-12-30,79.70769488322367,186.19498355117952
2017-12-31,86.5058360556519,172.65093795013627
2018-01-01,93.30397722808013,295.1807786486759
2018-01-02,100.10211840050836,562.7857517086671
2018-01-03,82.57531644000002,168.41854695112974
2018-01-04,124.79377828000003,101.80611726878054
2018-01-05,167.01224012000003,141.70239316789107
2018-01-06,157.5301290931859,72.7411753359177
2018-01-07,148.04801806637178,47.36997775400058
2018-01-08,138.56590703955766,59.54776124199283
2018-01-09,118.44843909303844,47.2082990707182
2018-01-10,98.33097114651923,72.14381787868716
2018-01-11,78.2135032,138.1732699567726
2018-01-12,78.51851380833332,73.76079266692162
2018-01-13,78.82352441666666,52.934258063756175
2018-01-14,79.12853502499999,84.38328084559204
2018-01-15,79.43354563333331,163.20211228678244
2018-01-16,79.66746745999998,76.7888042146308
2018-01-17,79.90138928666664,29.776037253433675
2018-01-18,80.13531111333332,12.292835055055631
2018-01-19,80.36923293999999,8.041764880862829
2018-01-20,80.60315476666666,12.492737034672494
2018-01-21,80.83707659333332,29.83888558567208
2018-01-22,81.07099842,69.00413154146376
2018-01-23,104.74204905176471,99.90475433185505
2018-01-24,128.41309968352942,220.694126263021
2018-01-25,152.08415031529412,455.7663733892433
2018-01-26,115.13652839764706,203.42637711366734
2018-01-27,78.18890648,57.092559697124415
2018-01-28,99.81667986,32.614684786536316
2018-01-29,121.44445324,51.83480320519503
2018-01-30,143.07222661999998,131.82922417435344
2018-01-31,164.7,409.3845856430239
2018-02-01,109.22100848897634,1355.1143232257377
2018-02-02,78.80811456,427.51649487630715
2018-02-03,90.877450915,168.5655413720638
2018-02-04,102.94678727,143.70648513327262
2018-02-05,115.016123625,270.2737402198085
2018-02-06,127.08545998,556.6503035799069
2018-02-07,151.0,332.1231701091299
2018-02-08,139.07132502222223,135.42351821133047
2018-02-09,127.14265004444445,53.83251419808033
2018-02-10,115.21397506666668,28.960228534921836
2018-02-11,103.2853000888889,35.376552687423896
2018-02-12,91.35662511111113,77.8287461979434
2018-02-13,79.42795013333334,164.53557430201928
2018-02-14,262.58273342222225,89.22385535792318
2018-02-15,445.73751671111114,69.38394662533032
2018-02-16,628.8923,100.32038025017475
2018-02-17,527.3022201182608,50.402534926411384
2018-02-18,425.71214023652175,33.05664701415015
2018-02-19,324.12206035478266,50.1824134676436
2018-02-20,222.53198047304352,118.26374018380804
2018-02-21,120.94190059130436,254.801998683172
2018-02-22,129.96699147065218,150.1534465545171
2018-02-23,138.99208235,127.80494773332435
2018-02-24,83.91084718,57.48661034664583
2018-02-25,112.26122036444447,40.44383454841853
2018-02-26,140.61159354888892,67.40052862728002
2018-02-27,168.96196673333338,164.08662992945824
2018-02-28,127.85773018,367.7685021753102
2018-03-01,198.12111798666592,259.53813354803833
2018-03-02,168.68831519749943,111.12031850500492
2018-03-03,139.25551240833295,51.218784929963746
2018-03-04,109.82270961916649,45.07532576842111
2018-03-05,80.38990683,85.44870148774518
2018-03-06,80.711801248,200.49391285636474
2018-03-07,101.9568944,539.9329027373501
2018-03-08,167.270263975,362.5139857451604
2018-03-09,167.270263975,271.45452910999956
2018-03-10,151.26206003666667,133.08210350821724
2018-03-11,135.25385609833333,100.52754698182147
2018-03-12,119.24565216,145.37813243807892
2018-03-13,115.71703878997349,81.8289412339804
2018-03-14,112.18842541994697,77.52582109481789
2018-03-15,108.65981204992045,155.31134049582298
2018-03-16,105.13119867989393,391.59965917603364
2018-03-17,101.60258530986741,874.9658407052823
2018-03-18,103.26695097225303,670.7867791637873
2018-03-19,104.93131663463863,846.281445853042
2018-03-20,78.37334375,305.06060767210454
2018-03-21,171.31997919999995,141.51942770576753
2018-03-22,147.31391545070426,361.16438704503383
2018-03-23,208.5071629880282,164.68500317182537
2018-03-24,269.70041052535214,62.44454529160804
2018-03-25,330.8936580626761,23.80177808874985
2018-03-26,392.0869056,12.833394816993822
2018-03-27,233.56325015000002,35.10260198033648
2018-03-28,75.03959470000002,93.72409009912474
2018-03-29,94.07460566395352,213.89869554064362
2018-03-30,113.10961662790702,464.6456633099743
2018-03-31,207.16767253004272,243.40797848810632
2018-04-01,190.91886502002848,123.70502766981082
2018-04-02,174.67005751001423,124.83072677666843
2018-04-03,158.42125,218.65459120782205
2018-04-04,82.959,126.18688115369241
2018-04-05,158.29785,219.34424413715698
2018-04-06,144.20889250000002,125.1658016175684
2018-04-07,130.119935,124.39538223267716
2018-04-08,116.0309775,251.01818943092812
2018-04-09,101.94202,537.7289385006761
2018-04-10,90.64006,243.30512001021248
2018-04-11,79.3381,100.18407780438397
2018-04-12,103.58805,36.068608925556056
2018-04-13,127.838,9.754517532718348
2018-04-14,121.91834690265486,5.592078901430996
2018-04-15,115.99869380530973,8.5865160202387
2018-04-16,110.0790407079646,20.922235464452292
2018-04-17,104.15938761061948,54.89539566162329
2018-04-18,98.23973451327434,124.93594816781774
2018-04-19,75.83633333333334,74.94266626113772
2018-04-20,85.78234872979216,30.99902490527176
2018-04-21,95.72836412625097,14.832533211922762
2018-04-22,105.67437952270978,14.52164194771786
2018-04-23,115.6203949191686,29.966836494651616
2018-04-24,125.56641031562741,77.80001199712643
2018-04-25,135.5124257120862,205.80056326759225
2018-04-26,145.45844110854503,464.9740614389205
2018-04-27,120.74348722093919,221.780666197222
2018-04-28,96.02853333333336,137.49222793275518
2018-04-29,102.12483560354376,295.1411070958494
2018-04-30,108.22113787375416,660.1754867322148
2018-05-01,120.1298800479882,368.8753157480518
2018-05-02,132.03862222222222,326.5934042971271
2018-05-03,97.07673796791443,251.5737783861156
2018-05-04,168.79319999999996,106.79547238844668
2018-05-05,149.10369999999998,48.303895066516056
2018-05-06,129.4142,41.00842303684579
2018-05-07,109.72469999999998,79.11232411495185
2018-05-08,90.0352,221.93553525626652
2018-05-09,96.96716907795292,751.8208309016263
2018-05-10,95.14158453897646,320.4231183160855
2018-05-11,93.316,100.98606701234702
2018-05-12,97.0862877457131,151.2819340932167
2018-05-13,100.85657549142618,372.71054776994237
2018-05-14,104.62686323713928,847.5585238846859
2018-05-15,96.48603161856964,363.2918102164665
2018-05-16,88.3452,140.28579264291074
2018-05-17,151.54821176470585,224.9903867519256
2018-05-18,149.48065882352938,96.62025297375281
2018-05-19,147.4131058823529,37.80996156923167
2018-05-20,145.34555294117646,18.77267513039165
2018-05-21,143.278,20.961944562993367
2018-05-22,170.06039215686275,52.92716381418754
2018-05-23,131.84719607843138,24.87435418898228
2018-05-24,93.634,14.66318231350565
2018-05-25,93.634,15.983789991764965
2018-05-26,118.17407619047617,32.8964243968575
2018-05-27,142.71415238095233,84.3086608109358
2018-05-28,167.2542285714285,197.7563623299559
2018-05-29,156.61282417582413,131.0486637591934
2018-05-30,145.97141978021975,175.13874952361277
2018-05-31,135.33001538461536,352.4241108924221
2018-06-01,127.03957948717947,150.39923074463053
2018-06-02,118.74914358974358,56.63649610100139
2018-06-03,110.45870769230768,22.43254468958902
2018-06-04,102.1682717948718,12.545039875505665
2018-06-05,93.8778358974359,16.168931594052346
2018-06-06,85.5874,34.11016273351635
2018-06-07,125.44001578947369,42.952713413187006
2018-06-08,165.29263157894738,82.69636780172661
2018-06-09,204.6434210526316,34.92952395726211
2018-06-10,243.9942105263158,12.632546826638153
2018-06-11,283.345,3.819842576393978
2018-06-12,264.87943571428576,1.9142854336328297
2018-06-13,246.41387142857144,2.281742287682382
2018-06-14,227.94830714285717,5.13408509341422
2018-06-15,209.48274285714285,13.561974165706191
2018-06-16,191.0171785714286,36.69791482190631
2018-06-17,172.5516142857143,98.89718445940385
2018-06-18,154.08605,246.19125904861951
2018-06-19,79.4166,349.656810024044
2018-06-20,102.0344713438735,1006.0205828142572
2018-06-21,93.53704761904758,416.4535205026171
2018-06-22,90.55735714285711,158.6936333128625
2018-06-23,87.57766666666666,70.65462651869231
2018-06-24,84.59797619047619,58.875414308771106
2018-06-25,81.61828571428572,98.06494247252864
2018-06-26,187.91258620689646,50.9134888007156
2018-06-27,224.52,19.608914766847807
2018-06-28,87.79520000000002,58.92562549972119
2018-06-29,169.61511111111108,296.3936653755135
2018-06-30,134.67386544342506,1015.4065996945517
2018-07-01,104.8543544030254,1125.2730376743195
2018-07-02,96.5241772015127,438.2848188192302
2018-07-03,88.194,104.95493954121152
2018-07-04,159.12879999999996,27.051659169343484
2018-07-05,147.24599999999998,9.451100218676228
2018-07-06,135.36319999999998,3.8070175203531305
2018-07-07,123.48039999999999,2.3481782248611194
2018-07-08,111.5976,3.441444593927337
2018-07-09,99.71480000000001,8.302033066165501
2018-07-10,87.83200000000002,23.18080719754716
2018-07-11,303.9,81.89713385956317
2018-07-12,104.8435656401945,308.6152634851922
2018-07-13,163.68266666666668,154.74292988525735
2018-07-14,146.59713333333335,66.68769342822486
2018-07-15,129.5116,45.96918595302926
2018-07-16,112.42606666666666,74.3440218462588
2018-07-17,95.34053333333333,162.26003798235595
2018-07-18,187.57887096774198,93.35902606183818
2018-07-19,131.4235,120.47853168981577
2018-07-20,88.20729999999998,90.49561382292687
2018-07-21,80.46374999999998,96.95681046006746
2018-07-22,87.30195367573009,128.20619811345307
2018-07-23,94.14015735146019,290.3163879040617
2018-07-24,100.9783610271903,669.1163692008381
2018-07-25,114.8,199.92544023765026
2018-07-26,111.38498771498772,73.56235041792145
2018-07-27,107.96997542997543,37.6324636140614
2018-07-28,104.55496314496315,42.885093528318485
2018-07-29,101.13995085995089,93.84460020271229
2018-07-30,97.7249385749386,217.92089628174938
2018-07-31,97.7629409664354,93.51157792286021
2018-08-01,97.80094335793218,42.14639958926906
2018-08-02,97.83894574942897,35.72863537141992
2018-08-03,97.87694814092578,68.07049442154954
2018-08-04,97.91495053242257,174.11864256302727
2018-08-05,97.95295292391936,464.9071640001662
2018-08-06,97.99095531541614,1130.962672977458
2018-08-07,101.95866666666667,697.340337448
2018-08-08,124.52341111111113,281.5320297647821
2018-08-09,147.0881555555556,135.1974586747822
2018-08-10,169.65290000000005,124.56953731461333
2018-08-11,165.51498247863253,49.55976889840872
2018-08-12,161.377064957265,18.323282530303164
2018-08-13,157.23914743589748,6.742252487347583
2018-08-14,153.10122991452994,2.4804725572787993
2018-08-15,148.96331239316243,0.9128402602372556
2018-08-16,144.82539487179488,0.3366992772341988
2018-08-17,140.68747735042737,0.12626799610890718
2018-08-18,136.54955982905983,0.05298411215239778
2018-08-19,132.41164230769232,0.03724950714504798
2018-08-20,128.2737247863248,0.06197384926096277
2018-08-21,124.13580726495726,0.1540116632417681
2018-08-22,119.99788974358975,0.4133301332438291
2018-08-23,115.85997222222221,1.1215855796643437
2018-08-24,111.7220547008547,3.048017572650071
2018-08-25,107.58413717948717,8.284692998750758
2018-08-26,103.44621965811965,22.512355461933396
2018-08-27,99.30830213675212,60.850246125603185
2018-08-28,95.17038461538459,151.64067112912554
2018-08-29,163.7318,131.01507855065074
2018-08-30,112.5161,190.78387996941174
2018-08-31,141.9758918918919,513.3780854473334
2018-09-01,103.79769305887243,376.9183339802563
2018-09-02,104.58730111376461,148.05173515624776
2018-09-03,105.37690916865678,56.52667797991087
2018-09-04,106.16651722354896,25.841339317196333
2018-09-05,106.95612527844114,23.113493790677936
2018-09-06,107.74573333333332,41.30807186638766
2018-09-07,110.89160059523809,16.743660305142534
2018-09-08,114.03746785714284,6.196575804996913
2018-09-09,117.18333511904761,2.283682471129733
2018-09-10,120.32920238095238,0.8497971300689497
2018-09-11,123.47506964285714,0.33891255396191344
2018-09-12,126.6209369047619,0.19614120009826053
2018-09-13,129.76680416666667,0.26641024218582926
2018-09-14,132.91267142857143,0.6260413989117479
2018-09-15,136.0585386904762,1.6656388440894865
2018-09-16,139.20440595238097,4.514274503442176
2018-09-17,142.35027321428572,12.26522736593231
2018-09-18,145.49614047619048,33.324893578507506
2018-09-19,148.64200773809526,90.04829681169367
2018-09-20,151.787875,222.69538557027028
2018-09-21,122.4152775,132.07196333236539
2018-09-22,93.04268,150.67824185888006
2018-09-23,96.09565333333333,60.92657678741631
2018-09-24,99.14862666666667,24.959065855782452
2018-09-25,102.2016,15.825352402898089
2018-09-26,105.25457333333333,23.869053151619248
2018-09-27,108.30754666666667,57.564786465513215
2018-09-28,111.36052,141.7808818800597
2018-09-29,130.8281,111.31702365254323
2018-09-30,125.12602412733202,161.3719059628711
2018-10-01,119.42394825466404,350.95421302158076
2018-10-02,115.53155956450381,150.22151248998398
2018-10-03,111.63917087434359,79.15705869309764
2018-10-04,107.74678218418336,92.9449612822505
2018-10-05,103.85439349402313,190.2009192698162
2018-10-06,91.37386014762558,76.43726410603108
2018-10-07,78.89332680122804,28.480066413444323
2018-10-08,66.41279345483049,11.115123834622244
2018-10-09,53.93226010843295,5.81906393042017
2018-10-10,41.451726762035406,6.860211635287929
2018-10-11,28.971193415637856,16.16098443537993
2018-10-12,107.26737540009144,59.95906128713922
2018-10-13,115.34775034293553,24.403638139486624
2018-10-14,123.4281252857796,9.50069080610617
2018-10-15,131.5085002286237,4.803015806387507
2018-10-16,139.58887517146778,5.32046893629305
2018-10-17,147.66925011431186,11.614136472352945
2018-10-18,155.74962505715592,30.378320036018497
2018-10-19,163.83,74.87793563871362
2018-10-20,19.604224058769518,19.861558015400394
2018-10-21,37.01689623507805,7.257593199128215
2018-10-22,54.42956841138659,3.516109549157681
2018-10-23,71.84224058769513,3.613017360892474
2018-10-24,89.25491276400366,7.612056228506682
2018-10-25,106.6675849403122,18.715081977030422
2018-10-26,113.28043376951331,20.84363191087844
2018-10-27,119.89328259871442,44.445175256382896
2018-10-28,126.50613142791553,116.17057162690175
2018-10-29,133.11898025711665,307.5759346283257
2018-10-30,135.87282644628098,638.8918968786746
2018-10-31,125.37855096418733,259.9585456018158
2018-11-01,114.88427548209366,109.35369982433349
2018-11-02,104.39,73.27196469450233
2018-11-03,157.05987514502453,28.142063983552738
2018-11-04,209.72975029004908,10.38574880056322
2018-11-05,262.39962543507363,3.8550777321949914
2018-11-06,315.0695005800982,1.5110353334511735
2018-11-07,367.7393757251227,0.8082105598074777
2018-11-08,420.4092508701473,0.9832239352965827
2018-11-09,473.0791260151718,2.2261407891582445
2018-11-10,525.7490011601964,5.886216748933206
2018-11-11,578.4188763052209,15.883860980810496
2018-11-12,631.0887514502455,39.92225445715825
2018-11-13,523.6847866840268,17.305576455217995
2018-11-14,416.28082191780817,10.62953550150279
2018-11-15,119.25052631578949,24.10246536910513
2018-11-16,100.0,6.442834913522639
2018-11-17,100.0,2.377240230114606
2018-11-18,100.0,1.1655795883439342
2018-11-19,100.0,1.224746716643313
2018-11-20,100.0,2.6142744144103407
2018-11-21,100.0,6.843958886184418
2018-11-22,100.0,18.549013914723794
2018-11-23,100.0,52.7070333153734
2018-11-24,154.1271249122807,200.34861861346207
2018-11-25,156.53917713450292,83.65905603509098
2018-11-26,158.95122935672515,40.79174717052501
2018-11-27,161.36328157894735,41.82753736205915
2018-11-28,163.77533380116958,82.12545632853057
2018-11-29,159.60860995251272,32.4757421422753
2018-11-30,155.4418861038559,11.983908546685289
2018-12-01,151.27516225519904,4.409307980254775
2018-12-02,147.10843840654218,1.6229070284520872
2018-12-03,142.94171455788535,0.5992373166369508
2018-12-04,138.7749907092285,0.22643588131842782
2018-12-05,134.60826686057163,0.0995802821096565
2018-12-06,130.4415430119148,0.08088486926544793
2018-12-07,126.27481916325794,0.15004332644271365
2018-12-08,122.1080953146011,0.38217227796792297
2018-12-09,117.94137146594426,1.0293966472378773
2018-12-10,113.7746476172874,2.794668995930995
2018-12-11,109.60792376863056,7.594558783896932
2018-12-12,105.44119991997371,20.585985945451274
2018-12-13,101.27447607131685,52.44808586203361
2018-12-14,640.2193756097561,37.023963206496596
2018-12-15,611.8551371001738,14.189614583432022
2018-12-16,583.4908985905917,5.229038222354613
2018-12-17,555.1266600810094,1.923852198978756
2018-12-18,526.7624215714271,0.7080378139232574
2018-12-19,498.398183061845,0.2612649471285863
2018-12-20,470.0339445522627,0.09826793349838332
2018-12-21,441.6697060426805,0.04200573898647402
2018-12-22,413.3054675330983,0.031368546186283444
2018-12-23,384.94122902351603,0.054802642176693374
2018-12-24,356.5769905139338,0.13776118945597102
2018-12-25,328.2127520043516,0.3703502168945618
2018-12-26,299.84851349476935,1.005196463580275
2018-12-27,271.48427498518714,2.7318272028391566
2018-12-28,243.12003647560493,7.4255078706167055
2018-12-29,214.75579796602267,20.183330037143673
2018-12-30,186.39155945644046,54.85306166705131
2018-12-31,158.02732094685825,148.83020914783208
2019-01-01,129.66308243727602,389.96731851168175
2019-01-02,127.87227109807756,592.9837899037024
2019-01-03,106.68583752695902,235.1599185599727
2019-01-04,126.64270309130123,322.05564259852355
2019-01-05,108.4687275341481,316.13202285389957
2019-01-06,125.08027797747424,127.83066275529096
2019-01-07,141.6918284208004,61.771681413376314
2019-01-08,158.30337886412653,59.30785768123965
2019-01-09,175.4133716750539,16.749437919920172
2019-01-10,169.71796662778868,5.990163412529951
2019-01-11,164.02256158052344,2.2057877634588707
2019-01-12,158.32715653325823,0.8242461781385837
2019-01-13,152.63175148599302,0.3380326001304105
2019-01-14,146.9363464387278,0.21897684047369775
2019-01-15,141.24094139146257,0.3377642833612683
2019-01-16,135.54553634419736,0.8234139169693344
2019-01-17,129.85013129693215,2.2033949641892194
2019-01-18,124.15472624966691,5.976407605396686
2019-01-19,118.4593212024017,16.239194519835173
2019-01-20,112.76391615513647,44.126374581319126
2019-01-21,107.06851110787125,119.56555277636372
2019-01-22,101.37310606060603,303.11649585120637
2019-01-23,106.06060606060606,93.880050493458
2019-01-24,110.60253139782442,34.245465296521694
2019-01-25,115.14445673504278,13.5323065678663
2019-01-26,119.68638207226113,7.542538667610302
2019-01-27,124.22830740947948,9.745381572424774
2019-01-28,128.77023274669784,22.533192196288905
2019-01-29,133.3121580839162,59.79498763338962
2019-01-30,137.85408342113456,161.9822955879687
2019-01-31,142.3960087583529,438.39026179211794
2019-02-01,121.68149040181034,1092.6231718964739
2019-02-02,137.97702247853604,444.3255672658566
2019-02-03,128.00833649160438,225.9608184415318
2019-02-04,118.03965050467274,251.64852872143106
2019-02-05,108.07096451774107,520.4909078686361
2019-02-06,106.96022727272728,182.34439885466358
2019-02-07,136.3081395348837,67.15988221185563
2019-02-08,165.65605179704016,25.888035393045385
2019-02-09,195.0039640591966,12.747726325063113
2019-02-10,224.35187632135302,13.465337500608802
2019-02-11,253.69978858350947,29.7771330757448
2019-02-12,110.6245910680451,117.15355092815432
2019-02-13,84.4811753902663,108.18957735525791
2019-02-14,105.63706123959822,41.34327277529173
2019-02-15,126.79294708893016,15.394477816051303
2019-02-16,147.9488329382621,6.1245341754556915
2019-02-17,169.104718787594,3.5066806226331075
2019-02-18,190.26060463692593,4.702351083463224
2019-02-19,211.41649048625786,11.44666524044187
2019-02-20,186.88078976940662,49.991517335701005
2019-02-21,162.34508905255538,143.12829234937837
2019-02-22,137.80938833570414,381.7308789903739
2019-02-23,101.90611664295878,575.1305059542211
2019-02-24,129.64122016753598,271.7738175989047
2019-02-25,157.3763236921132,239.2955612163529
2019-02-26,185.1114272166904,456.7929391179874
2019-02-27,152.97486209612904,665.4998342725261
2019-02-28,151.77409886250152,648.5129889843928
2019-03-01,150.12259324407088,466.93276785521994
2019-03-02,446.83771714134286,261.95477281418823
2019-03-03,341.4668510337198,217.37204414434743
2019-03-04,236.09598492609678,405.4312993427015
2019-03-05,130.72511881847373,997.0015244035337
2019-03-06,143.82576287244032,442.6082997716496
2019-03-07,156.9264069264069,334.05388520959855
2019-03-08,154.6897546897547,277.4514550112375
2019-03-09,147.40566032267898,162.23002341137476
2019-03-10,140.1215659556033,218.92390197992796
2019-03-11,132.8374715885276,502.3967692423267
2019-03-12,160.02886002886004,190.71332880603129
2019-03-13,159.28932178932178,120.82095308952677
2019-03-14,158.54978354978348,179.5572043439733
2019-03-15,165.23268398268394,72.67006721692215
2019-03-16,171.9155844155844,42.083758313003734
2019-03-17,178.59848484848484,57.20919521668101
2019-03-18,185.2813852813853,134.9737727441788
2019-03-19,145.61688311688312,431.93690516330145
2019-03-20,138.4418434528164,301.17673605675327
2019-03-21,102.04828090709586,111.2094928092468
2019-03-22,65.65471836137529,39.69447959718378
2019-03-23,29.261155815654718,11.396991549603483
2019-03-24,49.80420844270408,15.335441878475166
2019-03-25,70.34726106975344,36.02748649086584
2019-03-26,90.89031369680279,95.82243123032647
2019-03-27,111.43336632385216,258.03926513715095
2019-03-28,114.93782004389178,352.87103249195707
2019-03-29,118.18188854060776,1120.3873774576875
2019-03-30,137.00796589822522,1591.575630634096
2019-03-31,137.00796589822522,590.3168502977791
