2017-01-02,56.9892,6.94397193248201e-10
2017-01-03,56.9892,5.626758735962956e-06
2017-01-04,56.9892,0.006170490204333978
2017-01-05,56.9892,0.9157819444367089
2017-01-06,56.9892,18.393972058572118
2017-01-07,56.9892,50.0
2017-01-08,54.25836363636363,18.393972058572118
2017-01-09,51.52752727272727,0.9157819444367089
2017-01-10,48.796690909090906,0.006170490204333978
2017-01-11,46.06585454545454,5.62675873596306e-06
2017-01-12,43.33501818181818,6.944433867245781e-10
2017-01-13,40.604181818181814,2.765806348558336e-09
2017-01-14,37.87334545454546,2.2411467003905988e-05
2017-01-15,35.14250909090909,0.02457715847764634
2017-01-16,32.41167272727273,3.6475788536975347
2017-01-17,29.680836363636363,73.26919699223075
2017-01-18,26.95,200.0
2017-01-19,42.2094,90.32065007510809
2017-01-20,57.4688,50.0
2017-01-21,55.912533333333336,15.078205161166059
2017-01-22,54.35626666666666,-32.40392723575393
2017-01-23,52.8,50.0
2017-01-24,34.525,400.0
2017-01-25,35.62249988,160.30061187072258
2017-01-26,36.71999976,8.069493691554772
2017-01-27,37.817499639999994,0.05445261005185033
2017-01-28,38.914999519999995,4.96643233269973e-05
2017-01-29,40.012499399999996,9.601216890019567e-09
2017-01-30,41.10999928,2.8133793782183738e-05
2017-01-31,42.20749916,0.03085245102166989
2017-02-01,43.30499904,4.578909722183544
2017-02-02,44.40249891999999,91.96986029286059
2017-02-03,45.49999879999999,250.0
2017-02-04,46.13142740571428,91.96986029286059
2017-02-05,46.76285601142857,4.578909722183544
2017-02-06,47.39428461714285,0.03085245102166989
2017-02-07,48.025713222857135,2.8133793679814778e-05
2017-02-08,48.65714182857142,3.4719859662410053e-09
2017-02-09,49.28857043428571,5.798807075608925e-14
2017-02-10,49.91999903999999,1.310721415840866e-19
2017-02-11,50.55142764571428,4.0095272263715947e-26
2017-02-12,51.18285625142856,1.6599192998951837e-33
2017-02-13,51.81428485714285,9.30018994005209e-42
2017-02-14,52.445713462857135,7.051925221150338e-51
2017-02-15,53.07714206857142,7.236600779120751e-61
2017-02-16,53.70857067428571,1.0050150539358387e-71
2017-02-17,54.339999279999994,1.8889547549279902e-83
2017-02-18,54.97142788571428,4.8048693195596226e-96
2017-02-19,55.60285649142857,1.6540652641773712e-109
2017-02-20,56.23428509714285,7.706101742372745e-124
2017-02-21,56.865713702857136,7.706101742372793e-125
2017-02-22,57.49714230857142,1.6540652641773714e-110
2017-02-23,58.1285709142857,4.804869319559623e-97
2017-02-24,58.759999519999994,1.8889547549279903e-84
2017-02-25,59.39142812571428,1.0050150539358388e-72
2017-02-26,60.02285673142856,7.236600779120751e-62
2017-02-27,60.65428533714285,7.051925221150338e-52
2017-02-28,61.285713942857136,9.300189940052091e-43
2017-03-01,61.91714254857142,1.6599192998951838e-34
2017-03-02,62.54857115428571,4.0095272263715945e-27
2017-03-03,63.179999759999994,1.310721415840866e-20
2017-03-04,63.81142836571428,5.798807075608924e-15
2017-03-05,64.44285697142857,3.471985966241005e-10
2017-03-06,65.07428557714285,2.813379367981478e-06
2017-03-07,65.70571418285714,0.003085245102166989
2017-03-08,66.33714278857143,0.45789097221835445
2017-03-09,66.9685713942857,9.196986029286059
2017-03-10,67.6,25.0
2017-03-11,67.6,9.196986029286064
2017-03-12,67.6,0.4578909725873755
2017-03-13,67.6,0.0030882352580135254
2017-03-14,67.6,0.003281493628518732
2017-03-15,67.6,0.4861345429500551
2017-03-16,67.6,9.695325720110631
2017-03-17,67.6,25.0
2017-03-18,60.40862016,10.0
2017-03-19,52.70430976,90.88241759456349
2017-03-20,44.99999936,250.0
2017-03-21,45.03923578181818,91.99746576587032
2017-03-22,45.07847220363636,4.580310239495901
2017-03-23,45.11770862545455,0.0308618908726174
2017-03-24,45.15694504727273,2.8142401763792796e-05
2017-03-25,45.19618146909091,3.473071483548978e-09
2017-03-26,45.23541789090909,1.3888523923097438e-09
2017-03-27,45.27465431272727,1.1253517471926043e-05
2017-03-28,45.31389073454545,0.012340980408667957
2017-03-29,45.35312715636364,1.8315638888734178
2017-03-30,45.39236357818182,36.787944117144235
2017-03-31,45.4316,100.0
2017-04-01,46.53070769230769,36.787944117144235
2017-04-02,47.629815384615384,1.8315638888734178
2017-04-03,48.72892307692308,0.012340980408667957
2017-04-04,49.82803076923077,1.1253517471925912e-05
2017-04-05,50.92713846153846,1.388794386496402e-09
2017-04-06,52.02624615384615,2.3195241409649855e-14
2017-04-07,53.12535384615384,5.7988595044655576e-15
2017-04-08,54.22446153846154,3.471985966241005e-10
2017-04-09,55.32356923076923,2.813379367981478e-06
2017-04-10,56.42267692307692,0.003085245102166989
2017-04-11,57.52178461538462,0.45789097221835445
2017-04-12,58.6208923076923,9.196986029286059
2017-04-13,59.72,25.0
2017-04-14,58.72586113277778,9.196986029286059
2017-04-15,57.731722265555554,0.45789097221835445
2017-04-16,56.73758339833333,0.003085245102166989
2017-04-17,55.74344453111111,2.813379367981478e-06
2017-04-18,54.74930566388889,3.471985967027438e-10
2017-04-19,53.755166796666664,4.0591649529262464e-14
2017-04-20,52.76102792944444,2.0831915797577102e-09
2017-04-21,51.76688906222222,1.6880276207888868e-05
2017-04-22,50.772750195,0.018511470613001933
2017-04-23,49.778611327777774,2.747345833310127
2017-04-24,48.78447246055555,55.18191617571635
2017-04-25,47.79033359333333,150.0
2017-04-26,46.67742879428571,55.18191617571635
2017-04-27,45.56452399523809,2.7473458333126652
2017-04-28,44.45161919619048,0.018511491182991384
2017-04-29,43.33871439714286,3.9455792657535306e-05
2017-04-30,42.22580959809524,0.003370008266419701
2017-05-01,41.11290479904762,0.0705828065945025
2017-05-02,40.0,0.25
2017-05-03,40.0,0.25
2017-05-04,48.3073438486,0.07058393186928899
2017-05-05,56.614687697200004,0.0046041040812183735
2017-05-06,64.92203154580001,0.1831789437921909
2017-05-07,73.22937539440001,3.678794018428726
2017-05-08,81.53671924300001,10.0
2017-05-09,81.53671924300001,3.6800280953440856
2017-05-10,81.53671924300001,0.3663126953285084
2017-05-11,81.53671924300001,3.680027267912947
2017-05-12,81.53671924300001,10.0
2017-05-13,81.53671924300001,3.681261365814935
2017-05-14,81.53671924300001,0.5494690842158944
2017-05-15,81.53671924300001,7.358822507059443
2017-05-16,81.53671924300001,20.0
2017-05-17,78.58819895903704,7.3575884095740935
2017-05-18,75.63967867507408,0.36631275716315664
2017-05-19,72.69115839111112,0.0024681959428889924
2017-05-20,69.74263810714815,2.252786559323314e-06
2017-05-21,66.79411782318519,1.6880553966750538e-05
2017-05-22,63.84559753922222,0.01851147061300657
2017-05-23,60.897077255259255,2.747345833310127
2017-05-24,57.94855697129629,55.18191617571635
2017-05-25,55.00003668733333,150.0
2017-05-26,69.65558816651851,55.18191617571635
2017-05-27,84.31113964570369,2.747345833310127
2017-05-28,98.96669112488888,0.018511470613004226
2017-05-29,113.62224260407407,1.6880413601239894e-05
2017-05-30,128.27779408325927,1.1153930460415604e-06
2017-05-31,142.93334556244443,0.0012208925022434032
2017-06-01,157.58889704162962,0.1811965251894729
2017-06-02,172.2444485208148,3.6395268316440506
2017-06-03,186.9,10.0
2017-06-04,147.17119898659004,19.52048449583161
2017-06-05,107.44239797318009,319.18005568092707
2017-06-06,67.71359695977013,870.0
2017-06-07,58.08913488444347,377.69969343982314
2017-06-08,48.46467280911681,175.5
2017-06-09,51.72226651017094,58.83679301465334
2017-06-10,54.97986021122507,4.29729218130772
2017-06-11,58.2374539122792,27.61062781112154
2017-06-12,61.49504761333333,75.0
2017-06-13,47.68436244888888,27.59991749711033
2017-06-14,33.87367728444444,1.5542062078307788
2017-06-15,20.06299212,0.5
2017-06-16,31.46584883727273,0.18054316954784957
2017-06-17,42.868705554545464,0.008988295957931484
2017-06-18,54.2715622718182,6.056265477582301e-05
2017-06-19,65.67441898909092,5.5225992660352946e-08
2017-06-20,77.07727570636366,6.815429050045204e-12
2017-06-21,88.48013242363639,5.11433315201831e-14
2017-06-22,99.88298914090913,3.055347650292342e-09
2017-06-23,111.28584585818186,2.4757738438237004e-05
2017-06-24,122.68870257545458,0.027150156899069505
2017-06-25,134.0915592927273,4.02944055552152
2017-06-26,145.49441601000004,80.93347705771731
2017-06-27,156.89727272727276,220.0
2017-06-28,154.79731725405276,80.93347705771731
2017-06-29,152.69736178083275,4.02944055552152
2017-06-30,150.59740630761274,0.02715015689907426
2017-07-01,148.49745083439274,2.475802314105498e-05
2017-07-02,146.39749536117273,2.3100261761123212e-06
2017-07-03,144.29753988795272,0.0025299007060696622
2017-07-04,142.19758441473272,0.3754705559960688
2017-07-05,140.0976289415127,7.541527716306509
2017-07-06,137.9976734682927,20.5
2017-07-07,138.61075510121952,7.543995906965001
2017-07-08,139.22383673414635,0.7417825701134211
2017-07-09,139.83691836707317,7.360103390526583
2017-07-10,140.45,20.0
2017-07-11,118.43892857142856,7.4007669163970675
2017-07-12,96.42785714285714,6.7767855839512565
2017-07-13,74.41678571428571,128.76027177295524
2017-07-14,52.40571428571429,350.0
2017-07-15,58.687354330000005,128.75780358229676
2017-07-16,64.96899437428571,6.4104735698339805
2017-07-17,71.25063441857144,0.04319343115257955
2017-07-18,77.53227446285715,3.9387310898457905e-05
2017-07-19,83.81391450714287,4.860780321479829e-09
2017-07-20,90.09555455142858,8.118329853647021e-14
2017-07-21,96.37719459571429,1.8350100330819251e-19
2017-07-22,102.65883464000001,2.0498386810902088e-20
2017-07-23,108.94047468428573,9.06873600557046e-15
2017-07-24,115.22211472857144,5.429827848006061e-10
2017-07-25,121.50375477285715,4.399835087688972e-06
2017-07-26,127.78539481714287,0.004825005720627905
2017-07-27,134.0670348614286,0.7160997857529942
2017-07-28,140.3486749057143,14.389218831381815
2017-07-29,146.63031495,40.0
2017-07-30,99.35988188500001,32.51193027084141
2017-07-31,52.08944882,50.0
2017-08-01,104.6479857704762,18.847592055278852
2017-08-02,157.20652272095236,16.603171682185902
2017-08-03,209.76505967142856,70.0
2017-08-04,48.71885442,100.0
2017-08-05,47.16568558615385,32.294001857629404
2017-08-06,45.61251675230769,1.5775437473037488
2017-08-07,44.05934791846154,0.010601794435055973
2017-08-08,42.50617908461538,9.664177590515958e-06
2017-08-09,40.95301025076923,1.1925973511015386e-09
2017-08-10,39.39984141692308,1.9918301695883116e-14
2017-08-11,37.84667258307692,1.1597655257623845e-14
2017-08-12,36.293503749230766,6.943969588158814e-10
2017-08-13,34.740334915384615,5.626756836338195e-06
2017-08-14,33.187166081538464,0.006170488121142476
2017-08-15,31.633997247692307,0.9157816352637119
2017-08-16,30.080828413846156,18.393965850748963
2017-08-17,28.52765958,50.0
2017-08-18,33.490744685,18.412477318584376
2017-08-19,38.45382979,3.6631273655161576
2017-08-20,43.416914895000005,55.188084593869334
2017-08-21,48.38,150.0
2017-08-22,51.0352380952381,55.18191410644267
2017-08-23,53.69047619047619,2.7473457347545005
2017-08-24,56.34571428571429,0.018547949261997092
2017-08-25,59.000952380952384,0.04001477347653463
2017-08-26,61.656190476190474,5.929018392614634
2017-08-27,64.31142857142856,118.02336803988969
2017-08-28,66.96666666666667,300.0
2017-08-29,34.846153846153854,65.0
2017-08-30,88.14285714285714,35.0
2017-08-31,111.25261722642855,379.5356253715479
2017-09-01,134.36237730999997,1000.0
2017-09-02,129.04360993806876,367.64714875429945
2017-09-03,123.72484256613754,18.30385952493782
2017-09-04,118.40607519420632,0.12345194676700573
2017-09-05,113.08730782227511,0.13339504979994948
2017-09-06,107.76854045034389,19.780889807596836
2017-09-07,102.44977307841269,397.30979232661406
2017-09-08,97.13100570648147,1080.0
2017-09-09,85.34825427986111,397.3221332906347
2017-09-10,73.56550285324073,21.61245145654533
2017-09-11,61.782751426620365,36.92118199284216
2017-09-12,50.0,100.0
2017-09-13,62.51863532083333,36.787899420816316
2017-09-14,75.03727064166667,1.8315616628277793
2017-09-15,87.55590596249999,0.012340965409688738
2017-09-16,100.07454128333333,1.1253503794627263e-05
2017-09-17,112.59317660416667,1.3887926985836552e-09
2017-09-18,125.111811925,2.3195200111422038e-14
2017-09-19,137.63044724583332,5.242879291266044e-20
2017-09-20,150.14908256666666,8.82095794837094e-26
2017-09-21,162.6677178875,2.359298548380487e-19
2017-09-22,175.18635320833334,1.0437852735507306e-13
2017-09-23,187.70498852916666,6.249574738881296e-09
2017-09-24,200.22362385,5.0640828620810154e-05
2017-09-25,212.74225917083334,0.05553441183587333
2017-09-26,225.26089449166665,8.24203749946548
2017-09-27,237.7795298125,165.54574851781172
2017-09-28,250.29816513333333,450.0
2017-09-29,209.68575064266668,165.54595421770574
2017-09-30,169.073336152,8.46779266388854
2017-10-01,128.46092166133332,33.75559623339395
2017-10-02,87.84850717066666,705.8281163955268
2017-10-03,47.23609268,2500.0
2017-10-04,47.23609268,2500.0
2017-10-05,51.428874453999995,705.8281001382601
2017-10-06,55.621656228,33.73773612554158
2017-10-07,59.814438001999996,5.78357700878843
2017-10-08,64.007219776,106.7129729359181
2017-10-09,68.20000155,200.0
2017-10-10,202.4533437,4.0
2017-10-11,51.17053326666666,450.0
2017-10-12,41.96769276333333,183.54799554964958
2017-10-13,32.76485226,50.0
2017-10-14,50.52416796399999,250.0
2017-10-15,75.34944530933333,97.10111866133325
2017-10-16,100.17472265466667,-28.837292182193764
2017-10-17,125.0,0.08
2017-10-18,52.97075604,250.0
2017-10-19,54.173492938888884,104.41033221306441
2017-10-20,55.37622983777778,5.282143642674852
2017-10-21,56.578966736666665,0.07511702323597348
2017-10-22,57.78170363555555,5.8491447619503845
2017-10-23,58.984440534444445,116.62338245522142
2017-10-24,60.18717743333333,300.0
2017-10-25,55.73367108,100.0
2017-10-26,52.034767145,722.00253349077
2017-10-27,48.33586321,2000.0
2017-10-28,45.590997119444445,736.1033465748776
2017-10-29,42.84613102888889,36.64877004901168
2017-10-30,40.10126493833334,0.26544886741007323
2017-10-31,37.35639884777778,2.74757101101868
2017-11-01,34.61153275722223,55.181916202483556
2017-11-02,31.866666666666674,150.0
2017-11-03,30.943663003333338,55.18193868172729
2017-11-04,30.020659340000005,2.772027791863744
2017-11-05,29.09765567666667,3.6816389199454047
2017-11-06,28.174652013333336,73.57589852040317
2017-11-07,27.25164835,200.0
2017-11-08,37.65313007440476,73.59554282616457
2017-11-09,48.05461179880952,6.580772451040507
2017-11-10,58.45609352321428,58.261664468141426
2017-11-11,68.85757524761904,105.0
2017-11-12,60.25759239017316,-892.8018313205021
2017-11-13,51.65760953272727,220.0
2017-11-14,46.97150435857144,7700.0
2017-11-15,45.38405621175825,3186.6450735982257
2017-11-16,43.79660806494506,161.03881771793098
2017-11-17,42.209159918131874,1.0872459504877532
2017-11-18,40.62171177131869,0.0009917083822945474
2017-11-19,39.0342636245055,1.223910200389013e-07
2017-11-20,37.44681547769231,2.044148590374707e-12
2017-11-21,35.859367330879124,1.1570094718852755e-13
2017-11-22,34.271919184065936,6.927218263003766e-09
2017-11-23,32.68447103725275,5.6131830984750034e-05
2017-11-24,31.09702289043956,0.06155602799914454
2017-11-25,29.509574743626374,9.135731853451064
2017-11-26,27.922126596813186,183.50405888521718
2017-11-27,26.33467845,500.0
2017-11-28,281.527339225,207.7260434735326
2017-11-29,536.72,75.0
2017-11-30,497.2035008752874,24.291668912742864
2017-12-01,457.6870017505747,1.206402418630307
2017-12-02,418.1705026258621,0.008128304270215757
2017-12-03,378.6540035011494,7.412047873440433e-06
2017-12-04,339.1375043764368,9.14719362004574e-10
2017-12-05,299.62100525172417,5.011724302599437e-14
2017-12-06,260.1045061270115,2.0860044342778375e-09
2017-12-07,220.58800700229887,1.69028824775078e-05
2017-12-08,181.0715078775862,0.018534750287612468
2017-12-09,141.55500875287356,2.749146378264087
2017-12-10,102.03850962816091,54.97546306111821
2017-12-11,62.522010503448286,145.0
2017-12-12,56.60010989999999,50.0
2017-12-13,60.26844584000001,25.0
2017-12-14,58.90785278222223,14.124943747323709
2017-12-15,57.54725972444445,83.14321478780525
2017-12-16,56.18666666666667,225.0
2017-12-17,67.31567555333334,90.31442938325554
2017-12-18,78.44468444,25.0
2017-12-19,75.637958612,7.711268286667847
2017-12-20,72.83123278400001,0.382566642176005
2017-12-21,70.024506956,0.0025775465630942843
2017-12-22,67.217781128,2.3504155207954994e-06
2017-12-23,64.4110553,5.498043251239718e-09
2017-12-24,61.604329471999996,4.220069052441154e-05
2017-12-25,58.79760364399999,0.046278676532334646
2017-12-26,55.990877815999994,6.868364583250059
2017-12-27,53.184151987999996,137.95479043878356
2017-12-28,50.37742615999999,375.0
2017-12-29,51.27194092799999,137.95480161360373
2017-12-30,52.16645569599999,6.880619262144932
2017-12-31,53.060970464,1.8650385031365864
2018-01-01,53.955485232,36.535435482231485
2018-01-02,54.85,100.0
2018-01-03,95.06812102500001,50.576752431869195
2018-01-04,135.28624205,40.0
2018-01-05,116.00385766793478,14.129286389302171
2018-01-06,96.72147328586956,11.230816137407576
2018-01-07,77.43908890380435,211.5353886123435
2018-01-08,58.15670452173913,575.0
2018-01-09,60.11385004630435,211.53191076914794
2018-01-10,62.07099557086956,10.714647413655879
2018-01-11,64.02814109543478,3.749730204040457
2018-01-12,65.98528662,10.0
2018-01-13,65.95472929499999,3.681869678953337
2018-01-14,65.92417197,0.6429525192955938
2018-01-15,65.893614645,9.197456586429672
2018-01-16,65.86305732,25.0
2018-01-17,63.72929936000001,25.0
2018-01-18,57.72426308,50.0
2018-01-19,63.63881331100478,18.56165762255995
2018-01-20,69.55336354200958,0.9262285315736468
2018-01-21,75.46791377301436,0.006242911376564511
2018-01-22,81.38246400401914,5.693051137822544e-06
2018-01-23,87.29701423502392,7.026043891007174e-10
2018-01-24,93.2115644660287,1.307431976513592e-09
2018-01-25,99.1261146970335,1.0594135961682548e-05
2018-01-26,105.04066492803828,0.011617881420137312
2018-01-27,110.95521515904306,1.7242516668352026
2018-01-28,116.86976539004786,34.63820458195045
2018-01-29,122.78431562105264,95.0
2018-01-30,103.40047794052632,51.90164346378707
2018-01-31,84.01664026,50.0
2018-02-01,73.66224747,44.54774818602938
2018-02-02,63.30785467999999,75.0
2018-02-03,83.85190311999999,26.80817820260761
2018-02-04,104.39595155999999,-4.829551661629908
2018-02-05,124.94,50.0
2018-02-06,31.95,200.0
2018-02-07,33.312777777777775,76.76777259317653
2018-02-08,34.675555555555555,3.8435491108065554
2018-02-09,36.038333333333334,0.02591724183115824
2018-02-10,37.401111111111106,2.3635885690678015e-05
2018-02-11,38.763888888888886,2.9169404450925213e-09
2018-02-12,40.126666666666665,4.871795790527197e-14
2018-02-13,41.489444444444445,1.1011866085114795e-19
2018-02-14,42.852222222222224,3.3685555042023917e-26
2018-02-15,44.214999999999996,5.046383465219309e-33
2018-02-16,45.577777777777776,8.82095989801751e-26
2018-02-17,46.940555555555555,2.883587114849905e-19
2018-02-18,48.30333333333333,1.2757375566339632e-13
2018-02-19,49.66611111111111,7.638369125730211e-09
2018-02-20,51.028888888888886,6.189434609559252e-05
2018-02-21,52.391666666666666,0.06787539224767376
2018-02-22,53.754444444444445,10.073601388803798
2018-02-23,55.117222222222225,202.33369264429328
2018-02-24,56.48,550.0
2018-02-25,56.406,202.33369264429328
2018-02-26,56.331999999999994,10.073601388803798
2018-02-27,56.257999999999996,0.06787539224767376
2018-02-28,56.184,6.189434609559252e-05
2018-03-01,56.11,7.638369125730211e-09
2018-03-02,56.036,1.2757375566339632e-13
2018-03-03,55.961999999999996,2.883587114849905e-19
2018-03-04,55.888,8.820959898017508e-26
2018-03-05,55.814,3.6518224597694045e-33
2018-03-06,55.739999999999995,2.4180493844135437e-41
2018-03-07,55.666,6.639677199580735e-34
2018-03-08,55.592,1.6038108905486378e-26
2018-03-09,55.518,5.242885663363464e-20
2018-03-10,55.444,2.3195228302435696e-14
2018-03-11,55.37,1.388794386496402e-09
2018-03-12,55.296,1.1253517471925912e-05
2018-03-13,55.222,0.012340980408667957
2018-03-14,55.147999999999996,1.8315638888734178
2018-03-15,55.074,36.787944117144235
2018-03-16,55.0,100.0
2018-03-17,55.300004988,36.787944117144235
2018-03-18,55.600009976,1.8315638888734178
2018-03-19,55.900014964,0.012340980408667957
2018-03-20,56.200019952,1.125351747772472e-05
2018-03-21,56.50002494,1.7359929831205026e-09
2018-03-22,56.800029928,2.8133793911767062e-06
2018-03-23,57.100034916,0.003085245102166989
2018-03-24,57.400039903999996,0.45789097221835445
2018-03-25,57.700044892,9.196986029286059
2018-03-26,58.00004988,25.0
2018-03-27,57.987546762499996,9.196986029286059
2018-03-28,57.975043645,0.45789097221835445
2018-03-29,57.962540527499996,0.003085245102166989
2018-03-30,57.95003741,2.813379367981478e-06
2018-03-31,57.9375342925,3.471985966241005e-10
2018-04-01,57.925031175,5.798807075608924e-15
2018-04-02,57.9125280575,1.3107214158408722e-20
2018-04-03,57.900024939999994,5.4989877561984125e-27
2018-04-04,57.8875218225,4.86910654279727e-21
2018-04-05,57.875018704999995,2.154269726294799e-15
2018-04-06,57.8625155875,1.2903450590806557e-10
2018-04-07,57.850012469999996,1.0485385079897117e-06
2018-04-08,57.8375093525,0.0011738559517116508
2018-04-09,57.825006235,0.2005281281703091
2018-04-10,57.8125031175,7.932830144777451
2018-04-11,57.8,100.0
2018-04-12,59.00544,250.0
2018-04-13,59.30983555555556,90.88309906116531
2018-04-14,59.61423111111111,4.517480526861764
2018-04-15,59.91862666666667,0.03043186706762196
2018-04-16,60.22302222222222,2.7750141111028536e-05
2018-04-17,60.52741777777778,5.6301832759825e-06
2018-04-18,60.83181333333333,0.006170490204391174
2018-04-19,61.13620888888889,0.9157819444367089
2018-04-20,61.44060444444444,18.393972058572118
2018-04-21,61.745,50.0
2018-04-22,58.48533295682939,18.393972058572118
2018-04-23,55.22566591365879,0.9157819444367089
2018-04-24,51.96599887048818,0.006170490204333978
2018-04-25,48.70633182731758,5.626758735962956e-06
2018-04-26,45.44666478414697,6.94397193248201e-10
2018-04-27,42.186997740976366,1.159774522174387e-14
2018-04-28,38.92733069780576,5.798738222401868e-14
2018-04-29,35.66766365463515,3.4719431714078405e-09
2018-04-30,32.40799661146455,2.8133446909689994e-05
2018-05-01,29.14832956829394,0.030852070742058472
2018-05-02,25.888662525123337,4.578853284030982
2018-05-03,22.628995481952728,91.96872950520579
2018-05-04,19.369328438782123,250.0
2018-05-05,50.38888562585475,92.42605259213003
2018-05-06,81.40844281292738,13.764489470426703
2018-05-07,112.428,25.0
2018-05-08,113.26933333333334,9.1856643201894
2018-05-09,114.11066666666666,0.45732590030361653
2018-05-10,114.952,0.0030814376542201895
2018-05-11,115.79333333333334,2.8099767788506337e-06
2018-05-12,116.63466666666666,5.623283804692561e-07
2018-05-13,117.476,0.0006162876683481132
2018-05-14,118.31733333333334,0.09146520046718726
2018-05-15,119.15866666666666,1.837133272899199
2018-05-16,120.0,5.0
2018-05-17,98.8922,2.7527329486692507
2018-05-18,77.7844,18.481897494709756
2018-05-19,56.6766,50.0
2018-05-20,59.964400000000005,19.738124743815685
2018-05-21,63.2522,29.143114890072646
2018-05-22,66.54,100.0
2018-05-23,66.54,100.0
2018-05-24,33.77,27.783213215833772
2018-05-25,1.0,0.1
2018-05-26,23.75,-0.05364509531276937
2018-05-27,46.5,7.9519179657966506
2018-05-28,69.25,20.0
2018-05-29,62.461,-21.836316525449107
2018-05-30,55.672,10.0
2018-05-31,56.6,250.0
2018-06-01,57.43876221813254,103.13200810054668
2018-06-02,58.27752443626507,7.589982459986073
2018-06-03,59.1162866543976,47.85948167133099
2018-06-04,59.955048872530135,130.0
2018-06-05,60.485743985277125,47.824315556217954
2018-06-06,61.01643909802411,2.3810324680467008
2018-06-07,61.54713421077109,0.016043270572799886
2018-06-08,62.07782932351808,1.4629569089476884e-05
2018-06-09,62.60852443626507,9.450373502972362e-10
2018-06-10,63.139219549012054,-6.969176869072921e-06
2018-06-11,63.66991466175904,-0.007620952776598764
2018-06-12,64.20060977450603,-1.1072771944699489
2018-06-13,64.73130488725302,-18.712107748314267
2018-06-14,65.262,20.0
2018-06-15,51.425,200.0
2018-06-16,54.184799999999996,82.5776808402583
2018-06-17,56.944599999999994,35.836236431042316
2018-06-18,59.70439999999999,25.0
2018-06-19,59.70439999999999,25.0
2018-06-20,55.68144,500.0
2018-06-21,50.47125,200.0
2018-06-22,50.2925,6.550241875849758
2018-06-23,50.113749999999996,-0.13417888369342107
2018-06-24,49.934999999999995,-0.001324900461738992
2018-06-25,49.756249999999994,-1.2267718360415984e-06
2018-06-26,49.5775,0.0002700842585170203
2018-06-27,49.39875,0.29618352494725175
2018-06-28,49.22,43.9575326115589
2018-06-29,49.04125,882.9106443265516
2018-06-30,48.8625,2400.0
2018-07-01,50.93473214285714,882.95383771979
2018-07-02,53.00696428571429,50.36800127584717
2018-07-03,55.07919642857143,129.05388857644846
2018-07-04,57.151428571428575,350.0
2018-07-05,64.2228015873016,128.75770508566075
2018-07-06,71.29417460317462,6.410475377428329
2018-07-07,78.36554761904765,0.05055524964489687
2018-07-08,85.43692063492067,1.0926371207879564
2018-07-09,92.50829365079369,21.947702745520697
2018-07-10,99.57966666666671,60.0
2018-07-11,124.24983333333338,28.901014744143634
2018-07-12,148.92000000000004,20.0
2018-07-13,135.02000000000004,6.963007214186034
2018-07-14,121.12000000000003,0.34631071772696725
2018-07-15,107.22000000000003,0.005418605002715096
2018-07-16,93.32000000000002,0.4578930999664252
2018-07-17,79.42,9.196986029548642
2018-07-18,65.52,25.0
2018-07-19,72.705,9.196986029286057
2018-07-20,79.89,0.45789097221835906
2018-07-21,87.07499999999999,0.003085245379926132
2018-07-22,94.25999999999999,5.064085019411085e-06
2018-07-23,101.445,0.002468198794418629
2018-07-24,108.63,0.36631312884396533
2018-07-25,115.815,7.357595872478234
2018-07-26,123.0,20.0
2018-07-27,127.981,7.336630070513107
2018-07-28,132.962,-2.685933909359844
2018-07-29,137.943,-52.54929998433948
2018-07-30,142.924,25.0
2018-07-31,60.00861538461538,325.0
2018-08-01,59.92,150.0
2018-08-02,58.00443636363637,1100.0
2018-08-03,83.7333272727273,462.2461472451376
2018-08-04,109.4622181818182,23.04010514845538
2018-08-05,135.19110909090912,-6.23207570011407
2018-08-06,160.92000000000004,10.0
2018-08-07,64.2209,100.0
2018-08-08,56.1067,100.0
2018-08-09,56.12088444444444,27.325341725444666
2018-08-10,56.13506888888889,1.295862354233286
2018-08-11,56.149253333333334,0.008672454619246265
2018-08-12,56.16343777777777,7.900972420141916e-06
2018-08-13,56.17762222222222,9.749358237325304e-10
2018-08-14,56.191806666666665,1.6282811481932286e-14
2018-08-15,56.20599111111111,3.680445757457393e-20
2018-08-16,56.22017555555556,7.864329620864603e-20
2018-08-17,56.23436,3.479284245349248e-14
2018-08-18,56.24854444444445,2.0831915797349595e-09
2018-08-19,56.262728888888894,1.6880276207810724e-05
2018-08-20,56.27691333333333,0.018511470612916237
2018-08-21,56.29109777777778,2.7473458332974086
2018-08-22,56.305282222222225,55.18191617546091
2018-08-23,56.31946666666667,150.0
2018-08-24,56.68573333333334,55.181921802216465
2018-08-25,57.052,2.7535163200294996
2018-08-26,57.41826666666667,0.9342928997231342
2018-08-27,57.78453333333333,18.39397859170988
2018-08-28,58.1508,50.0
2018-08-29,57.8486,18.424814158288736
2018-08-30,57.5464,5.494691048197209
2018-08-31,57.2442,91.97602870884425
2018-09-01,56.942,250.0
2018-09-02,56.589816,91.96987543126119
2018-09-03,56.237632,4.597872816554326
2018-09-04,55.885448000000004,2.945950332334244
2018-09-05,55.533264,73.497999666605
2018-09-06,55.18108,500.0
2018-09-07,56.22856,1000.0
2018-09-08,59.26410425412935,349.9989410655631
2018-09-09,62.299648508258706,17.3851555834736
2018-09-10,65.33519276238806,12.02165517862299
2018-09-11,68.37073701651741,239.1217429680976
2018-09-12,71.40628127064676,650.0
2018-09-13,70.18219809598162,239.12163675661583
2018-09-14,68.9581149213165,11.905165277437147
2018-09-15,67.73403174665135,0.08021637265472414
2018-09-16,66.50994857198621,7.314786356604339e-05
2018-09-17,65.28586539732109,9.02716351204458e-09
2018-09-18,64.06178222265595,1.5076903517174305e-13
2018-09-19,62.83769904799081,2.26560543340097e-14
2018-09-20,61.61361587332568,1.356574449305252e-09
2018-09-21,60.389532698660545,1.0997408910727935e-05
2018-09-22,59.165449523995406,0.012100414183920718
2018-09-23,57.94136634933027,1.84004504953749
2018-09-24,56.71728317466514,43.51583235067479
2018-09-25,55.4932,250.0
2018-09-26,57.75653333333333,450.0
2018-09-27,90.14035555555554,154.20649553694363
2018-09-28,122.52417777777777,9.41655854903393
2018-09-29,154.908,5.0
2018-09-30,136.48719561042523,1.8206302117802082
2018-10-01,118.06639122085048,0.07872383398899215
2018-10-02,99.64558683127572,-1.7110517219842285
2018-10-03,81.22478244170097,-25.896274127745247
2018-10-04,62.803978052126205,100.0
2018-10-05,56.640789849108366,500.0
2018-10-06,54.12265124218869,200.476301359423
2018-10-07,51.60451263526901,114.79037461353951
2018-10-08,49.08637402834933,300.0
2018-10-09,52.81380887059899,150.0
2018-10-10,50.70920509068739,42.96832271728227
2018-10-11,48.60460131077579,415.69467411887763
2018-10-12,46.49999753086419,1000.0
2018-10-13,246.60988292340568,21.5
2018-10-14,155.96378919832836,-116.20596598744937
2018-10-15,65.31769547325102,25.0
2018-10-16,60.75252248132905,92.86968831960235
2018-10-17,56.18734948940709,225.0
2018-10-18,56.90993468794441,82.5870638713154
2018-10-19,57.632519886481724,4.119002589179228
2018-10-20,58.355105085019034,1.126642041765959
2018-10-21,59.07769028355635,22.072791731651435
2018-10-22,59.80027548209367,60.0
2018-10-23,60.09904237176965,22.072766469139705
2018-10-24,60.39780926144563,1.098938335055296
2018-10-25,60.69657615112161,0.007419080071037499
2018-10-26,60.99534304079759,0.015904662209298714
2018-10-27,61.294109930473574,2.3657005997971674
2018-10-28,61.592876820149556,48.44101889066358
2018-10-29,61.89164370982554,150.0
2018-10-30,61.92892561983472,100.0
2018-10-31,499.7375504710633,7.9
2018-11-01,623.3922509633289,-4.792111968367051
2018-11-02,747.0469514555947,-0.28549400787207363
2018-11-03,870.7016519478603,-0.001953465489906669
2018-11-04,994.3563524401261,0.001829766112318844
2018-11-05,1118.0110529323917,0.036787943895208335
2018-11-06,1241.6657534246574,0.1
2018-11-07,1241.6657534246574,0.03678794205079528
2018-11-08,1241.6657534246574,0.0018148248362121681
2018-11-09,1241.6657534246574,-0.018304876038151712
2018-11-10,1241.6657534246574,-2.6753271410011465
2018-11-11,1241.6657534246574,-47.32558248185914
2018-11-12,1241.6657534246574,0.1
2018-11-13,56.945714285714295,350.0
2018-11-14,56.28508170426066,146.16974481043354
2018-11-15,55.62444912280703,7.394683809759603
2018-11-16,54.96381654135339,0.04993197024448568
2018-11-17,54.303183959899755,4.554684265612482e-05
2018-11-18,53.64255137844612,1.278193199829361e-05
2018-11-19,52.98191879699249,0.014007345949493379
2018-11-20,52.32128621553885,2.074948093607269
2018-11-21,51.660653634085214,41.09372166661366
2018-11-22,51.00002105263158,100.0
2018-11-23,130.0,5.0
2018-11-24,104.77624431448993,-7.335970010768207
2018-11-25,79.55248862897986,82.10896028290938
2018-11-26,54.32873294346979,225.0
2018-11-27,55.28315529564652,85.0578085144351
2018-11-28,56.237577647823265,50.09553486364113
2018-11-29,57.192,125.0
2018-11-30,57.30404649739982,45.97474097603884
2018-12-01,57.416092994799634,2.2889463150725575
2018-12-02,57.52813949219945,0.015425612310738012
2018-12-03,57.640185989599274,0.0030993088743708317
2018-12-04,57.75223248699909,0.45789097395396183
2018-12-05,57.86427898439891,9.196986029286087
2018-12-06,57.976325481798725,25.0
2018-12-07,57.79723711634548,9.196986029286059
2018-12-08,57.618148750892225,0.45789097221835445
2018-12-09,57.43906038543898,0.003085245102166989
2018-12-10,57.25997201998573,2.813379367981478e-06
2018-12-11,57.080883654532485,3.471985966241005e-10
2018-12-12,56.90179528907923,5.798807075608924e-15
2018-12-13,56.722706923625985,1.3107306425705067e-20
2018-12-14,56.54361855817274,3.0162337044782797e-19
2018-12-15,56.36453019271949,1.3344212371067256e-13
2018-12-16,56.18544182726624,7.989691505962285e-09
2018-12-17,56.00635346181299,6.473867881147613e-05
2018-12-18,55.827265096359746,0.07097463188920454
2018-12-19,55.6481767309065,10.51169159557612
2018-12-20,55.469088365453246,207.88613587917794
2018-12-21,55.29,500.0
2018-12-22,56.99987956989247,25.0
2018-12-23,35.283825397099946,304.34753761871633
2018-12-24,13.567771224307412,1000.0
2018-12-25,19.672916764392166,369.20963837500824
2018-12-26,25.77806230447692,18.504017840679257
2018-12-27,31.883207844561674,18.07075805844882
2018-12-28,37.98835338464642,360.60655006706526
2018-12-29,44.09349892473118,1000.0
2018-12-30,44.09349892473118,759.8307959412803
2018-12-31,44.09349892473118,1000.0
2019-01-01,55.55555555555557,80.0
2019-01-02,56.15088017033782,-99.50590146108142
2019-01-03,56.74620478512007,-0.23843624571637412
2019-01-04,57.34152939990231,112.16320428883128
2019-01-05,57.93685401468456,305.0
2019-01-06,68.54946529918038,112.2032430202345
2019-01-07,79.16207658367622,5.586270531569403
2019-01-08,89.77468786817204,0.037639994764268145
2019-01-09,100.38729915266788,3.432323246743438e-05
2019-01-10,110.99991043716369,7.728259741110645e-09
2019-01-11,121.61252172165953,2.8291552557317194e-05
2019-01-12,132.22513300615535,0.030961036090819034
2019-01-13,142.8377442906512,4.52454786303602
2019-01-14,153.450355575147,80.60038227522917
2019-01-15,164.06296685964284,39.7
2019-01-16,366.41894553061286,70.0
2019-01-17,57.28219696969696,1500.0
2019-01-18,57.67834595959595,627.6541542209907
2019-01-19,58.07449494949494,31.769726553548285
2019-01-20,58.47064393939393,0.21755714305566767
2019-01-21,58.86679292929292,0.4481763951924938
2019-01-22,59.26294191919191,9.001513175045607
2019-01-23,59.6590909090909,25.0
2019-01-24,61.079545454545446,19.8694435725139
2019-01-25,62.49999999999999,30.0
2019-01-26,60.688920454545446,10.886936849040493
2019-01-27,58.87784090909091,2.372829518536256
2019-01-28,57.06676136363636,36.79156920923971
2019-01-29,55.25568181818181,100.0
2019-01-30,54.65909090909091,36.849627091142565
2019-01-31,54.0625,10.989381450153138
2019-02-01,53.465909090909086,183.95204566301885
2019-02-02,52.86931818181818,500.0
2019-02-03,56.67012674825175,183.974818624439
2019-02-04,60.470935314685306,14.433495422195767
2019-02-05,64.27174388111888,115.65406407059857
2019-02-06,68.07255244755244,520.0
2019-02-07,65.91966173361523,1000.0
2019-02-08,45.85443307329204,1025.0
2019-02-09,48.86404538284077,304.88695550870926
2019-02-10,51.8736576923895,31.410220324150966
2019-02-11,54.88327000193823,330.8483866599898
2019-02-12,57.89288231148696,800.0
2019-02-13,55.8139534883721,25.0
2019-02-14,54.69556598314398,-97.82655166615716
2019-02-15,53.57717847791586,-5.591385445115494
2019-02-16,52.45879097268774,0.21465650982960416
2019-02-17,51.34040346745962,37.54702468504575
2019-02-18,50.2220159622315,754.1528543971316
2019-02-19,49.10362845700338,2050.0
2019-02-20,50.4692399303857,754.1528544049288
2019-02-21,51.83485140376802,37.54708785569874
2019-02-22,53.20046287715034,0.28384254939936293
2019-02-23,54.56607435053266,4.5791404192917105
2019-02-24,55.931685823914975,91.96986032133069
2019-02-25,57.2972972972973,250.0
2019-02-26,57.35124050913525,91.96986029286046
2019-02-27,57.4051837209732,4.5789097260027205
2019-02-28,57.45912693281115,0.030883398194717627
2019-03-01,57.5130701446491,0.0339658299175167
2019-03-02,57.56701335648705,5.036800697873885
2019-03-03,57.620956568325,101.1668463221467
2019-03-04,57.67489978016295,275.0
2019-03-05,59.06605509913782,101.16684632214664
2019-03-06,60.45721041811269,5.0368006947486155
2019-03-07,61.84836573708755,0.03394050559691092
2019-03-08,63.239521056062415,0.003111908503812454
2019-03-09,64.63067637503728,0.45725521188750007
2019-03-10,66.02183169401215,9.184247939851266
2019-03-11,67.41298701298702,25.0
2019-03-12,63.16847385418814,14.335527345405822
2019-03-13,58.92396069538927,103.86906311736226
2019-03-14,54.679447536590395,280.0
2019-03-15,57.32222222222222,100.0
2019-03-16,56.996739616353736,3.8731874373773065
2019-03-17,56.67125701048525,-0.028943231305401357
2019-03-18,56.34577440461676,-0.00039725251237155774
2019-03-19,56.020291798748275,5.239551622169488e-06
2019-03-20,55.69480919287979,0.006170488767337834
2019-03-21,55.3693265870113,0.9157817383213808
2019-03-22,55.043843981142814,18.393967920023425
2019-03-23,54.71836137527433,50.0
2019-03-24,53.474762253109006,18.4063088983489
2019-03-25,52.231163130943685,2.7473455241371183
2019-03-26,50.98756400877836,36.79411253599138
2019-03-27,49.743964886613036,100.0
2019-03-28,49.743964886613036,36.78794204787024
2019-03-29,49.743964886613036,1.8315637858157714
2019-03-30,49.743964886613036,0.012340979714270919
2019-03-31,49.743964886613036,1.1253516838717776e-05
