quantity,kgPrice,dateUnix,dateIso
1,0.75,1483311600,01/01/2017
5986,3.039779485,1483311600,01/01/2017
14137.2,3.356816767,1483311600,01/01/2017
2500,6.887044,1483311600,01/01/2017
17789.2,3.401646505,1483311600,01/01/2017
5986,3.039779485,1483311600,01/01/2017
2500,5.265452,1483311600,01/01/2017
17789.2,3.401646505,1483311600,01/01/2017
17789.2,3.401646505,1483311600,01/01/2017
1500,6.186446667,1483311600,01/01/2017
34000,3.1613,1483311600,01/01/2017
750,6.329293333,1483311600,01/01/2017
12000,3.4792075,1483311600,01/01/2017
10000,3.31879,1483311600,01/01/2017
2000,4.199985,1483398000,02/01/2017
500,4.086,1483398000,02/01/2017
8000,4.48831125,1483398000,02/01/2017
3000,4.38,1483398000,02/01/2017
2000,4.199985,1483398000,02/01/2017
10000,3.31879,1483398000,02/01/2017
800,8.22975,1483398000,02/01/2017
8000,4.48831125,1483398000,02/01/2017
16000,4.0501,1483484400,03/01/2017
12000,4.016983333,1483570800,04/01/2017
34000,2.9997,1483570800,04/01/2017
14137.2,3.356816767,1483570800,04/01/2017
12000,4.016983333,1483570800,04/01/2017
10000,3.778548,1483570800,04/01/2017
10000,3.778548,1483570800,04/01/2017
64000,3.2,1483657200,05/01/2017
10000,3.778548,1483657200,05/01/2017
17000,2.8785,1483657200,05/01/2017
17000,3.1411,1483743600,06/01/2017
17000,2.8785,1483743600,06/01/2017
7500,5.817618667,1483743600,06/01/2017
10000,3.778548,1483743600,06/01/2017
17000,3.1411,1483743600,06/01/2017
14000,4.802115,1483830000,07/01/2017
6000,4.914361667,1483916400,08/01/2017
14000,3.714857143,1483916400,08/01/2017
14000,3.714857143,1483916400,08/01/2017
13500,2.68,1483916400,08/01/2017
8000,4.15529375,1483916400,08/01/2017
7500,4.846176,1484089200,10/01/2017
15000,3.916167333,1484089200,10/01/2017
16000,3.138,1484175600,11/01/2017
25,4.52,1484175600,11/01/2017
500,3.65,1484175600,11/01/2017
12000,4.0024,1484262000,12/01/2017
17000,2.929,1484262000,12/01/2017
12000,4.0024,1484262000,12/01/2017
7500,4.748268,1484262000,12/01/2017
16000,2.998,1484521200,15/01/2017
15000,5.060781333,1484521200,15/01/2017
5986,3.039779485,1484521200,15/01/2017
5986,3.039779485,1484521200,15/01/2017
14000,4.802115,1484521200,15/01/2017
16000,3.049,1484607600,16/01/2017
30769,3.151200001,1484694000,17/01/2017
3000,5.107996667,1484694000,17/01/2017
14000,4.802115,1484694000,17/01/2017
16000,3.02625,1484694000,17/01/2017
1231,3.151199984,1484694000,17/01/2017
16000,3.02625,1484694000,17/01/2017
17000,2.929,1484780400,18/01/2017
15000,5.68,1484780400,18/01/2017
15000,5.68,1484780400,18/01/2017
17789.2,3.651741506,1484780400,18/01/2017
17789.2,3.612054505,1484866800,19/01/2017
10000,3.620699,1484866800,19/01/2017
4400,4.975552273,1484866800,19/01/2017
16000,2.998,1484866800,19/01/2017
10000,3.423097,1484953200,20/01/2017
1000,3.56083,1484953200,20/01/2017
3000,5.300366667,1484953200,20/01/2017
17789.2,3.612054505,1484953200,20/01/2017
9000,4.54,1485126000,22/01/2017
14000,3.704214286,1485126000,22/01/2017
14137.2,3.569273972,1485126000,22/01/2017
17789.2,3.612054505,1485126000,22/01/2017
17789.2,3.612054505,1485126000,22/01/2017
15000,3.1,1485126000,22/01/2017
14000,3.704214286,1485126000,22/01/2017
17789.2,3.612054505,1485126000,22/01/2017
14137.2,3.569273972,1485212400,23/01/2017
14137.2,3.569273972,1485212400,23/01/2017
4000,5.4755325,1485212400,23/01/2017
80000,3.2,1485212400,23/01/2017
14137.2,3.569273972,1485298800,24/01/2017
17000,3.1411,1485298800,24/01/2017
50,14.1452,1485298800,24/01/2017
14137.2,3.569273972,1485298800,24/01/2017
12000,3.636365833,1485298800,24/01/2017
16500,2.863030303,1485471600,26/01/2017
12000,3.636365833,1485471600,26/01/2017
15000,3.878178,1485471600,26/01/2017
400,6.0136,1485471600,26/01/2017
20000,3.189911,1485471600,26/01/2017
100,3,1485471600,26/01/2017
14137.2,3.573235153,1485558000,27/01/2017
500,4.0897,1485558000,27/01/2017
17789.2,3.615202482,1485558000,27/01/2017
14137.2,3.573235153,1485558000,27/01/2017
400,6.0136,1485558000,27/01/2017
15000,3.878178,1485558000,27/01/2017
5986,3.216670565,1485730800,29/01/2017
27000,2.64,1485730800,29/01/2017
5986,3.216670565,1485730800,29/01/2017
17789.2,3.615202482,1485730800,29/01/2017
5986,3.216670565,1485730800,29/01/2017
5986,3.216670565,1485730800,29/01/2017
5986,3.216670565,1485817200,30/01/2017
7500,3.480365333,1485817200,30/01/2017
5986,3.216670565,1485817200,30/01/2017
7500,3.525,1485903600,31/01/2017
12000,4.0024,1485903600,31/01/2017
17789.2,3.615202479,1485903600,31/01/2017
12000,4.0024,1485903600,31/01/2017
10000,3.82848,1485903600,31/01/2017
3000,4.802333333,1485903600,31/01/2017
34000,2.9997,1486076400,02/02/2017
10000,3.352491228,1486076400,02/02/2017
30000,3.486990703,1486076400,02/02/2017
10000,3.38172807,1486076400,02/02/2017
16000,3.0704,1486076400,02/02/2017
3.5,50.04857571,1486162800,03/02/2017
14000,3.653071429,1486335600,05/02/2017
17000,3.159469006,1486335600,05/02/2017
14000,3.653071429,1486335600,05/02/2017
2000,7.85754498,1486335600,05/02/2017
16000,2.998,1486335600,05/02/2017
7500,4.734934672,1486335600,05/02/2017
1000,7.0955,1486335600,05/02/2017
10000,3.82848,1486335600,05/02/2017
7500,4.734934672,1486335600,05/02/2017
16000,3.049,1486422000,06/02/2017
16000,3.9246875,1486422000,06/02/2017
6600,9.901216706,1486422000,06/02/2017
16000,3.049,1486422000,06/02/2017
14000,4.887562026,1486422000,06/02/2017
16000,2.998,1486422000,06/02/2017
34000,3.0805,1486422000,06/02/2017
14000,4.887562026,1486508400,07/02/2017
6000,4.922743628,1486508400,07/02/2017
14000,4.887562026,1486508400,07/02/2017
6000,4.928975512,1486594800,08/02/2017
16000,3.451875,1486594800,08/02/2017
17789.2,3.612054512,1486594800,08/02/2017
17789.2,3.651741513,1486594800,08/02/2017
17789.2,3.651741513,1486594800,08/02/2017
15000,5.68,1486594800,08/02/2017
4000,5.479032498,1486681200,09/02/2017
7500,4.269822788,1486681200,09/02/2017
8000,3.1815,1486681200,09/02/2017
96000,3.2,1486681200,09/02/2017
16000,3.451875,1486681200,09/02/2017
8000,3.2926,1486767600,10/02/2017
15500,4.491048392,1486767600,10/02/2017
2000,3.9996,1486767600,10/02/2017
200,3.949991005,1486940400,12/02/2017
17789.2,3.600811735,1486940400,12/02/2017
17789.2,3.600811735,1486940400,12/02/2017
14000,3.6595,1486940400,12/02/2017
2000,3.223388306,1486940400,12/02/2017
14000,3.6595,1486940400,12/02/2017
16000,3.0704,1487026800,13/02/2017
3.5,50.04857571,1487026800,13/02/2017
5500,5.711486984,1487026800,13/02/2017
2950,4.964688132,1487026800,13/02/2017
17000,3.2825,1487026800,13/02/2017
17789.2,3.600811735,1487113200,14/02/2017
17789.2,3.651741513,1487113200,14/02/2017
8086,4.141000002,1487199600,15/02/2017
5000,3.17324576,1487199600,15/02/2017
4000,3.78,1487199600,15/02/2017
12000,3.17324576,1487199600,15/02/2017
17000,3.131,1487199600,15/02/2017
80000,3.2,1487286000,16/02/2017
17789.2,3.600811734,1487286000,16/02/2017
14137.2,3.619213138,1487286000,16/02/2017
6000,4.584732377,1487372400,17/02/2017
2250,4.823564422,1487372400,17/02/2017
14137.2,3.555126898,1487372400,17/02/2017
14137.2,3.619213138,1487372400,17/02/2017
12000,3.632032502,1487372400,17/02/2017
4000,4.299376455,1487372400,17/02/2017
32000,3.2522,1487372400,17/02/2017
500,4.535147392,1487372400,17/02/2017
10000,3.493697007,1487545200,19/02/2017
14137.2,3.555126898,1487545200,19/02/2017
12000,3.632032502,1487545200,19/02/2017
14137.2,3.555126898,1487631600,20/02/2017
8000,3.319290199,1487631600,20/02/2017
1000,4.753052003,1487631600,20/02/2017
2000,4.032021224,1487631600,20/02/2017
34000,3.6663,1487718000,21/02/2017
20000,3.55,1487718000,21/02/2017
5986,3.216670568,1487804400,22/02/2017
5986,3.216670568,1487804400,22/02/2017
5986,3.216670568,1487804400,22/02/2017
5986,3.216670568,1487890800,23/02/2017
14137.2,3.555126898,1487890800,23/02/2017
15200,3.486129601,1487890800,23/02/2017
17000,3.232,1487890800,23/02/2017
14137.2,3.619213138,1487890800,23/02/2017
1500,4.081632653,1487890800,23/02/2017
17000,3.232,1487890800,23/02/2017
5986,3.216670568,1487890800,23/02/2017
10000,3.493697007,1487890800,23/02/2017
5986,3.216670568,1487977200,24/02/2017
150,5.003779289,1487977200,24/02/2017
17789.2,3.651741511,1487977200,24/02/2017
17789.2,3.600811734,1487977200,24/02/2017
5986,3.216670568,1487977200,24/02/2017
51000,3.215327784,1487977200,24/02/2017
15000,5.207349337,1487977200,24/02/2017
5200,4.952142304,1487977200,24/02/2017
17789.2,3.600811734,1488150000,26/02/2017
8000,4.740291251,1488150000,26/02/2017
670,3.162714064,1488236400,27/02/2017
14137.2,3.619213138,1488236400,27/02/2017
17000,3.232,1488236400,27/02/2017
13600,3.262300002,1488236400,27/02/2017
33330,3.162713999,1488236400,27/02/2017
20400,3.262299999,1488236400,27/02/2017
34000,3.131,1488409200,01/03/2017
16000,3.135798153,1488409200,01/03/2017
16000,3.899154119,1488409200,01/03/2017
16000,3.135798153,1488409200,01/03/2017
4000,4.25005303,1488495600,02/03/2017
96000,3.2,1488582000,03/03/2017
16000,3.0704,1488582000,03/03/2017
17789.2,3.600811728,1488582000,03/03/2017
0.03,522.8381373,1488582000,03/03/2017
17000,3.1108,1488754800,05/03/2017
14137.2,3.555126899,1488754800,05/03/2017
25,7.7768,1488754800,05/03/2017
14137.2,3.555126899,1488754800,05/03/2017
17789.2,3.600811728,1488841200,06/03/2017
14137.2,3.555126899,1488841200,06/03/2017
10000,3.403097,1488841200,06/03/2017
2000,4.463694167,1488927600,07/03/2017
1400,3.257575758,1488927600,07/03/2017
6000,4.185872045,1488927600,07/03/2017
17789.2,3.600811728,1488927600,07/03/2017
10000,3.1,1488927600,07/03/2017
2000,3.445009697,1488927600,07/03/2017
17789.2,3.600811728,1488927600,07/03/2017
5986,3.216670565,1489014000,08/03/2017
14137.2,3.555126899,1489014000,08/03/2017
5986,3.216670565,1489014000,08/03/2017
16000,3.498875,1489100400,09/03/2017
10000,3.485299,1489100400,09/03/2017
16000,3.498875,1489100400,09/03/2017
5986,3.216670565,1489100400,09/03/2017
17000,3.100700004,1489100400,09/03/2017
5986,3.216670565,1489100400,09/03/2017
16000,3.118125,1489186800,10/03/2017
16000,3.108125,1489186800,10/03/2017
16000,3.498875,1489186800,10/03/2017
500,9.598,1489186800,10/03/2017
5986,3.216670565,1489359600,12/03/2017
10000,3.403097,1489359600,12/03/2017
10000,3.403097,1489359600,12/03/2017
15000,3.542032667,1489359600,12/03/2017
10000,3.403097,1489359600,12/03/2017
5986,3.216670565,1489359600,12/03/2017
8,6.59157197,1489446000,13/03/2017
12000,4.141,1489446000,13/03/2017
1.5,6.591616161,1489446000,13/03/2017
17000,3.4744,1489446000,13/03/2017
32000,3.2623,1489446000,13/03/2017
14000,3.627357143,1489446000,13/03/2017
5986,3.216670565,1489446000,13/03/2017
5986,3.216670565,1489446000,13/03/2017
14137.2,3.555126899,1489446000,13/03/2017
11500,2.733333333,1489532400,14/03/2017
14000,3.627357143,1489532400,14/03/2017
17000,3.232,1489532400,14/03/2017
17789.2,3.600811728,1489532400,14/03/2017
2000,4.594445349,1489618800,15/03/2017
48000,3.0906,1489618800,15/03/2017
17789.2,3.684551536,1489618800,15/03/2017
4000,4.308483178,1489618800,15/03/2017
4000,3.545920428,1489618800,15/03/2017
1000,4.246511318,1489618800,15/03/2017
17789.2,3.684551536,1489618800,15/03/2017
15000,4.303745737,1489618800,15/03/2017
1500,3.825582739,1489705200,16/03/2017
7068.6,2.20818269,1489705200,16/03/2017
10000,3.9087,1489705200,16/03/2017
5000,3.45,1489705200,16/03/2017
2800,5.1673036,1489705200,16/03/2017
1500,3.825582739,1489705200,16/03/2017
500,3.692,1489705200,16/03/2017
2800,5.1673036,1489791600,17/03/2017
14137.2,3.555126899,1489791600,17/03/2017
200,4.0212,1489791600,17/03/2017
14137.2,3.555126899,1489791600,17/03/2017
8000,4.68887876,1489964400,19/03/2017
5986,3.216670578,1490050800,20/03/2017
5986,3.216670578,1490050800,20/03/2017
17000,3.232,1490137200,21/03/2017
5986,3.216670578,1490310000,23/03/2017
16000,3.199612403,1490310000,23/03/2017
500,3.692,1490396400,24/03/2017
15000,3.537666667,1490396400,24/03/2017
8000,4.68887876,1490396400,24/03/2017
16500,2.863030303,1490565600,26/03/2017
5000,3.333333334,1490565600,26/03/2017
10000,3.9087,1490565600,26/03/2017
9000,3.5,1490652000,27/03/2017
24000,4.747868754,1490652000,27/03/2017
16500,2.842424242,1490738400,28/03/2017
2000,4.806201551,1490738400,28/03/2017
5,247.8,1490738400,28/03/2017
17000,3.232,1490738400,28/03/2017
10000,3.78848,1490824800,29/03/2017
14137.2,3.555126899,1490824800,29/03/2017
15200,3.573019538,1490824800,29/03/2017
16000,3.90125,1490911200,30/03/2017
14137.2,3.555126899,1490911200,30/03/2017
14137.2,3.555126899,1490997600,31/03/2017
17789.2,3.600811728,1490997600,31/03/2017
14137.2,3.555126899,1490997600,31/03/2017
14137.2,3.555126899,1490997600,31/03/2017
30000,3.48698268,1490997600,31/03/2017
4000,5.33333345,1490997600,31/03/2017
500,7.412,1491170400,02/04/2017
14000,3.502768549,1491170400,02/04/2017
1900,4.812631579,1491170400,02/04/2017
700,3.824285714,1491170400,02/04/2017
8000,4.68887876,1491256800,03/04/2017
16000,3.03,1491256800,03/04/2017
25,16.3864,1491256800,03/04/2017
1709,3.716799987,1491343200,04/04/2017
870,3.716800014,1491343200,04/04/2017
2,3.716767372,1491343200,04/04/2017
419,3.716800179,1491343200,04/04/2017
8400,10.19395158,1491343200,04/04/2017
1500,3.868483721,1491429600,05/04/2017
29750,3.317735056,1491429600,05/04/2017
4250,3.317735071,1491429600,05/04/2017
1650,3.423157623,1491429600,05/04/2017
14000,3.612594571,1491775200,09/04/2017
14000,3.612594571,1491775200,09/04/2017
10000,3.2,1491861600,10/04/2017
16000,3.118125,1491948000,11/04/2017
12000,4.141,1491948000,11/04/2017
12000,4.141,1491948000,11/04/2017
16000,3.895054517,1491948000,11/04/2017
14137.2,3.833669326,1492034400,12/04/2017
14137.2,3.759398614,1492034400,12/04/2017
14137.2,3.759398614,1492034400,12/04/2017
14137.2,3.759397193,1492034400,12/04/2017
14137.2,3.759397193,1492034400,12/04/2017
16000,3.8784,1492120800,13/04/2017
500,5.135325618,1492120800,13/04/2017
17789.2,3.835201132,1492207200,14/04/2017
17789.2,3.947066758,1492207200,14/04/2017
17789.2,3.947066758,1492207200,14/04/2017
50,9.2,1492293600,15/04/2017
450,7.246666667,1492293600,15/04/2017
7500,5.61802,1492293600,15/04/2017
300,8.78,1492293600,15/04/2017
750,5.33748702,1492380000,16/04/2017
4000,7.887360008,1492466400,17/04/2017
17000,3.3027,1492466400,17/04/2017
4000,3.56,1492552800,18/04/2017
1000,3.79999891,1492552800,18/04/2017
1000,3.300026697,1492639200,19/04/2017
17000,3.096948131,1492639200,19/04/2017
3000,4.68847352,1492639200,19/04/2017
7000,3.300026697,1492639200,19/04/2017
16000,3.0650625,1492812000,21/04/2017
2000,3.758809711,1492898400,22/04/2017
5986,1.988150687,1492984800,23/04/2017
14000,3.598785714,1492984800,23/04/2017
1000,3.75880971,1492984800,23/04/2017
5986,4.020893754,1492984800,23/04/2017
5986,4.020893754,1493071200,24/04/2017
5986,4.020893754,1493071200,24/04/2017
17789.2,3.899847656,1493071200,24/04/2017
5986,4.020893754,1493071200,24/04/2017
10000,3.9087,1493071200,24/04/2017
300,4.80000992,1493071200,24/04/2017
16000,3.9075,1493157600,25/04/2017
14000,3.598785714,1493157600,25/04/2017
24000,4.71966875,1493157600,25/04/2017
17000,3.0704,1493157600,25/04/2017
17000,3.0704,1493157600,25/04/2017
3000,4.075633463,1493157600,25/04/2017
16000,3.9075,1493157600,25/04/2017
3000,4.118,1493157600,25/04/2017
17789.2,3.917076652,1493244000,26/04/2017
17789.2,3.869856991,1493244000,26/04/2017
8000,4.899308928,1493244000,26/04/2017
12000,3.902416667,1493244000,26/04/2017
17789.2,3.917637101,1493244000,26/04/2017
10000,4.064542005,1493330400,27/04/2017
51000,3.3936,1493330400,27/04/2017
17789.2,3.917637664,1493330400,27/04/2017
8000,3.626340251,1493589600,30/04/2017
17789.2,3.85580183,1493589600,30/04/2017
12000,3.89575,1493589600,30/04/2017
14137.2,3.793070764,1493589600,30/04/2017
5986,4.01704978,1493589600,30/04/2017
12000,3.900332498,1493589600,30/04/2017
5986,4.01704978,1493589600,30/04/2017
6000,4.476381571,1493676000,01/05/2017
11999.5,3.895747314,1493676000,01/05/2017
500,3.540006578,1493676000,01/05/2017
17789.2,3.805210463,1493676000,01/05/2017
400,4.395,1493676000,01/05/2017
10000,4.064542005,1493676000,01/05/2017
4000,3.650000157,1493676000,01/05/2017
4000,4.753842639,1493676000,01/05/2017
2000,3.837118246,1493762400,02/05/2017
34000,3.131,1493762400,02/05/2017
500,3.565132808,1493848800,03/05/2017
5986,3.995223898,1493848800,03/05/2017
14137.2,3.755878789,1493848800,03/05/2017
5986,3.995223898,1493848800,03/05/2017
14137.2,3.755878075,1493848800,03/05/2017
8000,4.480588151,1493848800,03/05/2017
20000,3.462933754,1493848800,03/05/2017
30000,3.487012123,1493935200,04/05/2017
17789.2,3.855241388,1494021600,05/05/2017
5986,3.967066478,1494021600,05/05/2017
10000,3.785488959,1494108000,06/05/2017
5986,3.967068164,1494194400,07/05/2017
16000,3.14,1494194400,07/05/2017
8000,4.449009996,1494194400,07/05/2017
16000,3.14,1494194400,07/05/2017
17789.2,3.855241388,1494194400,07/05/2017
17789.2,3.805209906,1494194400,07/05/2017
5986,3.967068164,1494194400,07/05/2017
16000,3.14,1494194400,07/05/2017
5986,3.967066478,1494194400,07/05/2017
16000,3.14,1494194400,07/05/2017
14137.2,3.792361993,1494194400,07/05/2017
20000,4.3686,1494280800,08/05/2017
6000,4.279705573,1494280800,08/05/2017
17789.2,3.805210465,1494367200,09/05/2017
1800,3.470031546,1494453600,10/05/2017
10000,3.2,1494453600,10/05/2017
5986,3.967066478,1494453600,10/05/2017
5986,3.967068164,1494453600,10/05/2017
16000,3.14,1494540000,11/05/2017
5986,3.967066478,1494540000,11/05/2017
5986,3.967066478,1494540000,11/05/2017
5986,3.967068164,1494540000,11/05/2017
16000,3.118125,1494540000,11/05/2017
16000,3.14,1494626400,12/05/2017
16000,3.14,1494626400,12/05/2017
500,3.864353312,1494712800,13/05/2017
17789.2,3.917074965,1494799200,14/05/2017
14137.2,3.870878962,1494799200,14/05/2017
6000,3.510231336,1494799200,14/05/2017
2000,4.81035,1494799200,14/05/2017
6000,3.510231336,1494799200,14/05/2017
5986,3.877226857,1494885600,15/05/2017
5986,3.877226857,1494885600,15/05/2017
16000,3.354692429,1494885600,15/05/2017
16000,3.354692429,1494885600,15/05/2017
32000,3.2623,1494885600,15/05/2017
8000,5.032680008,1494972000,16/05/2017
8000,3.626340241,1494972000,16/05/2017
27000,3.149895178,1495058400,17/05/2017
10000,3.189937107,1495058400,17/05/2017
5986,3.864831147,1495058400,17/05/2017
5986,3.865035975,1495058400,17/05/2017
5986,3.86503432,1495058400,17/05/2017
27000,3.150062893,1495058400,17/05/2017
50,7.452437107,1495058400,17/05/2017
5986,3.86503432,1495058400,17/05/2017
950,5.141147302,1495144800,18/05/2017
300,9.684933438,1495144800,18/05/2017
17789.2,3.913534617,1495231200,19/05/2017
16000,3.499392296,1495404000,21/05/2017
16000,3.499392296,1495404000,21/05/2017
5986,3.877024719,1495404000,21/05/2017
5986,3.877023064,1495404000,21/05/2017
12000,4.141,1495490400,22/05/2017
10000,3.9087,1495490400,22/05/2017
17000,3.1512,1495576800,23/05/2017
17789.2,3.913535739,1495663200,24/05/2017
16000,3.14,1495663200,24/05/2017
5986,3.877023064,1495663200,24/05/2017
14137.2,3.870878252,1495663200,24/05/2017
16000,3.14,1495663200,24/05/2017
4000,3.95,1495663200,24/05/2017
5986,3.877024719,1495663200,24/05/2017
17789.2,3.913534617,1495749600,25/05/2017
16000,3.14,1495749600,25/05/2017
17789.2,3.913534617,1495749600,25/05/2017
16000,3.2825,1495749600,25/05/2017
1000,3.702,1495749600,25/05/2017
14137.2,3.865715272,1495749600,25/05/2017
16000,3.14,1495749600,25/05/2017
16000,3.499392296,1495749600,25/05/2017
16000,3.14,1495749600,25/05/2017
17789.2,3.913534617,1495749600,25/05/2017
25,0.2,1495836000,26/05/2017
10000,3.709366006,1495836000,26/05/2017
10000,3.709365,1495836000,26/05/2017
14137.2,3.865713859,1496008800,28/05/2017
14137.2,3.865713859,1496008800,28/05/2017
16000,3.139740566,1496008800,28/05/2017
10000,3.709366997,1496008800,28/05/2017
6000,4.467909093,1496095200,29/05/2017
4000,3.72941136,1496095200,29/05/2017
16000,3.139740566,1496181600,30/05/2017
16000,3.139740566,1496181600,30/05/2017
14137.2,3.865715272,1496181600,30/05/2017
17000,3.148788982,1496268000,31/05/2017
17000,3.148788982,1496268000,31/05/2017
7500,3.194139195,1496268000,31/05/2017
17000,3.148788982,1496268000,31/05/2017
13000,3.148788982,1496268000,31/05/2017
4000,3.148788983,1496268000,31/05/2017
17000,3.148788982,1496268000,31/05/2017
1000,4.342040816,1496354400,01/06/2017
101,6.238453767,1496613600,04/06/2017
4788.8,3.81178375,1496613600,04/06/2017
12000,4.141,1496613600,04/06/2017
4788.8,3.81178375,1496613600,04/06/2017
1000,3.728,1496613600,04/06/2017
4788.8,3.81178375,1496613600,04/06/2017
4788.8,3.81178375,1496613600,04/06/2017
500,3.846153846,1496613600,04/06/2017
300,4.003139717,1496700000,05/06/2017
17789.2,3.913534612,1496700000,05/06/2017
16500,3.305,1496700000,05/06/2017
17789.2,3.913535742,1496700000,05/06/2017
2000,4.86656201,1496700000,05/06/2017
16000,3.14,1496872800,07/06/2017
16000,3.14,1496872800,07/06/2017
4788.8,3.81178375,1496872800,07/06/2017
16000,3.14,1496872800,07/06/2017
16000,3.14,1496872800,07/06/2017
4788.8,3.81178375,1496959200,08/06/2017
16000,3.14,1497045600,09/06/2017
16000,3.14,1497045600,09/06/2017
16000,3.14,1497045600,09/06/2017
16000,3.14,1497045600,09/06/2017
20000,3.532182104,1497132000,10/06/2017
6150,4.54469107,1497218400,11/06/2017
2000,3.800001492,1497304800,12/06/2017
2000,7.57,1497304800,12/06/2017
2000,3.800001492,1497304800,12/06/2017
17789.2,3.913535742,1497304800,12/06/2017
14000,3.666735815,1497304800,12/06/2017
7500,4.985774673,1497304800,12/06/2017
500,3.799058084,1497304800,12/06/2017
12000,4.141,1497304800,12/06/2017
2000,4.777094851,1497304800,12/06/2017
2000,7.21605997,1497304800,12/06/2017
10000,4.09254,1497304800,12/06/2017
1000,3.950002041,1497304800,12/06/2017
17000,3.1512,1497304800,12/06/2017
14000,3.666735815,1497304800,12/06/2017
7500,4.985774673,1497304800,12/06/2017
100,14.85,1497304800,12/06/2017
1000,3.950002041,1497304800,12/06/2017
11972,3.766363181,1497391200,13/06/2017
10000,4.092538995,1497391200,13/06/2017
2000,5.444,1497391200,13/06/2017
17789.2,3.904146329,1497391200,13/06/2017
11972,3.766364859,1497391200,13/06/2017
17789.2,3.904147459,1497391200,13/06/2017
16000,3.245,1497391200,13/06/2017
14137.2,3.866041455,1497477600,14/06/2017
45000,3.588061413,1497564000,15/06/2017
11972,3.766365693,1497564000,15/06/2017
1250,4.97,1497564000,15/06/2017
11972,3.766364851,1497564000,15/06/2017
7000,3.552369179,1497564000,15/06/2017
7500,5.092885333,1497564000,15/06/2017
2400,4.677287992,1497650400,16/06/2017
400,4.67728819,1497650400,16/06/2017
2400,4.677287992,1497650400,16/06/2017
2000,3.779527559,1497650400,16/06/2017
2400,4.677287992,1497650400,16/06/2017
2400,4.677287992,1497650400,16/06/2017
11972,3.766365693,1497650400,16/06/2017
7500,3.749984,1497823200,18/06/2017
11972,3.766364851,1497823200,18/06/2017
1000,3.779527559,1497823200,18/06/2017
11972,3.766364851,1497823200,18/06/2017
6000,4.54648252,1497909600,19/06/2017
7500,3.2,1497909600,19/06/2017
4000,4.82828874,1497909600,19/06/2017
17789.2,3.910723927,1497996000,20/06/2017
750,4.563626667,1498082400,21/06/2017
15225,3.296639999,1498082400,21/06/2017
17000,3.201700005,1498082400,21/06/2017
10000,3.704166,1498168800,22/06/2017
16000,3.14,1498168800,22/06/2017
17000,3.158455257,1498168800,22/06/2017
16000,3.14,1498168800,22/06/2017
10000,3.704167008,1498168800,22/06/2017
500,3.5,1498168800,22/06/2017
3000,3.597886667,1498168800,22/06/2017
1200,4.12255628,1498255200,23/06/2017
16000,3.139763779,1498255200,23/06/2017
5450,3.834420611,1498255200,23/06/2017
2050,4.144720514,1498255200,23/06/2017
500,3.956324174,1498255200,23/06/2017
300,3.834420567,1498255200,23/06/2017
7250,4.144720543,1498255200,23/06/2017
16000,3.14,1498255200,23/06/2017
50,3.834422102,1498255200,23/06/2017
2450,4.144720535,1498255200,23/06/2017
3000,3.83442062,1498255200,23/06/2017
1000,3.834420568,1498255200,23/06/2017
4788.8,3.811783762,1498428000,25/06/2017
4788.8,3.811783762,1498428000,25/06/2017
20000,4.33635,1498514400,26/06/2017
4788.8,3.811783762,1498514400,26/06/2017
4788.8,3.811783762,1498514400,26/06/2017
14000,3.497357143,1498514400,26/06/2017
14000,3.666732284,1498514400,26/06/2017
6000,4.8106558,1498514400,26/06/2017
4000,4.52987882,1498514400,26/06/2017
14000,3.666732284,1498514400,26/06/2017
10000,3.704167008,1498514400,26/06/2017
16000,3.2825,1498600800,27/06/2017
17000,3.160873676,1498600800,27/06/2017
34000,3.3128,1498600800,27/06/2017
4788.8,3.811783762,1498687200,28/06/2017
4788.8,3.811783762,1498687200,28/06/2017
51000,3.2926,1498687200,28/06/2017
14137.2,3.854610531,1498687200,28/06/2017
4788.8,3.811783762,1498687200,28/06/2017
4788.8,3.811783762,1498687200,28/06/2017
4788.8,3.811783762,1498687200,28/06/2017
17000,3.201700005,1498773600,29/06/2017
12000,3.90116584,1498773600,29/06/2017
11972,3.775552128,1498773600,29/06/2017
17000,3.201700005,1498773600,29/06/2017
2000,3.779527559,1498773600,29/06/2017
12000,3.90116584,1498773600,29/06/2017
14137.2,3.854612659,1498860000,30/06/2017
14137.2,3.854611244,1498860000,30/06/2017
25000,3.686500003,1498860000,30/06/2017
17789.2,3.904710166,1498860000,30/06/2017
14137.2,3.854609829,1498860000,30/06/2017
25000,3.686500003,1498860000,30/06/2017
14137.2,3.854609829,1498860000,30/06/2017
14137.2,3.854611946,1498860000,30/06/2017
10000,3.863667008,1499032800,02/07/2017
14137.2,3.854610531,1499032800,02/07/2017
7500,5.651353344,1499032800,02/07/2017
10000,3.704165008,1499032800,02/07/2017
10000,3.704165008,1499032800,02/07/2017
14137.2,3.854611244,1499032800,02/07/2017
12000,3.90116584,1499032800,02/07/2017
17789.2,3.904709041,1499119200,03/07/2017
11972,3.775551286,1499119200,03/07/2017
15000,3.181500005,1499119200,03/07/2017
200,4.21194252,1499205600,04/07/2017
16000,3.058375,1499205600,04/07/2017
1000,3.315089914,1499292000,05/07/2017
16500,3.264,1499378400,06/07/2017
10000,3.9087,1499378400,06/07/2017
1000,3.909304144,1499464800,07/07/2017
15000,4.021934001,1499637600,09/07/2017
500,3.987490226,1499724000,10/07/2017
10000,4.092538999,1499724000,10/07/2017
68000,3.232,1499724000,10/07/2017
12000,4.141,1499810400,11/07/2017
10000,4.092538999,1499810400,11/07/2017
1000,3.752931978,1499810400,11/07/2017
6000,4.564906672,1499810400,11/07/2017
15000,4.021934001,1499983200,13/07/2017
15000,3.458933333,1499983200,13/07/2017
15000,4.728366672,1500069600,14/07/2017
17000,3.262300005,1500069600,14/07/2017
1500,4.962973365,1500242400,16/07/2017
10000,4.276486005,1500242400,16/07/2017
20000,3.51837373,1500242400,16/07/2017
1000,3.752931978,1500242400,16/07/2017
15000,5.68,1500242400,16/07/2017
15000,5.68,1500242400,16/07/2017
9000,4.470345582,1500501600,19/07/2017
10000,4.600938882,1500501600,19/07/2017
16000,3.958794537,1500501600,19/07/2017
10000,6.607732709,1500501600,19/07/2017
16010,3.171399998,1500588000,20/07/2017
14137.2,4.064541075,1500588000,20/07/2017
15990,3.171400003,1500588000,20/07/2017
14137.2,4.064542489,1500588000,20/07/2017
10000,3.893598,1500588000,20/07/2017
10000,3.893598,1500588000,20/07/2017
10000,3.893598,1500674400,21/07/2017
10000,3.893598,1500674400,21/07/2017
9000,3.3532,1500674400,21/07/2017
25000,3.6865,1500674400,21/07/2017
8000,4.64585,1500847200,23/07/2017
14137.2,4.064541788,1500847200,23/07/2017
10000,3.893598,1500847200,23/07/2017
17789.2,4.114639228,1500847200,23/07/2017
17789.2,4.114640353,1500933600,24/07/2017
12000,4.105268333,1500933600,24/07/2017
10000,3.893598,1500933600,24/07/2017
200,11.96496063,1500933600,24/07/2017
14137.2,4.064542489,1500933600,24/07/2017
17789.2,4.114639228,1501020000,25/07/2017
12000,4.105266667,1501020000,25/07/2017
9,16.53777778,1501020000,25/07/2017
6000,4.899664042,1501020000,25/07/2017
10000,4.073598,1501106400,26/07/2017
8000,4.663335,1501106400,26/07/2017
2000,3.799999842,1501192800,27/07/2017
12000,4.105265,1501279200,28/07/2017
11972,3.988014541,1501279200,28/07/2017
7500,5.664686677,1501279200,28/07/2017
4000,5.24970752,1501279200,28/07/2017
11972,3.988014541,1501279200,28/07/2017
11972,3.988014541,1501279200,28/07/2017
10000,3.8936,1501452000,30/07/2017
11972,3.988014541,1501452000,30/07/2017
11972,3.988014541,1501452000,30/07/2017
11972,3.988014541,1501452000,30/07/2017
17789.2,4.114639228,1501452000,30/07/2017
17789.2,4.114640353,1501538400,31/07/2017
17789.2,4.114640353,1501538400,31/07/2017
17789.2,4.114639228,1501538400,31/07/2017
17789.2,4.114639228,1501538400,31/07/2017
4000,4.73593681,1501624800,01/08/2017
17789.2,4.114639228,1501624800,01/08/2017
2000,3.984200788,1501624800,01/08/2017
4000,5.017837795,1501624800,01/08/2017
3000,5.158272913,1501624800,01/08/2017
500,4.101948448,1501711200,02/08/2017
34000,3.2118,1501797600,03/08/2017
50,3.898755768,1502056800,06/08/2017
750,3.739061257,1502056800,06/08/2017
2500,5.511789976,1502056800,06/08/2017
8000,5.045714996,1502143200,07/08/2017
10000,3.9087,1502143200,07/08/2017
500,5.642635482,1502229600,08/08/2017
1000,7.942720764,1502316000,09/08/2017
10000,3.9081,1502316000,09/08/2017
25,2.397206046,1502316000,09/08/2017
17789.2,4.11463922,1502402400,10/08/2017
2875,4.117136591,1502402400,10/08/2017
7500,4.035266677,1502488800,11/08/2017
7500,4.035266677,1502488800,11/08/2017
11972,4.00012696,1502834400,15/08/2017
9000,4.472222222,1502834400,15/08/2017
1500,5.349998939,1502834400,15/08/2017
10000,3.908098998,1502834400,15/08/2017
11972,4.00012696,1502834400,15/08/2017
25,4.773244232,1502834400,15/08/2017
7500,4.634126799,1502920800,16/08/2017
400,4.703470055,1502920800,16/08/2017
10000,3.375886604,1502920800,16/08/2017
14600,4.703464037,1502920800,16/08/2017
1950,3.600000081,1503007200,17/08/2017
2000,4.009640819,1503007200,17/08/2017
4000,4.766176793,1503007200,17/08/2017
4000,5.049877818,1503007200,17/08/2017
630,5.087447935,1503007200,17/08/2017
1000,3.940110481,1503093600,18/08/2017
500,4.047281324,1503093600,18/08/2017
1000,3.78250591,1503093600,18/08/2017
2000,3.65,1503266400,20/08/2017
32000,3.151875,1503266400,20/08/2017
200,3.78250591,1503266400,20/08/2017
27000,3.16,1503352800,21/08/2017
1700,5.823529412,1503525600,23/08/2017
15000,5.68,1503525600,23/08/2017
34000,3.2219,1503525600,23/08/2017
16500,3.264,1503525600,23/08/2017
17000,3.158455257,1503698400,25/08/2017
4000,3.158455258,1503698400,25/08/2017
3000,5.58243357,1503698400,25/08/2017
13000,3.158455257,1503698400,25/08/2017
4000,3.158455258,1503698400,25/08/2017
13000,3.158455257,1503698400,25/08/2017
2000,3.467297085,1503871200,27/08/2017
26000,3.307692308,1503871200,27/08/2017
26000,3.307692308,1503871200,27/08/2017
10000,3.9186,1503871200,27/08/2017
10000,3.9087,1503871200,27/08/2017
7500,3.2,1503957600,28/08/2017
17789.2,4.134312392,1503957600,28/08/2017
14000,3.673785714,1503957600,28/08/2017
16000,3.9325,1503957600,28/08/2017
16000,3.9325,1503957600,28/08/2017
25000,3.141,1503957600,28/08/2017
17789.2,4.134314075,1503957600,28/08/2017
14000,3.673785714,1503957600,28/08/2017
50,3.89100394,1503957600,28/08/2017
10000,3.9186,1504044000,29/08/2017
17789.2,4.134314075,1504044000,29/08/2017
12000,4.126099173,1504044000,29/08/2017
10000,3.9186,1504044000,29/08/2017
10000,3.9186,1504130400,30/08/2017
12000,4.126099173,1504130400,30/08/2017
14000,3.085714286,1504130400,30/08/2017
12000,4.126099173,1504216800,31/08/2017
17000,3.1714,1504216800,31/08/2017
14000,3.085714286,1504216800,31/08/2017
600,1.221302863,1504216800,31/08/2017
600,1.221302863,1504216800,31/08/2017
17789.2,4.134314075,1504303200,01/09/2017
15000,4.053333333,1504303200,01/09/2017
12000,3.923614172,1504476000,03/09/2017
32000,3.151875,1504476000,03/09/2017
12000,3.923614172,1504476000,03/09/2017
8000,5.068714993,1504476000,03/09/2017
17000,3.221900005,1504562400,04/09/2017
17000,3.1714,1504562400,04/09/2017
17000,3.1714,1504562400,04/09/2017
17000,3.221900005,1504562400,04/09/2017
0.1,244.6722947,1504562400,04/09/2017
16000,3.161841403,1504735200,06/09/2017
27500,3.163973123,1504735200,06/09/2017
5975,4.423799988,1504821600,07/09/2017
17000,3.0704,1504821600,07/09/2017
8000,5.069324111,1504821600,07/09/2017
6000,3.939,1504821600,07/09/2017
2000,4.1195,1504908000,08/09/2017
10000,4.0936,1505080800,10/09/2017
16000,3.60375,1505080800,10/09/2017
8000,3.625875,1505080800,10/09/2017
12000,3.923614163,1505080800,10/09/2017
27500,3.154,1505167200,11/09/2017
17000,3.2219,1505167200,11/09/2017
12000,3.923614163,1505167200,11/09/2017
16500,3.264,1505253600,12/09/2017
100,5.74853913,1505340000,13/09/2017
12000,4.1136,1505340000,13/09/2017
7500,4.085266677,1505340000,13/09/2017
100,5.74853913,1505426400,14/09/2017
14000,3.673785714,1505426400,14/09/2017
30000,3.639420987,1505426400,14/09/2017
14000,3.673785714,1505426400,14/09/2017
5000,3.599999684,1505426400,14/09/2017
30000,3.639420987,1505426400,14/09/2017
7500,4.655032011,1505426400,14/09/2017
17000,3.1714,1505426400,14/09/2017
27500,3.154,1505512800,15/09/2017
10000,3.5643637,1505685600,17/09/2017
27500,3.154,1505685600,17/09/2017
400,4.750708695,1505772000,18/09/2017
2400,4.750705008,1505772000,18/09/2017
2400,4.750705008,1505772000,18/09/2017
1000,5.16088,1505772000,18/09/2017
4000,4.75070427,1505772000,18/09/2017
800,4.7507,1505772000,18/09/2017
7500,5.718020005,1505772000,18/09/2017
1000,5.16088,1505858400,19/09/2017
500,3.846153846,1505944800,20/09/2017
11050,3.197267743,1505944800,20/09/2017
16500,3.288602825,1505944800,20/09/2017
2000,4.615384616,1505944800,20/09/2017
15000,5.639874411,1505944800,20/09/2017
1000,3.579277865,1505944800,20/09/2017
17000,3.147153822,1505944800,20/09/2017
33000,3.342221352,1505944800,20/09/2017
12000,4.309796636,1505944800,20/09/2017
5950,3.197267726,1505944800,20/09/2017
20000,4.999592313,1505944800,20/09/2017
17000,3.147153822,1505944800,20/09/2017
12000,4.309796636,1505944800,20/09/2017
7500,6.22,1506031200,21/09/2017
20000,4.32695,1506031200,21/09/2017
27500,3.154,1506117600,22/09/2017
10000,3.9087,1506117600,22/09/2017
6000,6.546333333,1506290400,24/09/2017
4600,5.548771791,1506376800,25/09/2017
500,6.24999686,1506376800,25/09/2017
6200,4.623975768,1506376800,25/09/2017
9000,4.666667783,1506376800,25/09/2017
4000,3.799999805,1506463200,26/09/2017
12000,4.1136,1506463200,26/09/2017
2500,4.11,1506463200,26/09/2017
5000,1.755254003,1506549600,27/09/2017
2000,7.89785997,1506549600,27/09/2017
15500,4.571030324,1506636000,28/09/2017
14000,3.670214286,1506636000,28/09/2017
14000,3.670214286,1506636000,28/09/2017
16000,3.305125,1506636000,28/09/2017
12000,4.3,1506636000,28/09/2017
2000,4.1241,1506981600,02/10/2017
11972,4.017251098,1506981600,02/10/2017
7500,4.045266667,1506981600,02/10/2017
17000,3.19,1506981600,02/10/2017
17789.2,4.134312395,1506981600,02/10/2017
17789.2,4.13431408,1506981600,02/10/2017
8000,4.700835008,1506981600,02/10/2017
11972,4.017251098,1506981600,02/10/2017
14137.2,4.089296325,1506981600,02/10/2017
8000,4.700835008,1506981600,02/10/2017
11972,4.017251098,1506981600,02/10/2017
14137.2,4.089297735,1506981600,02/10/2017
11972,4.017251098,1506981600,02/10/2017
7500,4.045266667,1506981600,02/10/2017
14137.2,4.089296325,1506981600,02/10/2017
17789.2,4.13431408,1506981600,02/10/2017
2000,5.46365,1507240800,05/10/2017
17789.2,4.134314085,1507240800,05/10/2017
7500,3.908642675,1507240800,05/10/2017
25500,3.115686275,1507240800,05/10/2017
25500,3.115686275,1507240800,05/10/2017
25500,3.115686275,1507240800,05/10/2017
7500,4.038642675,1507327200,06/10/2017
10000,3.7546,1507500000,08/10/2017
10000,3.7546,1507500000,08/10/2017
10000,3.7546,1507500000,08/10/2017
5000,3.3,1507500000,08/10/2017
16000,3.16875,1507500000,08/10/2017
16500,3.58,1507586400,09/10/2017
350,3.863085537,1507586400,09/10/2017
11500,3.42826087,1507586400,09/10/2017
15000,4.194666667,1507586400,09/10/2017
1000,4.494,1507586400,09/10/2017
20000,3.2,1507672800,10/10/2017
17000,3.120907657,1507672800,10/10/2017
2500,4.15000118,1507759200,11/10/2017
25000,3.114,1507759200,11/10/2017
5000,1.755253997,1507759200,11/10/2017
250,9.893119752,1507759200,11/10/2017
36000,4,1507845600,12/10/2017
2400,4.700615992,1507845600,12/10/2017
400,4.700615863,1507845600,12/10/2017
2400,4.700615992,1507845600,12/10/2017
34000,3.19,1507845600,12/10/2017
2400,4.700615992,1507845600,12/10/2017
2400,4.700615992,1507845600,12/10/2017
6000,3.796934992,1507845600,12/10/2017
15000,3.450933333,1508104800,15/10/2017
8000,4.743162909,1508104800,15/10/2017
10000,3.9286,1508104800,15/10/2017
32000,3.34,1508104800,15/10/2017
10000,3.9286,1508104800,15/10/2017
8000,4.743165008,1508104800,15/10/2017
600,3.665124417,1508104800,15/10/2017
10000,3.9286,1508191200,16/10/2017
17000,3.254935459,1508277600,17/10/2017
1000,3.304754638,1508277600,17/10/2017
10000,3.937786126,1508277600,17/10/2017
150,7.777410233,1508277600,17/10/2017
34000,3.355087321,1508277600,17/10/2017
17000,3.254935459,1508277600,17/10/2017
15500,4.583932899,1508450400,19/10/2017
10000,3.9286,1508450400,19/10/2017
2400,4.904587492,1508450400,19/10/2017
3500,5.331255094,1508450400,19/10/2017
10000,3.9286,1508450400,19/10/2017
600,5.588842037,1508536800,20/10/2017
10000,4.533415994,1508709600,22/10/2017
16000,3.3878125,1508709600,22/10/2017
16500,3.54,1508796000,23/10/2017
10000,4.533417007,1508796000,23/10/2017
17000,3.25,1508882400,24/10/2017
10000,5.07824,1508882400,24/10/2017
10000,4.193518005,1508968800,25/10/2017
10000,4.193518005,1509055200,26/10/2017
34000,3.31,1509055200,26/10/2017
17000,3.25,1509141600,27/10/2017
11972,4.271344803,1509141600,27/10/2017
11972,4.271344803,1509318000,29/10/2017
6000,4.543473578,1509318000,29/10/2017
7500,3.958600011,1509318000,29/10/2017
11972,4.271344803,1509404400,30/10/2017
0.03,1103.518097,1509404400,30/10/2017
8000,4.840547545,1509490800,31/10/2017
12000,4.263098338,1509490800,31/10/2017
12000,4.254764173,1509490800,31/10/2017
12000,4.263098338,1509490800,31/10/2017
8000,4.84055,1509490800,31/10/2017
4000,7.914360015,1509577200,01/11/2017
16000,3.758542141,1509577200,01/11/2017
12000,4.5,1509577200,01/11/2017
16000,3.758542141,1509577200,01/11/2017
16000,4,1509663600,02/11/2017
7500,4.525352925,1509663600,02/11/2017
16000,3.050431711,1509922800,05/11/2017
34000,3.35,1509922800,05/11/2017
12000,4.109433333,1510009200,06/11/2017
32000,3.368088684,1510009200,06/11/2017
10000,4.193518006,1510095600,07/11/2017
250,3.76766091,1510095600,07/11/2017
200,3.689167975,1510095600,07/11/2017
12000,4.109432496,1510095600,07/11/2017
32000,3.32,1510268400,09/11/2017
500,4.7374,1510268400,09/11/2017
8000,4.707085008,1510354800,10/11/2017
1000,3.767660911,1510441200,11/11/2017
10000,4.193518995,1510527600,12/11/2017
450,5.349998953,1510527600,12/11/2017
6000,5.332670905,1510614000,13/11/2017
4000,5.046481163,1510614000,13/11/2017
50,10.26656201,1510700400,14/11/2017
16500,3.62,1510700400,14/11/2017
12000,4.109432496,1510700400,14/11/2017
10000,4.14150538,1510786800,15/11/2017
10000,4.14150538,1510786800,15/11/2017
100,5.454700775,1510873200,16/11/2017
1000,4.83,1510959600,17/11/2017
8000,4.875785,1510959600,17/11/2017
500,4.646,1510959600,17/11/2017
100,4.605475969,1511046000,18/11/2017
7500,4.721700011,1511132400,19/11/2017
500,3.720930232,1511132400,19/11/2017
17000,3.36,1511218800,20/11/2017
5000,5.401550388,1511218800,20/11/2017
14000,3.959107143,1511305200,21/11/2017
14000,3.959107143,1511305200,21/11/2017
17000,3.109121752,1511305200,21/11/2017
2500,5.486772032,1511305200,21/11/2017
17000,3.109121752,1511305200,21/11/2017
17000,3.232817221,1511391600,22/11/2017
500,5.388789083,1511391600,22/11/2017
15000,5.68,1511391600,22/11/2017
7000,3.410852713,1511391600,22/11/2017
2500,5.401550388,1511391600,22/11/2017
5,6.669023256,1511478000,23/11/2017
5,6.222418604,1511478000,23/11/2017
1000,4.599687287,1511478000,23/11/2017
1000,3.720930233,1511650800,25/11/2017
900,6.796705427,1511737200,26/11/2017
100,6.790330233,1511737200,26/11/2017
100,6.790330233,1511737200,26/11/2017
900,5.853054608,1511737200,26/11/2017
2500,5.39999938,1511823600,27/11/2017
12000,4.5,1511910000,28/11/2017
2500,5.401550388,1511910000,28/11/2017
500,4.57364372,1511910000,28/11/2017
1000,3.720930233,1511996400,29/11/2017
17789.2,4.302374474,1512082800,30/11/2017
17789.2,4.162420462,1512082800,30/11/2017
14137.2,4.264619585,1512082800,30/11/2017
32000,4.021875,1512082800,30/11/2017
17000,3.47,1512082800,30/11/2017
17789.2,4.302375041,1512082800,30/11/2017
14137.2,4.264617469,1512169200,01/12/2017
2500,5.39999938,1512169200,01/12/2017
2000,3.720930232,1512255600,02/12/2017
14137.2,4.264618171,1512342000,03/12/2017
25500,3.96372549,1512428400,04/12/2017
25500,3.96372549,1512428400,04/12/2017
4000,4.891065892,1512514800,05/12/2017
10000,4.228519008,1512514800,05/12/2017
4000,9.01320155,1512601200,06/12/2017
7500,3.9586,1512601200,06/12/2017
10000,4.228518,1512601200,06/12/2017
50,7.99300157,1512687600,07/12/2017
10000,4.228518995,1512687600,07/12/2017
75,6.407600209,1512687600,07/12/2017
5,58.45601256,1512687600,07/12/2017
25600,3.12578125,1512946800,10/12/2017
15000,4.245216672,1512946800,10/12/2017
12000,4.276883333,1512946800,10/12/2017
16000,4.142490002,1512946800,10/12/2017
4000,3.63675,1512946800,10/12/2017
25600,3.12578125,1512946800,10/12/2017
8000,4.913285008,1512946800,10/12/2017
25600,3.12578125,1512946800,10/12/2017
25600,3.12578125,1513033200,11/12/2017
100,15,1513033200,11/12/2017
500,4.615384616,1513033200,11/12/2017
25600,3.12578125,1513033200,11/12/2017
100,15,1513033200,11/12/2017
32000,4.0328125,1513033200,11/12/2017
16000,4.217693043,1513033200,11/12/2017
12000,3.99,1513033200,11/12/2017
49.34,2.733663638,1513119600,12/12/2017
40,40.30062795,1513119600,12/12/2017
16000,4.207536315,1513119600,12/12/2017
7500,4.741700011,1513206000,13/12/2017
1000,5.686970173,1513206000,13/12/2017
7500,5.848020011,1513206000,13/12/2017
10000,4.583415997,1513292400,14/12/2017
10000,4.583415997,1513292400,14/12/2017
16000,3.93,1513292400,14/12/2017
9000,4.929444444,1513378800,15/12/2017
10000,4.583417002,1513378800,15/12/2017
17000,3.47,1513551600,17/12/2017
2000,5.886970175,1513551600,17/12/2017
15000,5.048283339,1513551600,17/12/2017
100,4.27277865,1513638000,18/12/2017
12000,4.276884171,1513638000,18/12/2017
2000,4.863414443,1513638000,18/12/2017
8000,3.610875,1513638000,18/12/2017
1000,5.729984301,1513724400,19/12/2017
8000,4.913285008,1513724400,19/12/2017
1000,6.089573469,1513810800,20/12/2017
16000,4.06465,1513897200,21/12/2017
16000,3.3375,1513897200,21/12/2017
14000,3.952142857,1513897200,21/12/2017
15990,4.06,1513983600,22/12/2017
16000,4.06,1513983600,22/12/2017
17000,3.47,1513983600,22/12/2017
500,6.929708016,1513983600,22/12/2017
10,4.06,1513983600,22/12/2017
500,5.221518988,1514070000,23/12/2017
9700,4.583415993,1514242800,25/12/2017
15000,6.596667996,1514242800,25/12/2017
300,4.58341614,1514242800,25/12/2017
15000,5.68,1514242800,25/12/2017
12000,4.7,1514329200,26/12/2017
2000,7.87735997,1514329200,26/12/2017
11000,4.187284235,1514329200,26/12/2017
16000,4.05,1514415600,27/12/2017
16500,4.21,1514415600,27/12/2017
17000,3.579672375,1514415600,27/12/2017
6000,6.146175,1514415600,27/12/2017
25600,3.120898438,1514502000,28/12/2017
16500,3.762,1514502000,28/12/2017
25600,3.120898438,1514502000,28/12/2017
25600,3.120898438,1514502000,28/12/2017
25600,3.120898438,1514502000,28/12/2017
25600,3.120898438,1514502000,28/12/2017
15000,4.6124,1514502000,28/12/2017
10000,4.620075,1514588400,29/12/2017
17000,4.05,1514588400,29/12/2017
3000,5.45886076,1514674800,30/12/2017
14137.2,4.255774837,1514761200,31/12/2017
14137.2,4.255775543,1514761200,31/12/2017
14137.2,4.255775543,1514761200,31/12/2017
4000,5.26714822,1514761200,31/12/2017
14137.2,4.255774837,1514761200,31/12/2017
11972,4.20896509,1514761200,31/12/2017
11972,4.208965923,1514761200,31/12/2017
4000,4.97932678,1514761200,31/12/2017
11972,4.208965923,1514761200,31/12/2017
1000,5.221518829,1514934000,02/01/2018
16000,5.475,1514934000,02/01/2018
51000,3.65,1514934000,02/01/2018
16000,5.475,1514934000,02/01/2018
1000,4.140127389,1515020400,03/01/2018
17000,4.496124031,1515020400,03/01/2018
1000,3.821656051,1515106800,04/01/2018
1000,4.140127389,1515106800,04/01/2018
100,5.476681529,1515106800,04/01/2018
34000,4.05,1515193200,05/01/2018
500,6.580652963,1515193200,05/01/2018
34000,4.05,1515193200,05/01/2018
34000,4.1,1515193200,05/01/2018
2000,4.973285032,1515193200,05/01/2018
17000,4.1,1515193200,05/01/2018
17000,4.1,1515193200,05/01/2018
500,5.773636624,1515625200,10/01/2018
3000,4.14012739,1515625200,10/01/2018
5913,4.1,1515711600,11/01/2018
28087,4.1,1515711600,11/01/2018
25500,3.170588235,1515711600,11/01/2018
5913,4.1,1515711600,11/01/2018
17000,4.05,1515711600,11/01/2018
28087,4.1,1515711600,11/01/2018
17000,4.03,1515970800,14/01/2018
1000,5.015923567,1515970800,14/01/2018
17000,4.03,1515970800,14/01/2018
5000,4.15,1516057200,15/01/2018
3500,5.746031437,1516057200,15/01/2018
4000,5.63205,1516057200,15/01/2018
25500,3.708753613,1516230000,17/01/2018
17000,4.03125,1516230000,17/01/2018
25500,3.708753613,1516230000,17/01/2018
2,49.76228209,1516230000,17/01/2018
25500,3.726470588,1516316400,18/01/2018
14000,4.180428571,1516316400,18/01/2018
25500,3.726470588,1516316400,18/01/2018
100,9.805546751,1516316400,18/01/2018
0.015,2644.434157,1516316400,18/01/2018
14137.2,4.255775537,1516402800,19/01/2018
17000,4.05,1516402800,19/01/2018
20000,4.999541784,1516402800,19/01/2018
31990,4.06,1516402800,19/01/2018
10,4.06,1516402800,19/01/2018
14000,4.184751426,1516575600,21/01/2018
14000,4.184751426,1516575600,21/01/2018
18000,3.983492226,1516662000,22/01/2018
200,5.54675119,1516662000,22/01/2018
250,3.75,1516662000,22/01/2018
2000,4.574245008,1516662000,22/01/2018
50,7.013001584,1516662000,22/01/2018
25,18.24215531,1516662000,22/01/2018
10000,5.229793978,1516662000,22/01/2018
10500,4.59,1516662000,22/01/2018
18000,3.983492226,1516662000,22/01/2018
17000,4.03,1516748400,23/01/2018
17000,4.03,1516748400,23/01/2018
17000,4.03,1516748400,23/01/2018
6000,5.569035922,1516748400,23/01/2018
3000,5.451664027,1516834800,24/01/2018
6000,5.15,1517007600,26/01/2018
7700,4.75,1517007600,26/01/2018
10000,4.968285008,1517007600,26/01/2018
14000,4.202251426,1517007600,26/01/2018
14000,4.202251426,1517007600,26/01/2018
50,7.013001584,1517180400,28/01/2018
1000,9.873,1517266800,29/01/2018
16000,3.880064996,1517266800,29/01/2018
17789.2,4.743792304,1517353200,30/01/2018
20000,4.970823503,1517353200,30/01/2018
17789.2,4.743793987,1517353200,30/01/2018
500,7.1200374,1517353200,30/01/2018
10000,4.633422995,1517353200,30/01/2018
15000,4.651763458,1517439600,31/01/2018
5000,4.611348838,1517439600,31/01/2018
17789.2,4.743793992,1517526000,01/02/2018
14137.2,4.254006452,1517526000,01/02/2018
14137.2,4.254007161,1517526000,01/02/2018
14137.2,4.703859322,1517526000,01/02/2018
8000,5.309410004,1517526000,01/02/2018
14137.2,4.254007161,1517526000,01/02/2018
5500,4.611348836,1517526000,01/02/2018
10000,5.003275004,1517612400,02/02/2018
14137.2,4.70386074,1517785200,04/02/2018
10000,4.3825,1517785200,04/02/2018
25500,3.857882353,1517785200,04/02/2018
400,5.330151153,1517785200,04/02/2018
32000,4.1,1517785200,04/02/2018
17000,4.75,1517785200,04/02/2018
1000,4.136833731,1517785200,04/02/2018
17000,4.03,1517958000,06/02/2018
20,11.71800318,1517958000,06/02/2018
17000,4.03,1517958000,06/02/2018
300,6.346066827,1517958000,06/02/2018
3000,4.13683373,1517958000,06/02/2018
2.5,138.5330151,1518044400,07/02/2018
50,5.990001592,1518044400,07/02/2018
500,4.620715672,1518130800,08/02/2018
1500,4.645982498,1518130800,08/02/2018
17789.2,4.743792302,1518390000,11/02/2018
1000,4.313943994,1518476400,12/02/2018
50,5.990001592,1518476400,12/02/2018
17789.2,4.743793992,1518476400,12/02/2018
16500,3.51,1518562800,13/02/2018
12000,4.276792598,1518649200,14/02/2018
2000,5.704406335,1518649200,14/02/2018
5000,4,1518735600,15/02/2018
17789.2,4.743793983,1518735600,15/02/2018
4000,4,1518735600,15/02/2018
16500,3.612,1518735600,15/02/2018
5000,4,1518735600,15/02/2018
3000,4,1518735600,15/02/2018
7000,4.119,1518994800,18/02/2018
9500,4.119000008,1518994800,18/02/2018
17789.2,4.7437923,1518994800,18/02/2018
17789.2,4.743793983,1519081200,19/02/2018
5,14.16300871,1519081200,19/02/2018
4500,4.201636316,1519081200,19/02/2018
5,14.16300871,1519081200,19/02/2018
12000,4.663838335,1519167600,20/02/2018
8000,5.268784996,1519167600,20/02/2018
16500,4.116,1519254000,21/02/2018
2450,4.43162998,1519254000,21/02/2018
1300,4.431630034,1519254000,21/02/2018
150,14.59774285,1519254000,21/02/2018
1200,4.431630043,1519254000,21/02/2018
1450,4.431630021,1519254000,21/02/2018
550,4.431629915,1519254000,21/02/2018
750,4.222590799,1519254000,21/02/2018
2500,4.431629976,1519254000,21/02/2018
550,4.431629915,1519254000,21/02/2018
17789.2,4.743793983,1519254000,21/02/2018
200,4.222590594,1519254000,21/02/2018
100,4.222590594,1519254000,21/02/2018
250,4.222590592,1519254000,21/02/2018
1000,4.431630069,1519254000,21/02/2018
3800,4.431629997,1519254000,21/02/2018
1250,4.431630038,1519254000,21/02/2018
7100,4.431630001,1519254000,21/02/2018
3750,4.431629997,1519254000,21/02/2018
12000,5.342766288,1519254000,21/02/2018
17789.2,4.7437923,1519340400,22/02/2018
12000,4.3,1519426800,23/02/2018
11972,4.577955226,1519426800,23/02/2018
10000,5.648054996,1519426800,23/02/2018
17789.2,4.7437923,1519599600,25/02/2018
17789.2,4.743793983,1519599600,25/02/2018
14137.2,4.703859322,1519599600,25/02/2018
17789.2,4.743793983,1519599600,25/02/2018
14137.2,4.703858616,1519599600,25/02/2018
100,9.485800475,1519599600,25/02/2018
14137.2,4.703859322,1519599600,25/02/2018
16500,4.062,1519686000,26/02/2018
10000,4.503422993,1519686000,26/02/2018
16000,4.096875,1519772400,27/02/2018
10000,4.503422993,1519772400,27/02/2018
10000,4.503422993,1519772400,27/02/2018
17000,3.616646876,1519858800,28/02/2018
17789.2,4.651717236,1519858800,28/02/2018
10000,4.416010854,1519858800,28/02/2018
1700,6.494229447,1519945200,01/03/2018
14000,4.106357791,1520031600,02/03/2018
2050,3.959627329,1520031600,02/03/2018
5000,5.220155994,1520031600,02/03/2018
1000,4.347826087,1520031600,02/03/2018
14000,4.106357791,1520031600,02/03/2018
500,4.347826086,1520031600,02/03/2018
15000,4.009,1520204400,04/03/2018
5000,4.475704968,1520204400,04/03/2018
12000,4.3,1520204400,04/03/2018
12000,4.402648387,1520290800,05/03/2018
3000,4.40264836,1520290800,05/03/2018
15000,4.009,1520290800,05/03/2018
450,8.280745342,1520290800,05/03/2018
2800,4.56,1520290800,05/03/2018
1000,5.434782764,1520377200,06/03/2018
200,5.5,1520377200,06/03/2018
15000,5.591458665,1520463600,07/03/2018
500,4.658385094,1520463600,07/03/2018
1600,5.8125,1520463600,07/03/2018
9750,4.916751792,1520550000,08/03/2018
9700,4.889630931,1520550000,08/03/2018
16500,4.062,1520636400,09/03/2018
9800,4.918086735,1520636400,09/03/2018
1000,4.658385093,1520722800,10/03/2018
100,4.636374224,1520809200,11/03/2018
9000,5.411666667,1520809200,11/03/2018
12000,5.656854995,1520809200,11/03/2018
25000,3.829,1520809200,11/03/2018
25000,3.829,1520809200,11/03/2018
14000,3.823,1520809200,11/03/2018
5000,4.72,1520895600,12/03/2018
16000,4.041875,1520895600,12/03/2018
16500,3.762,1520895600,12/03/2018
500,4.43000031,1520982000,13/03/2018
17789.2,4.76792553,1521068400,14/03/2018
17789.2,4.76792496,1521068400,14/03/2018
17789.2,4.76792553,1521068400,14/03/2018
15500,4.617926734,1521068400,14/03/2018
32000,4.041875,1521154800,15/03/2018
2100,4.61,1521154800,15/03/2018
33000,3.912,1521154800,15/03/2018
9000,4.11,1521414000,18/03/2018
2200,5.489059095,1521414000,18/03/2018
50,5.650001558,1521414000,18/03/2018
2200,5.489059095,1521500400,19/03/2018
32000,4.041875,1521500400,19/03/2018
16500,4.218,1521500400,19/03/2018
4000,5.104045012,1521586800,20/03/2018
16500,4.014545455,1521586800,20/03/2018
17789.2,4.749416502,1521586800,20/03/2018
17789.2,4.749415932,1521673200,21/03/2018
17300,5.001157223,1521673200,21/03/2018
100,4.654595479,1521673200,21/03/2018
12000,4.3,1521673200,21/03/2018
50,8.966484802,1521759600,22/03/2018
17789.2,4.749416502,1521759600,22/03/2018
16500,4.062,1521759600,22/03/2018
1000,4.78,1521759600,22/03/2018
1450,4.289999194,1521759600,22/03/2018
12000,4.578422499,1521846000,23/03/2018
25000,3.82,1521846000,23/03/2018
16500,4.163939394,1521846000,23/03/2018
5000,5.421354794,1521846000,23/03/2018
10000,5.421355604,1521846000,23/03/2018
10000,4.54,1521932400,24/03/2018
2500,3.975058457,1521932400,24/03/2018
2000,4.78,1522015200,25/03/2018
850,4.599998349,1522015200,25/03/2018
17789.2,4.749416502,1522015200,25/03/2018
10000,4.513421995,1522015200,25/03/2018
1000,5.899998285,1522015200,25/03/2018
500,4.600001558,1522015200,25/03/2018
17789.2,4.749415932,1522015200,25/03/2018
12000,4.578423331,1522015200,25/03/2018
17789.2,4.749416502,1522101600,26/03/2018
17789.2,4.749416502,1522101600,26/03/2018
2000,5.45596259,1522188000,27/03/2018
22000,3.956590909,1522188000,27/03/2018
12000,4.578422499,1522188000,27/03/2018
500,5.143919876,1522188000,27/03/2018
17789.2,4.749415932,1522274400,28/03/2018
15000,4.911656669,1522274400,28/03/2018
8000,5.265659996,1522274400,28/03/2018
17789.2,4.749416502,1522360800,29/03/2018
15000,4.608422665,1522360800,29/03/2018
10000,4.510922993,1522447200,30/03/2018
10000,4.94,1522447200,30/03/2018
20000,4.351165004,1522447200,30/03/2018
10000,4.510920998,1522447200,30/03/2018
14137.2,4.710934975,1522447200,30/03/2018
14137.2,4.710934975,1522447200,30/03/2018
14137.2,4.710934975,1522447200,30/03/2018
14137.2,4.710934975,1522447200,30/03/2018
8000,5.265659996,1522447200,30/03/2018
15000,4.601755333,1522620000,01/04/2018
16000,4.056875,1522620000,01/04/2018
16000,4.05875,1522620000,01/04/2018
16000,4.056875,1522620000,01/04/2018
14000,4.175480714,1522706400,02/04/2018
14000,4.175480714,1522706400,02/04/2018
500,4.28682,1522706400,02/04/2018
200,1.4988,1522879200,04/04/2018
25500,3.828705882,1522965600,05/04/2018
25500,3.828705882,1522965600,05/04/2018
25500,3.828705882,1523052000,06/04/2018
500,7.2,1523224800,08/04/2018
16000,4.64,1523224800,08/04/2018
25500,3.828705882,1523224800,08/04/2018
1000,4.04984,1523311200,09/04/2018
9600,4.92308125,1523397600,10/04/2018
12000,4.401666667,1523397600,10/04/2018
6000,6.129508333,1523397600,10/04/2018
9600,4.933289583,1523484000,11/04/2018
9850,4.929558376,1523484000,11/04/2018
25000,4.029,1523570400,12/04/2018
25000,4.029,1523570400,12/04/2018
1050,4.499990476,1523570400,12/04/2018
5000,4.049844,1523570400,12/04/2018
25000,3.827,1523656800,13/04/2018
25000,3.827,1523656800,13/04/2018
25000,3.827,1523656800,13/04/2018
14000,4.016071429,1523656800,13/04/2018
16000,4.1690525,1523829600,15/04/2018
9850,4.929558376,1523829600,15/04/2018
8000,6.035405,1523829600,15/04/2018
250,5.05532,1523829600,15/04/2018
8000,5.0025,1523829600,15/04/2018
14000,3.814428571,1523916000,16/04/2018
14000,4.172857143,1523916000,16/04/2018
4000,5.81506,1523916000,16/04/2018
16000,4.1690525,1523916000,16/04/2018
500,5.74318,1524002400,17/04/2018
19,1.841052632,1524002400,17/04/2018
8000,3.613875,1524002400,17/04/2018
9000,4.576226667,1524002400,17/04/2018
138,1.12884058,1524002400,17/04/2018
9000,4.880845556,1524088800,18/04/2018
31000,4.222580645,1524175200,19/04/2018
1000,5.1,1524175200,19/04/2018
2000,5.687605,1524261600,20/04/2018
14137,5.460762538,1524261600,20/04/2018
14137,5.460763953,1524261600,20/04/2018
300,10.11556667,1524261600,20/04/2018
14137,5.460763245,1524434400,22/04/2018
200,4.59615,1524434400,22/04/2018
2000,4,1524434400,22/04/2018
14137,5.460763953,1524434400,22/04/2018
17789,5.499230423,1524520800,23/04/2018
14000,4.182623571,1524520800,23/04/2018
17789,5.499230985,1524520800,23/04/2018
14000,4.182623571,1524520800,23/04/2018
8000,4.569675,1524607200,24/04/2018
50,4.3846,1524607200,24/04/2018
14000,4.182623571,1524607200,24/04/2018
16000,4.174375,1524607200,24/04/2018
34000,4.25,1524607200,24/04/2018
20000,3.9,1524607200,24/04/2018
20000,3.9,1524607200,24/04/2018
14000,4.182623571,1524607200,24/04/2018
10000,5.16,1524693600,25/04/2018
17789,5.499230985,1524693600,25/04/2018
4000,5.3299975,1524693600,25/04/2018
16000,4.15875,1524780000,26/04/2018
4000,5.86979,1524780000,26/04/2018
12129,4.060877236,1524780000,26/04/2018
7277,4.020287206,1524780000,26/04/2018
7277,4.020287206,1524780000,26/04/2018
10800,4.088888889,1524780000,26/04/2018
10800,4.088888889,1524780000,26/04/2018
12129,4.060877236,1524780000,26/04/2018
50,8.1882,1524780000,26/04/2018
14137,5.460763953,1524866400,27/04/2018
10000,4.54,1524866400,27/04/2018
10000,5.420669,1524866400,27/04/2018
1000,4.36815,1524866400,27/04/2018
9950,5.706830151,1524866400,27/04/2018
14137,5.460763953,1524952800,28/04/2018
17789,5.499230423,1525039200,29/04/2018
10000,5.708036,1525039200,29/04/2018
11972,5.347701303,1525039200,29/04/2018
25000,3.829,1525039200,29/04/2018
25000,3.829,1525039200,29/04/2018
17789,5.499230985,1525039200,29/04/2018
10000,5.283169,1525039200,29/04/2018
10000,5.283169,1525039200,29/04/2018
14137,5.460763245,1525039200,29/04/2018
10000,5.708036,1525039200,29/04/2018
14137,5.460763245,1525039200,29/04/2018
14137,5.460762538,1525039200,29/04/2018
11972,5.347700468,1525125600,30/04/2018
14137,5.460763245,1525125600,30/04/2018
15000,5.456502,1525125600,30/04/2018
15000,5.456502,1525125600,30/04/2018
14137,5.460763245,1525125600,30/04/2018
14137,5.460763245,1525125600,30/04/2018
25000,3.827,1525212000,01/05/2018
20000,4.353665,1525212000,01/05/2018
20000,4.353665,1525212000,01/05/2018
25000,3.7804708,1525298400,02/05/2018
14000,3.780047143,1525298400,02/05/2018
5000,4.849998,1525384800,03/05/2018
14137,5.460762538,1525384800,03/05/2018
14000,3.814428571,1525384800,03/05/2018
18000,3.984881111,1525471200,04/05/2018
16000,4.174375,1525471200,04/05/2018
1650,10.93980519,1525471200,04/05/2018
200,49.1559,1525471200,04/05/2018
14000,4.190882857,1525644000,06/05/2018
16000,4.416875,1525730400,07/05/2018
17789,5.499230423,1525730400,07/05/2018
16000,4.16875,1525730400,07/05/2018
5000,4.65959,1525816800,08/05/2018
14000,4.195122857,1525816800,08/05/2018
14000,4.195122857,1525816800,08/05/2018
16000,4.36875,1525816800,08/05/2018
16000,4.4034375,1525816800,08/05/2018
5000,4.85,1525816800,08/05/2018
17000,4.17,1525903200,09/05/2018
16000,4.129989375,1525903200,09/05/2018
10000,4.179331,1525903200,09/05/2018
17000,4.22,1525989600,10/05/2018
17000,4.249037,1525989600,10/05/2018
50,6.4811,1525989600,10/05/2018
16000,4.43389,1526248800,13/05/2018
16000,4.43389,1526248800,13/05/2018
5000,4.85,1526335200,14/05/2018
500,5.31914,1526335200,14/05/2018
27,10.5,1526421600,15/05/2018
16000,4.433875,1526421600,15/05/2018
5000,4.767736,1526508000,16/05/2018
7500,5.292341333,1526508000,16/05/2018
11972,5.259948212,1526508000,16/05/2018
10000,5.187505,1526508000,16/05/2018
16000,4.4339375,1526594400,17/05/2018
250,4.77968,1526594400,17/05/2018
15000,5.404834667,1526594400,17/05/2018
17000,4.25,1526594400,17/05/2018
17000,4.25,1526680800,18/05/2018
10000,5.278169,1526680800,18/05/2018
11972,5.351876879,1526680800,18/05/2018
15000,4.23,1526680800,18/05/2018
1000,4.48095,1526767200,19/05/2018
5000,4.899178,1526853600,20/05/2018
16000,4.43875,1526853600,20/05/2018
350,4.971714286,1526853600,20/05/2018
16000,4.43875,1526853600,20/05/2018
10000,5.423169,1526853600,20/05/2018
10000,5.278168,1526940000,21/05/2018
500,10.80952,1527026400,22/05/2018
150,0.1882,1527026400,22/05/2018
15000,5.68,1527112800,23/05/2018
300,4.995133333,1527112800,23/05/2018
31000,4.222580645,1527112800,23/05/2018
1000,5.1,1527112800,23/05/2018
14000,4.174096429,1527112800,23/05/2018
16000,4.1889375,1527112800,23/05/2018
5000,6.327806,1527199200,24/05/2018
10000,4.465,1527199200,24/05/2018
17000,4.25,1527199200,24/05/2018
15000,5.68,1527199200,24/05/2018
16000,4.5309375,1527285600,25/05/2018
1000,6.79787,1527285600,25/05/2018
15000,5.68,1527285600,25/05/2018
16000,4.630625,1527458400,27/05/2018
2850,4.895066667,1527458400,27/05/2018
12000,5.299058333,1527458400,27/05/2018
15000,5.68,1527458400,27/05/2018
10000,5.780521,1527458400,27/05/2018
2000,5.50215,1527544800,28/05/2018
7500,5.498136,1527631200,29/05/2018
7500,5.498134667,1527631200,29/05/2018
10000,4.54,1527717600,30/05/2018
23000,4.833059467,1527717600,30/05/2018
24000,5.461927917,1527890400,01/06/2018
2800,6.401007143,1527890400,01/06/2018
7200,5.862181944,1527890400,01/06/2018
7500,5.751352,1527890400,01/06/2018
7200,5.862181944,1527890400,01/06/2018
9000,4.972222222,1528063200,03/06/2018
1050,5.793095238,1528063200,03/06/2018
7200,5.862181944,1528063200,03/06/2018
15000,5.401500667,1528063200,03/06/2018
400,5.7931,1528063200,03/06/2018
16000,4.4611875,1528063200,03/06/2018
0.1,5.89,1528149600,04/06/2018
0.004,50,1528149600,04/06/2018
0.002,49.5,1528149600,04/06/2018
2000,6.12397,1528149600,04/06/2018
16000,4.13875,1528236000,05/06/2018
16000,4.13875,1528236000,05/06/2018
500,6.37032,1528236000,05/06/2018
34000,4.25,1528236000,05/06/2018
300,5.602166667,1528322400,06/06/2018
3000,4.761903333,1528322400,06/06/2018
200,5.44215,1528322400,06/06/2018
8000,6.060405,1528408800,07/06/2018
500,6.306,1528408800,07/06/2018
17000,4.25,1528408800,07/06/2018
1000,6.49999,1528495200,08/06/2018
6000,5.374,1528668000,10/06/2018
0.063,8.142857143,1528668000,10/06/2018
2000,5.868035,1528754400,11/06/2018
25600,3.7828125,1528754400,11/06/2018
25600,3.7828125,1528754400,11/06/2018
1350,4.945533333,1528840800,12/06/2018
300,5.6034,1528840800,12/06/2018
25600,3.7828125,1528840800,12/06/2018
6000,5.35,1528840800,12/06/2018
6000,5.564388333,1528840800,12/06/2018
500,5.616,1528927200,13/06/2018
8000,4.193125,1528927200,13/06/2018
100,10.1421,1528927200,13/06/2018
8000,4.193125,1528927200,13/06/2018
4000,5.4015425,1529013600,14/06/2018
5000,3.842176,1529013600,14/06/2018
25000,4.38,1529100000,15/06/2018
25600,3.7828125,1529100000,15/06/2018
25600,3.7828125,1529100000,15/06/2018
3400,5.582941176,1529272800,17/06/2018
47,1.384680851,1529359200,18/06/2018
16000,4.46325,1529359200,18/06/2018
16000,4.8819375,1529359200,18/06/2018
4000,5.34305,1529359200,18/06/2018
14500,5.408513793,1529359200,18/06/2018
16000,4.92875,1529445600,19/06/2018
1000,5.434,1529445600,19/06/2018
10000,6.417805,1529445600,19/06/2018
4800,6.4,1529445600,19/06/2018
769,21.72973992,1529532000,20/06/2018
5000,4.299702,1529532000,20/06/2018
16000,4.111249375,1529532000,20/06/2018
9600,5.615363542,1529532000,20/06/2018
15000,5.592392667,1529532000,20/06/2018
5000,4.298768,1529532000,20/06/2018
650,10.65486154,1529532000,20/06/2018
9000,4.616342222,1529532000,20/06/2018
15000,5.592392667,1529532000,20/06/2018
32000,4.34,1529618400,21/06/2018
17000,4.33,1529618400,21/06/2018
30000,4.405823333,1529618400,21/06/2018
17000,4.3,1529618400,21/06/2018
2000,3.35265,1529618400,21/06/2018
2000,5.4,1529618400,21/06/2018
16000,4.2625,1529618400,21/06/2018
9600,5.721473958,1529618400,21/06/2018
10000,4.80103,1529704800,22/06/2018
18000,3.993213889,1529704800,22/06/2018
17000,4.25,1529704800,22/06/2018
7500,6.726606667,1529877600,24/06/2018
5000,5.962904,1529877600,24/06/2018
22000,4.459772727,1529964000,25/06/2018
15000,4.23,1529964000,25/06/2018
25600,3.796484375,1530050400,26/06/2018
25600,3.796484375,1530050400,26/06/2018
14000,6.331925,1530136800,27/06/2018
25600,3.796484375,1530136800,27/06/2018
34000,5.05,1530136800,27/06/2018
10000,5.278167,1530136800,27/06/2018
10000,5.278169,1530136800,27/06/2018
25600,3.796484375,1530136800,27/06/2018
12000,4.9,1530223200,28/06/2018
25600,3.796484375,1530223200,28/06/2018
10000,5.278167,1530223200,28/06/2018
10000,5.278167,1530309600,29/06/2018
25600,3.796484375,1530309600,29/06/2018
250,5.64996,1530309600,29/06/2018
25600,3.796484375,1530309600,29/06/2018
11972,5.351876879,1530309600,29/06/2018
11972,5.351876879,1530309600,29/06/2018
8000,6.35,1530482400,01/07/2018
17789,5.496419135,1530482400,01/07/2018
16000,4.1889375,1530482400,01/07/2018
17789,5.496419135,1530482400,01/07/2018
5800,4.714915517,1530482400,01/07/2018
3000,5.469833333,1530568800,02/07/2018
17789,5.496419135,1530568800,02/07/2018
100,6.1578,1530568800,02/07/2018
10000,5.278169,1530568800,02/07/2018
16000,4.8534375,1530568800,02/07/2018
100,5.9652,1530568800,02/07/2018
7500,5.338169333,1530568800,02/07/2018
17789,5.496418011,1530568800,02/07/2018
31000,5.05,1530655200,03/07/2018
2000,4.451035,1530655200,03/07/2018
3025,7.133880992,1530655200,03/07/2018
12000,4.9,1530655200,03/07/2018
1000,4.45103,1530655200,03/07/2018
325,5.421692308,1530741600,04/07/2018
1600,6.56674375,1530741600,04/07/2018
3000,4.411763333,1530741600,04/07/2018
2000,4.892545,1530741600,04/07/2018
250,4.70588,1530741600,04/07/2018
100,5.6029,1530828000,05/07/2018
5000,4.86,1530828000,05/07/2018
250,5.64996,1530914400,06/07/2018
8000,6.35,1530914400,06/07/2018
17000,4.3,1530914400,06/07/2018
3000,6.389893333,1531087200,08/07/2018
500,9.14284,1531087200,08/07/2018
700,15,1531087200,08/07/2018
1000,7.837868754,1531087200,08/07/2018
17789,5.496419698,1531087200,08/07/2018
15000,4.4,1531173600,09/07/2018
25000,4.4,1531173600,09/07/2018
15000,5.363185333,1531173600,09/07/2018
15000,5.363185333,1531173600,09/07/2018
16000,4.165,1531260000,10/07/2018
25000,4.0952,1531346400,11/07/2018
8000,5.07530625,1531346400,11/07/2018
16000,5.299631875,1531346400,11/07/2018
25000,4.0952,1531346400,11/07/2018
100,5.45,1531432800,12/07/2018
14000,4.1,1531432800,12/07/2018
16000,5.075,1531432800,12/07/2018
14137,5.407241989,1531432800,12/07/2018
2000,4.41176,1531432800,12/07/2018
16000,5.075,1531432800,12/07/2018
14500,5.05,1531519200,13/07/2018
1000,5.25,1531519200,13/07/2018
16000,5.00375,1531692000,15/07/2018
2000,8.38301,1531692000,15/07/2018
10000,5.228184,1531692000,15/07/2018
11972,5.312333779,1531692000,15/07/2018
15000,5.355852,1531692000,15/07/2018
16000,4.915,1531692000,15/07/2018
16000,4.95375,1531692000,15/07/2018
10000,5.32,1531778400,16/07/2018
15000,5.348185333,1531778400,16/07/2018
16500,5.15,1531778400,16/07/2018
10000,5.228185,1531864800,17/07/2018
16500,5.048484848,1531864800,17/07/2018
16000,4.915,1531864800,17/07/2018
17789,5.449247288,1531864800,17/07/2018
10000,5.32,1531864800,17/07/2018
10000,5.228185,1531864800,17/07/2018
25600,4.904869141,1531951200,18/07/2018
8000,5.03327625,1531951200,18/07/2018
25600,4.904869141,1531951200,18/07/2018
10000,5.235884,1531951200,18/07/2018
20000,5.686863,1531951200,18/07/2018
25600,4.904869141,1531951200,18/07/2018
10000,5.228185,1532037600,19/07/2018
10000,5.228185,1532124000,20/07/2018
7000,6.05293,1532124000,20/07/2018
17789,5.446436,1532124000,20/07/2018
10000,5.358185,1532296800,22/07/2018
11972,5.318598396,1532296800,22/07/2018
11972,5.312333779,1532296800,22/07/2018
3000,4.1624,1532469600,24/07/2018
10000,5.32,1532469600,24/07/2018
11972,5.312333779,1532469600,24/07/2018
29000,4.910096552,1532469600,24/07/2018
15000,5.60477,1532469600,24/07/2018
8000,6.3,1532642400,26/07/2018
25600,4.90234375,1532728800,27/07/2018
3000,5.539996667,1532728800,27/07/2018
25600,4.90234375,1532728800,27/07/2018
25500,4.940196078,1532728800,27/07/2018
15000,5.68,1532901600,29/07/2018
7500,6.124593333,1532901600,29/07/2018
14137,5.407241282,1532901600,29/07/2018
14137,5.407241282,1532901600,29/07/2018
16500,4.993636364,1532988000,30/07/2018
5000,4.565536,1532988000,30/07/2018
16000,5.260909375,1532988000,30/07/2018
5000,4.565536,1532988000,30/07/2018
1000,5.48015,1532988000,30/07/2018
15000,5.68,1533074400,31/07/2018
14137,5.400167645,1533074400,31/07/2018
2000,9.226915,1533074400,31/07/2018
17789,5.443624712,1533074400,31/07/2018
25600,4.905859375,1533074400,31/07/2018
2000,5.793055,1533074400,31/07/2018
25000,5.5036,1533074400,31/07/2018
14137,5.400167645,1533074400,31/07/2018
14137,5.403704463,1533074400,31/07/2018
2000,7.87736,1533074400,31/07/2018
15805,5.304127175,1533074400,31/07/2018
25600,4.905859375,1533074400,31/07/2018
25000,5.5036,1533074400,31/07/2018
250,10,1533074400,31/07/2018
2000,5.8482,1533160800,01/08/2018
11972,5.318599232,1533247200,02/08/2018
13000,5.326923077,1533247200,02/08/2018
25600,4.905859375,1533247200,02/08/2018
1000,4.95928,1533247200,02/08/2018
15000,5.35,1533247200,02/08/2018
8000,4.63542,1533247200,02/08/2018
22000,5.490454545,1533333600,03/08/2018
25600,4.905859375,1533333600,03/08/2018
25600,4.905859375,1533333600,03/08/2018
25600,4.905859375,1533333600,03/08/2018
25000,5.5036,1533333600,03/08/2018
1000,5.18134,1533506400,05/08/2018
1000,5.3,1533506400,05/08/2018
15000,5.3,1533506400,05/08/2018
16000,5.17625,1533506400,05/08/2018
15500,6.170966452,1533506400,05/08/2018
25600,4.905859375,1533506400,05/08/2018
2000,5.450635,1533506400,05/08/2018
16000,5.1825,1533592800,06/08/2018
2000,6.08899,1533592800,06/08/2018
7250,5.35,1533592800,06/08/2018
16000,5.1825,1533592800,06/08/2018
1000,6.78756,1533679200,07/08/2018
900,5.785711111,1533679200,07/08/2018
500,5.7857,1533679200,07/08/2018
17000,5.6,1533679200,07/08/2018
8000,5.725875,1533852000,09/08/2018
25000,5.9562,1533938400,10/08/2018
10000,5.213183,1534111200,12/08/2018
16000,5.120625,1534111200,12/08/2018
16000,5.120625,1534111200,12/08/2018
16000,5.1903125,1534111200,12/08/2018
10000,5.213185,1534111200,12/08/2018
10000,5.213185,1534111200,12/08/2018
300,6.710933333,1534111200,12/08/2018
100,49.0676,1534111200,12/08/2018
25600,5.105859375,1534111200,12/08/2018
20000,5.3,1534197600,13/08/2018
10000,5.213183,1534197600,13/08/2018
8000,6.3,1534197600,13/08/2018
16000,5.120625,1534197600,13/08/2018
17789,5.43800326,1534197600,13/08/2018
17789,5.43800326,1534197600,13/08/2018
25600,4.969751953,1534370400,15/08/2018
8000,6.66885875,1534370400,15/08/2018
25600,4.969751953,1534370400,15/08/2018
50,11.3246,1534370400,15/08/2018
25600,4.969751953,1534370400,15/08/2018
10000,5.074217,1534370400,15/08/2018
16000,5.130583125,1534456800,16/08/2018
16500,5.29,1534456800,16/08/2018
7500,6.064586667,1534543200,17/08/2018
1500,7.07,1534543200,17/08/2018
0.1,6.39,1534543200,17/08/2018
7500,6.064586667,1534543200,17/08/2018
9000,5.565,1534716000,19/08/2018
11972,5.306069997,1534716000,19/08/2018
16500,5.1,1534716000,19/08/2018
11972,5.306069997,1534716000,19/08/2018
18000,5.493319444,1534716000,19/08/2018
7000,5.451368571,1534716000,19/08/2018
16000,5.65,1534716000,19/08/2018
11972,5.306069997,1534716000,19/08/2018
1700,6.628241176,1534802400,20/08/2018
300,5.836666667,1534802400,20/08/2018
1000,5.71613,1534802400,20/08/2018
25600,5.105859375,1534888800,21/08/2018
10000,5.671052,1534975200,22/08/2018
16000,5.1906125,1534975200,22/08/2018
5000,5.4542896,1534975200,22/08/2018
16000,5.881191875,1534975200,22/08/2018
12000,5.454289667,1534975200,22/08/2018
8000,5.13625,1534975200,22/08/2018
6200,7.223325806,1535061600,23/08/2018
2000,5.76355,1535061600,23/08/2018
16000,5.65,1535148000,24/08/2018
600,7.9792,1535148000,24/08/2018
5000,6.26,1535148000,24/08/2018
14137,5.400167645,1535148000,24/08/2018
600,7.440966667,1535148000,24/08/2018
10000,5.218185,1535148000,24/08/2018
500,5.4755,1535234400,25/08/2018
7000,6.543635714,1535320800,26/08/2018
14137,5.400167645,1535320800,26/08/2018
2000,6.54363,1535320800,26/08/2018
15450,6.170967638,1535320800,26/08/2018
50,16.5,1535320800,26/08/2018
14137,5.396632242,1535320800,26/08/2018
100,5.4799,1535320800,26/08/2018
100,5.4799,1535320800,26/08/2018
3000,5.4,1535320800,26/08/2018
20000,5.02,1535407200,27/08/2018
14137,5.396630827,1535407200,27/08/2018
15000,5.449466667,1535407200,27/08/2018
50,14.8688,1535407200,27/08/2018
16000,5.1906125,1535407200,27/08/2018
5000,6.26,1535493600,28/08/2018
2000,3.6483825,1535493600,28/08/2018
7000,5.728571429,1535493600,28/08/2018
2700,5.939996296,1535493600,28/08/2018
17789,5.43800326,1535493600,28/08/2018
17789,5.438003823,1535493600,28/08/2018
17789,5.43800326,1535580000,29/08/2018
200,5.5736,1535580000,29/08/2018
14137,5.396632242,1535666400,30/08/2018
17789,5.438003823,1535666400,30/08/2018
3400,6.563379412,1535666400,30/08/2018
14137,5.396632949,1535666400,30/08/2018
15000,5.334851333,1535666400,30/08/2018
17789.2,5.437942122,1535752800,31/08/2018
2000,6.921,1535752800,31/08/2018
14137.2,5.39655448,1535752800,31/08/2018
8000,6.00416875,1535752800,31/08/2018
3200,7.725171875,1535752800,31/08/2018
17789.2,5.437942122,1535752800,31/08/2018
16500,5.702973939,1536012000,03/09/2018
5,55.148,1536012000,03/09/2018
2500,5.75,1536012000,03/09/2018
4475,7.223776536,1536098400,04/09/2018
18000,5.491375,1536098400,04/09/2018
16500,5.702973939,1536098400,04/09/2018
1000,5.66282,1536098400,04/09/2018
5,53.972,1536184800,05/09/2018
1000,5.36344,1536184800,05/09/2018
4,19.3125,1536271200,06/09/2018
400,7.8758,1536271200,06/09/2018
20,5.6075,1536271200,06/09/2018
10,6.796,1536271200,06/09/2018
20000,5.68451,1536616800,10/09/2018
16000,5.1953,1536616800,10/09/2018
9000,5.770482222,1536703200,11/09/2018
7000,6.024285714,1536703200,11/09/2018
350,6.46,1536703200,11/09/2018
30000,6.315000067,1536876000,13/09/2018
200,7.51135,1536876000,13/09/2018
10000,5.355683,1536962400,14/09/2018
8000,6.02292,1537135200,16/09/2018
8000,6.02292,1537135200,16/09/2018
16000,5.65,1537135200,16/09/2018
16000,5.2403125,1537135200,16/09/2018
16000,5.65,1537135200,16/09/2018
16000,5.0703125,1537135200,16/09/2018
1500,4.940013333,1537221600,17/09/2018
11972,5.310246408,1537221600,17/09/2018
11972,5.310247244,1537221600,17/09/2018
16000,5.798244375,1537221600,17/09/2018
25500,5.511764706,1537221600,17/09/2018
3000,6.556913333,1537308000,18/09/2018
11972,5.310246408,1537308000,18/09/2018
16000,5.50375,1537308000,18/09/2018
16000,5.20125,1537308000,18/09/2018
5000,7.011846,1537308000,18/09/2018
8000,5.65,1537308000,18/09/2018
10000,5.683052,1537308000,18/09/2018
16000,5.8588,1537394400,19/09/2018
5000,6.904646,1537394400,19/09/2018
5000,6.049996,1537394400,19/09/2018
25600,5.287890625,1537480800,20/09/2018
16000,5.1005,1537567200,21/09/2018
8000,6.02291875,1537567200,21/09/2018
300,5.281433333,1537567200,21/09/2018
14000,6.399275,1537567200,21/09/2018
4000,5.476025,1537653600,22/09/2018
16000,5.0703125,1537740000,23/09/2018
14000,5.343022143,1537740000,23/09/2018
4000,5.7305525,1537740000,23/09/2018
16000,5.1005,1537740000,23/09/2018
4000,5.7305525,1537740000,23/09/2018
14000,5.343022143,1537740000,23/09/2018
7500,6.064588,1537740000,23/09/2018
10000,6.45,1537826400,24/09/2018
10000,6.45,1537826400,24/09/2018
2000,5.090965,1537826400,24/09/2018
15000,5.658082667,1537912800,25/09/2018
500,7.81732,1537912800,25/09/2018
500,9.4643,1537912800,25/09/2018
1200,6.679275,1537912800,25/09/2018
2000,9.226915,1537912800,25/09/2018
7500,5.251517333,1537999200,26/09/2018
16000,5.030625,1538085600,27/09/2018
10000,5.678051,1538172000,28/09/2018
3800,6.438873684,1538172000,28/09/2018
15000,5.439466667,1538172000,28/09/2018
25600,5.087890625,1538344800,30/09/2018
14000,5.344808567,1538517600,02/10/2018
25600,5.087890625,1538517600,02/10/2018
300,5.503822099,1538517600,02/10/2018
14000,5.344808567,1538517600,02/10/2018
25600,5.087890625,1538517600,02/10/2018
7500,5.251518666,1538517600,02/10/2018
25600,5.021587524,1538604000,03/10/2018
1500,5.181584362,1538604000,03/10/2018
15500,4.885493871,1538604000,03/10/2018
25600,5.087890625,1538690400,04/10/2018
8000,5.090931259,1538776800,05/10/2018
14137.2,5.396555894,1538949600,07/10/2018
17789.2,5.437942125,1538949600,07/10/2018
17789.2,5.437942688,1538949600,07/10/2018
1500,5.212620027,1538949600,07/10/2018
17789.2,5.437942125,1538949600,07/10/2018
17789.2,5.437942688,1538949600,07/10/2018
1000,5.144033196,1538949600,07/10/2018
14137.2,5.396555894,1538949600,07/10/2018
16000,4.930625,1539036000,08/10/2018
16000,5.685625,1539036000,08/10/2018
10000,6.32,1539036000,08/10/2018
16000,5.2062375,1539036000,08/10/2018
15000,5.439466667,1539036000,08/10/2018
200,13.06841907,1539036000,08/10/2018
9000,6.535555556,1539122400,09/10/2018
9000,6.535555556,1539122400,09/10/2018
500,5.8682,1539122400,09/10/2018
5023,5.810000145,1539122400,09/10/2018
16500,5.51,1539122400,09/10/2018
200,5.868200274,1539122400,09/10/2018
11000,5.7,1539122400,09/10/2018
4300,5.868199987,1539122400,09/10/2018
9000,6.535554443,1539208800,10/10/2018
7000,5.300000372,1539208800,10/10/2018
7500,6.064588002,1539208800,10/10/2018
8000,5.299999674,1539208800,10/10/2018
100,7.18,1539208800,10/10/2018
8000,5.65,1539295200,11/10/2018
16000,5.65,1539295200,11/10/2018
16000,4.930625,1539295200,11/10/2018
10000,6.32,1539381600,12/10/2018
16000,5.44,1539554400,14/10/2018
11000,5.79,1539554400,14/10/2018
15500,5.866129032,1539554400,14/10/2018
5000,5.803813909,1539554400,14/10/2018
14137.2,5.396555894,1539640800,15/10/2018
2000,6.099999863,1539640800,15/10/2018
25000,5.264,1539640800,15/10/2018
16000,5.44,1539640800,15/10/2018
2000,6.099999863,1539640800,15/10/2018
5000,6.750004,1539640800,15/10/2018
10000,4.793044746,1539727200,16/10/2018
11972,5.332190412,1539813600,17/10/2018
11972,5.332190412,1539813600,17/10/2018
25500,5.520758386,1539813600,17/10/2018
25600,5.741424221,1539986400,19/10/2018
3000,6.15,1539986400,19/10/2018
25000,4.92,1539986400,19/10/2018
17789.2,5.437942119,1539986400,19/10/2018
15500,4.950000196,1539986400,19/10/2018
200,5.234159091,1539986400,19/10/2018
17789.2,5.437942119,1540159200,21/10/2018
17789.2,5.437942119,1540159200,21/10/2018
30000,4.992,1540245600,22/10/2018
14137.2,5.39655519,1540245600,22/10/2018
17789.2,5.437942119,1540245600,22/10/2018
18000,5.103995554,1540332000,23/10/2018
2000,6.3,1540332000,23/10/2018
18000,5.103995554,1540332000,23/10/2018
4000,5.679564773,1540418400,24/10/2018
16000,4.904759375,1540418400,24/10/2018
10000,6.32,1540418400,24/10/2018
16000,4.904759375,1540418400,24/10/2018
16000,4.95,1540418400,24/10/2018
15500,4.95,1540418400,24/10/2018
10000,5.580789091,1540418400,24/10/2018
14137.2,5.396555891,1540418400,24/10/2018
25000,5.052,1540418400,24/10/2018
30000,4.934,1540418400,24/10/2018
30000,4.934,1540504800,25/10/2018
1000,5.23415978,1540504800,25/10/2018
2000,5.869988223,1540504800,25/10/2018
8000,5.183987603,1540504800,25/10/2018
1450,5.793103448,1540504800,25/10/2018
7500,6.061253333,1540591200,26/10/2018
30000,4.934,1540591200,26/10/2018
32000,4.95,1540591200,26/10/2018
9000,6.830000556,1540591200,26/10/2018
7500,6.061254674,1540591200,26/10/2018
7500,6.729007658,1540767600,28/10/2018
15000,6.92,1540767600,28/10/2018
15000,5.27,1540767600,28/10/2018
300,5.165289256,1540767600,28/10/2018
1000,5.464187328,1540767600,28/10/2018
16000,4.85625,1540767600,28/10/2018
6000,6.315713958,1540854000,29/10/2018
500,5.525369146,1540854000,29/10/2018
18000,5.869166667,1540854000,29/10/2018
4000,7.852309986,1540940400,30/10/2018
25000,4.893041096,1541026800,31/10/2018
3500,5.072054834,1541026800,31/10/2018
7500,7.59076,1541113200,01/11/2018
10000,5.7,1541113200,01/11/2018
4000,5.449999795,1541113200,01/11/2018
15000,7.207571333,1541113200,01/11/2018
5000,5.45,1541113200,01/11/2018
4000,6.682655,1541113200,01/11/2018
10000,6.32,1541199600,02/11/2018
32000,4.850171233,1541199600,02/11/2018
10000,6.32,1541199600,02/11/2018
32000,4.8503125,1541199600,02/11/2018
8300,5.399999868,1541458800,05/11/2018
1200,12.15664779,1541458800,05/11/2018
1300,9.556312532,1541458800,05/11/2018
0.03,99.15216421,1541458800,05/11/2018
1000,5.479452055,1541890800,10/11/2018
15500,4.95,1541977200,11/11/2018
10000,6.32,1541977200,11/11/2018
16000,4.81875,1541977200,11/11/2018
16000,4.81875,1541977200,11/11/2018
15000,6.92,1542063600,12/11/2018
25,7.984547945,1542150000,13/11/2018
9000,5.254736889,1542236400,14/11/2018
16000,6.021055517,1542236400,14/11/2018
10000,5.7,1542322800,15/11/2018
17789.2,5.957771011,1542409200,16/11/2018
10000,5.723016,1542409200,16/11/2018
30000,4.9,1542409200,16/11/2018
25000,4.95,1542409200,16/11/2018
15000,5.874683331,1542582000,18/11/2018
14000,7.480545333,1542582000,18/11/2018
14137.2,5.916384435,1542582000,18/11/2018
17789.2,5.957770451,1542582000,18/11/2018
15000,6.3042,1542582000,18/11/2018
30000,4.9,1542582000,18/11/2018
1500,8.8,1542754800,20/11/2018
30000,4.9,1542754800,20/11/2018
16000,5.88,1542754800,20/11/2018
100,14.04977825,1542841200,21/11/2018
16000,5.44,1542841200,21/11/2018
15000,5.006666667,1542927600,22/11/2018
10000,6.32,1542927600,22/11/2018
15000,4.83,1542927600,22/11/2018
11972,5.820077678,1543014000,23/11/2018
11972,5.820077678,1543014000,23/11/2018
31000,4.834516129,1543014000,23/11/2018
14137.2,5.916385855,1543014000,23/11/2018
31000,4.834516129,1543273200,26/11/2018
16000,5.2,1543273200,26/11/2018
4000,6.620253123,1543273200,26/11/2018
250,6.500000561,1543273200,26/11/2018
4800,6.620253129,1543273200,26/11/2018
5000,5.500000337,1543273200,26/11/2018
16500,5.5,1543273200,26/11/2018
1500,5.858020023,1543273200,26/11/2018
31000,4.834516129,1543359600,27/11/2018
5000,5.499999495,1543359600,27/11/2018
1500,5.473684211,1543359600,27/11/2018
5000,5.499999523,1543446000,28/11/2018
12000,7.849136842,1543532400,29/11/2018
1500,6.01,1543532400,29/11/2018
10000,5.723016,1543532400,29/11/2018
12000,7.849136842,1543532400,29/11/2018
5000,5.327719298,1543618800,30/11/2018
25600,4.764802632,1543618800,30/11/2018
15500,5.019999801,1543618800,30/11/2018
5000,5.327719298,1543618800,30/11/2018
8750,5.333333526,1543618800,30/11/2018
5000,5.327719298,1543618800,30/11/2018
16000,4.937719298,1543791600,02/12/2018
16000,4.937719298,1543791600,02/12/2018
17000,5.45,1543791600,02/12/2018
500,7.165777937,1543791600,02/12/2018
16000,4.937719298,1543791600,02/12/2018
16000,4.937719298,1543878000,03/12/2018
18000,4.430409357,1543878000,03/12/2018
5000,5.499999495,1543878000,03/12/2018
25000,5.15,1543878000,03/12/2018
25000,4.92,1543964400,04/12/2018
300,12.4425979,1543964400,04/12/2018
5000,5.594217901,1544050800,05/12/2018
22000,4.869999818,1544137200,06/12/2018
28000,4.87,1544137200,06/12/2018
7277.4,4.019366165,1544223600,07/12/2018
14000,5.138166616,1544223600,07/12/2018
14000,5.138166616,1544223600,07/12/2018
12500,4.900943383,1544396400,09/12/2018
16000,4.68875,1544482800,10/12/2018
16000,4.68875,1544482800,10/12/2018
16000,4.745717345,1544569200,11/12/2018
14000,5.138166616,1544569200,11/12/2018
16500,5.1,1544569200,11/12/2018
16000,4.745717345,1544569200,11/12/2018
16000,5.190935046,1544655600,12/12/2018
16000,4.843861527,1544655600,12/12/2018
1000,5.25,1544655600,12/12/2018
200,6.805703056,1544655600,12/12/2018
16000,4.845645967,1544655600,12/12/2018
16000,4.745717345,1544742000,13/12/2018
16000,4.745717345,1544742000,13/12/2018
25000,4.94999976,1544828400,14/12/2018
3000,4.950001999,1544828400,14/12/2018
12500,4.8944,1544828400,14/12/2018
32000,4.6509375,1545001200,16/12/2018
5000,5.499999743,1545001200,16/12/2018
32000,4.6509375,1545001200,16/12/2018
16000,4.843861527,1545087600,17/12/2018
40000,5.02,1545087600,17/12/2018
16000,4.745717345,1545174000,18/12/2018
4200,5.624086022,1545260400,19/12/2018
1800,5.624084986,1545260400,19/12/2018
16000,4.766129032,1545260400,19/12/2018
200,4.809544375,1545260400,19/12/2018
32050,4.923310911,1545260400,19/12/2018
500,6.916572491,1545346800,20/12/2018
50,13.62,1545346800,20/12/2018
500,9.256247765,1545346800,20/12/2018
16500,4.84,1545346800,20/12/2018
16000,4.836021505,1545433200,21/12/2018
32000,4.835573477,1545606000,23/12/2018
26375,4.833511695,1545778800,25/12/2018
11575,4.833058517,1545778800,25/12/2018
300,5.604792223,1545778800,25/12/2018
8000,5.034050179,1545951600,27/12/2018
10000,6.32,1546210800,30/12/2018
10000,5.475268817,1546210800,30/12/2018
16000,4.63875,1546210800,30/12/2018
16500,4.84,1546210800,30/12/2018
16000,4.63875,1546210800,30/12/2018
15500,5.849462366,1546297200,31/12/2018
900,50.48187973,1546297200,31/12/2018
17789.2,5.957462653,1546297200,31/12/2018
1200,12.21455884,1546297200,31/12/2018
1200,12.02765856,1546297200,31/12/2018
4000,6.283154122,1546297200,31/12/2018
1500,5.868578256,1546297200,31/12/2018
17789.2,5.957462653,1546297200,31/12/2018
2000,4.931899642,1546383600,01/01/2019
14137.2,5.91641747,1546383600,01/01/2019
14137.2,5.91641747,1546383600,01/01/2019
11000,5.191267514,1546383600,01/01/2019
17789.2,5.957462653,1546383600,01/01/2019
500,6.010064702,1546470000,02/01/2019
100,16.17688555,1546470000,02/01/2019
500,5.135325618,1546470000,02/01/2019
50,5.751258088,1546470000,02/01/2019
5000,5.017972682,1546556400,03/01/2019
12000,5.890246825,1546642800,04/01/2019
20000,4.999592313,1546642800,04/01/2019
300,5.415768033,1546729200,05/01/2019
25600,4.554951474,1546815600,06/01/2019
25600,4.554951474,1546815600,06/01/2019
300,5.415768033,1546815600,06/01/2019
28000,4.70986957,1546902000,07/01/2019
24750,5.490999136,1546902000,07/01/2019
25600,4.554951474,1546902000,07/01/2019
400,5.499640546,1546902000,07/01/2019
1500,4.965252816,1546988400,08/01/2019
18000,6.366323189,1546988400,08/01/2019
10000,5.475197699,1546988400,08/01/2019
15000,5.516415049,1546988400,08/01/2019
500,5.23364486,1546988400,08/01/2019
25600,4.554951474,1547074800,09/01/2019
500,5.26240115,1547074800,09/01/2019
25600,4.554951474,1547074800,09/01/2019
25600,4.554951474,1547074800,09/01/2019
1500,6.450994488,1547074800,09/01/2019
1000,5.794392523,1547161200,10/01/2019
9000,5.795990095,1547161200,10/01/2019
2000,5.772825306,1547247600,11/01/2019
500,5.291157441,1547334000,12/01/2019
16000,4.474299065,1547420400,13/01/2019
150,6.020294737,1547420400,13/01/2019
32000,4.551132279,1547420400,13/01/2019
14000,5.114511657,1547506800,14/01/2019
24000,6.00167745,1547506800,14/01/2019
400,10.28037383,1547506800,14/01/2019
225,12.52496206,1547506800,14/01/2019
16000,4.836448598,1547506800,14/01/2019
16000,4.8391445,1547506800,14/01/2019
14000,5.114511657,1547506800,14/01/2019
16000,5.181524083,1547593200,15/01/2019
50,5.397727273,1547679600,16/01/2019
23000,5.295842948,1547679600,16/01/2019
2010,7.604025328,1547679600,16/01/2019
50,5.113636364,1547679600,16/01/2019
8000,4.563210227,1547766000,17/01/2019
3000,5.340909091,1547766000,17/01/2019
400,5.504261364,1547766000,17/01/2019
1500,4.829545455,1547766000,17/01/2019
18000,6.381786616,1547766000,17/01/2019
3000,5.340909091,1547852400,18/01/2019
250,5.340909091,1547852400,18/01/2019
24000,6.014441288,1548025200,20/01/2019
8000,4.950284091,1548025200,20/01/2019
9000,4.35479211,1548111600,21/01/2019
24750,5.633608815,1548111600,21/01/2019
25,19.84229979,1548111600,21/01/2019
24000,4.704663826,1548111600,21/01/2019
24750,5.633608815,1548111600,21/01/2019
200,4.550065881,1548111600,21/01/2019
18000,6.379419192,1548198000,22/01/2019
2000,5.901988636,1548198000,22/01/2019
1000,5.894886364,1548198000,22/01/2019
11972,5.818500744,1548198000,22/01/2019
14000,5.114650974,1548198000,22/01/2019
11972,5.818500744,1548198000,22/01/2019
24000,4.704663826,1548284400,23/01/2019
550,6.689049587,1548284400,23/01/2019
550,6.689049587,1548284400,23/01/2019
14000,5.114650974,1548284400,23/01/2019
100,5.397727273,1548284400,23/01/2019
200,10.8065773,1548284400,23/01/2019
100,6.676136364,1548284400,23/01/2019
32000,4.70925071,1548370800,24/01/2019
16000,4.905007102,1548370800,24/01/2019
5000,4.758522727,1548543600,26/01/2019
11972,5.818500744,1548630000,27/01/2019
8000,5.126065341,1548630000,27/01/2019
11972,5.818500744,1548630000,27/01/2019
2200,5.094266529,1548630000,27/01/2019
3000,5.09469697,1548630000,27/01/2019
16550,5.09732903,1548630000,27/01/2019
200,7.315340909,1548630000,27/01/2019
2000,6.321022727,1548630000,27/01/2019
2000,4.789367766,1548630000,27/01/2019
10000,6.167613636,1548630000,27/01/2019
3000,7.892992424,1548630000,27/01/2019
16000,4.600497159,1548630000,27/01/2019
2000,6.321022727,1548630000,27/01/2019
10000,6.167613636,1548630000,27/01/2019
350,7.794314487,1548716400,28/01/2019
18000,5.587121212,1548716400,28/01/2019
2000,4.651988636,1548716400,28/01/2019
15500,5.98148827,1548716400,28/01/2019
10000,4.433238636,1548802800,29/01/2019
24000,6.014441288,1548802800,29/01/2019
10000,6.167613636,1548802800,29/01/2019
10000,6.084423618,1548802800,29/01/2019
8000,5.433238636,1548802800,29/01/2019
6000,4.971590909,1548889200,30/01/2019
8400,10.20344801,1548889200,30/01/2019
1200,12.07329227,1548889200,30/01/2019
17789.2,5.957553664,1548889200,30/01/2019
9000,5.863320707,1548889200,30/01/2019
50,6.159825115,1548889200,30/01/2019
17789.2,5.957553664,1548889200,30/01/2019
20000,4.999376404,1548889200,30/01/2019
17789.2,5.957553664,1548889200,30/01/2019
3000,5.170454545,1548889200,30/01/2019
4000,8.103693182,1548889200,30/01/2019
