2017-01-02,5.109763333333333,884.7122191312009
2017-01-03,5.109763333333333,2294.786272008459
2017-01-04,5.109763333333333,5265.683166091675
2017-01-05,5.109763333333333,8671.38877769148
2017-01-06,5.1097777777777775,6252.390872896999
2017-01-07,5.081195111111111,3244.1100777864735
2017-01-08,5.052612444444444,2042.50075382198
2017-01-09,5.024029777777777,2703.121492819003
2017-01-10,4.99544711111111,5324.739426573178
2017-01-11,4.966864444444443,8345.98893456632
2017-01-12,9.190453703703703,5174.030977712751
2017-01-13,13.414042962962961,2263.204203497183
2017-01-14,17.63763222222222,872.2896251305983
2017-01-15,21.86122148148148,322.20010233777754
2017-01-16,26.08481074074074,114.18113019095507
2017-01-17,30.308399999999995,35.2627476032609
2017-01-18,35.81998064857142,10.80983296817467
2017-01-19,41.331561297142855,3.7561852519064165
2017-01-20,46.84314194571428,1.793711228925936
2017-01-21,52.35472259428571,2.311143193704357
2017-01-22,57.86630324285714,10.431411936662402
2017-01-23,63.37788389142857,74.64613403615485
2017-01-24,68.88946453999999,472.76048500372224
2017-01-25,47.58193524888888,2041.1555711905278
2017-01-26,26.274405957777773,5299.517170702073
2017-01-27,4.966876666666667,9655.511779164628
2017-01-28,4.843391875,9504.77623765013
2017-01-29,4.958925381944445,6637.100124632635
2017-01-30,5.074458888888889,5315.394851095043
2017-01-31,5.0475523749999995,3486.347394710602
2017-02-01,5.020645861111111,3312.0819107215398
2017-02-02,4.993739347222222,5490.867808875566
2017-02-03,4.966832833333333,8358.01450389567
2017-02-04,9.29697083111111,5117.72486467523
2017-02-05,13.62710882888889,2222.579623525304
2017-02-06,17.95724682666667,853.1147244469663
2017-02-07,22.287384824444445,312.4042031489515
2017-02-08,26.617522822222227,105.48202165159216
2017-02-09,30.94766082,26.674901766569043
2017-02-10,27.700061194930555,17.928471103122188
2017-02-11,24.45246156986111,42.69315080083541
2017-02-12,21.204861944791666,116.17212001570228
2017-02-13,17.957262319722222,315.5524311958586
2017-02-14,14.709662694652778,849.6705083118168
2017-02-15,11.462063069583333,2208.941340556159
2017-02-16,8.214463444513889,5082.852598684216
2017-02-17,4.9668638194444465,8254.4638929749
2017-02-18,4.966864167103177,5072.992671880874
2017-02-19,4.966864514761906,2201.155927252237
2017-02-20,4.966864862420636,846.0413812679442
2017-02-21,4.966865210079367,314.75360324770764
2017-02-22,4.966865557738097,117.7905587884268
2017-02-23,4.966865905396826,48.299233170083
2017-02-24,4.9668662530555565,31.244608654702237
2017-02-25,4.966866600714287,48.12319124894933
2017-02-26,4.966866948373016,117.23985872410162
2017-02-27,4.966867296031746,313.1996646754699
2017-02-28,4.966867643690477,841.8638313341188
2017-03-01,4.966867991349207,2192.4575890388155
2017-03-02,4.966868339007936,5074.82388519585
2017-03-03,4.9668686866666665,8382.390643070694
2017-03-04,4.92460653390625,5695.883099288831
2017-03-05,4.882344381145833,4054.2104640891935
2017-03-06,4.840082228385417,5275.998596976644
2017-03-07,4.797820075625,7901.338000461929
2017-03-08,4.854173540787037,6335.122843376234
2017-03-09,4.910527005949074,6637.460221850396
2017-03-10,4.966880471111111,8587.265386504623
2017-03-11,5.233233725925926,5066.880022043474
2017-03-12,5.499586980740741,2201.130919793318
2017-03-13,5.765940235555556,943.5038465786781
2017-03-14,6.03229349037037,643.6611661518388
2017-03-15,6.298646745185185,1153.482022003971
2017-03-16,6.565,3330.898248890299
2017-03-17,4.9683788524616395,7626.0877329612
2017-03-18,4.959661852136085,4849.906279607526
2017-03-19,4.950944851810531,2109.7435079067923
2017-03-20,4.942227851484977,809.6896257035854
2017-03-21,4.933510851159422,300.38885541056123
2017-03-22,4.9247938508338684,110.6558611607502
2017-03-23,4.916076850508314,40.71892809649674
2017-03-24,4.907359850182759,14.99047032464607
2017-03-25,4.898642849857206,5.5433240077590025
2017-03-26,4.889925849531651,2.1170952655299384
2017-03-27,4.8812088492060965,0.9903724013183435
2017-03-28,4.872491848880543,0.9393531565742311
2017-03-29,4.863774848554988,1.908620291188396
2017-03-30,4.855057848229434,4.950938031845959
2017-03-31,4.84634084790388,13.37062018132955
2017-04-01,4.8376238475783255,36.31140838362801
2017-04-02,4.828906847252771,98.67085763155599
2017-04-03,4.820189846927217,267.84917007256945
2017-04-04,4.811472846601663,722.3701020796174
2017-04-05,4.802755846276108,1888.745158175205
2017-04-06,4.7940388459505545,4403.441124608896
2017-04-07,4.785321845625,7290.4462089432445
2017-04-08,4.818134756539352,4495.571243300615
2017-04-09,4.850947667453704,2190.044087955396
2017-04-10,4.883760578368056,1561.1882566377599
2017-04-11,4.916573489282408,2473.6535747836547
2017-04-12,4.949386400196761,5255.33588118485
2017-04-13,4.9821993111111125,8586.382726745722
2017-04-14,4.969074620037039,5159.616510065842
2017-04-15,4.955949928962964,2203.880852802512
2017-04-16,4.94282523788889,841.1977738506905
2017-04-17,4.929700546814816,311.8648051634269
2017-04-18,4.916575855740741,115.41556185514196
2017-04-19,4.903451164666667,43.994490340166436
2017-04-20,4.8903264735925935,20.34314898822773
2017-04-21,4.877201782518519,18.786943868441153
2017-04-22,4.864077091444445,37.6349255383676
2017-04-23,4.850952400370371,97.3418954103823
2017-04-24,4.837827709296296,262.4694152201504
2017-04-25,4.824703018222222,707.6868950820683
2017-04-26,4.8115783271481485,1854.4742362599652
2017-04-27,4.798453636074074,4346.6760604331475
2017-04-28,4.785328945,7241.611579107845
2017-04-29,5.977219868109365,4361.935709302647
2017-04-30,7.1691107912187295,1919.2440807943954
2017-05-01,8.361001714328095,898.2653474758172
2017-05-02,9.55289263743746,767.687829504371
2017-05-03,10.744783560546825,1316.3150710809236
2017-05-04,7.898119084884524,2565.467879451177
2017-05-05,5.051454609222222,4096.80959376748
2017-05-06,5.0408508083928565,2435.9280032018596
2017-05-07,5.030247007563492,1034.668981893324
2017-05-08,5.019643206734127,394.24535915789033
2017-05-09,5.009039405904762,146.6003426815814
2017-05-10,4.998435605075397,55.6784783272676
2017-05-11,4.987831804246032,25.094303868419814
2017-05-12,4.977228003416667,21.760151066887747
2017-05-13,4.966624202587302,42.0591514082255
2017-05-14,4.956020401757938,108.02135818461115
2017-05-15,4.9454166009285725,290.9922310302054
2017-05-16,4.934812800099207,784.8174912001283
2017-05-17,4.924208999269842,2059.8235034264526
2017-05-18,4.913605198440478,4846.668051804059
2017-05-19,4.903001397611113,8116.534263071682
2017-05-20,133.2758240163426,4836.7174340457605
2017-05-21,261.64864663507404,2051.688676072593
2017-05-22,390.02146925380555,779.456530245557
2017-05-23,518.394291872537,285.02978792598293
2017-05-24,646.7671144912684,97.17757922278116
2017-05-25,775.13993711,26.69204056510194
2017-05-26,664.8410698455714,24.422909387894403
2017-05-27,554.5422025811429,60.750073317064896
2017-05-28,444.24333531671425,164.7399215503066
2017-05-29,333.9444680522857,445.6886871827299
2017-05-30,223.64560078785712,1180.3076632088262
2017-05-31,113.3467335234285,2878.52335162829
2017-06-01,3.047866259,5536.8112084121085
2017-06-02,3.9754151197777783,6703.272584182097
2017-06-03,4.9029639805555565,8582.147799113829
2017-06-04,4.83580331712963,4895.452727454831
2017-06-05,4.768642653703704,2054.2376038221987
2017-06-06,4.701481990277778,786.9604685919342
2017-06-07,4.634321326851852,311.8099470267391
2017-06-08,4.567160663425926,163.62718696104494
2017-06-09,4.5,141.85490023270012
2017-06-10,4.557566366666666,105.46141356026523
2017-06-11,4.615132733333334,132.51493872781313
2017-06-12,4.6726991,295.76243855920535
2017-06-13,4.730265466666667,775.1734514376267
2017-06-14,4.787831833333334,2034.3511210057243
2017-06-15,4.845398200000001,4845.949664818197
2017-06-16,4.902964566666667,8431.00894679698
2017-06-17,4.8924399604861115,6270.9084822415
2017-06-18,4.881915354305556,5858.906137599729
2017-06-19,4.871390748125,7112.3059226998475
2017-06-20,5.6862621582352935,2977.951473002862
2017-06-21,5.752622664640523,983.1162856210335
2017-06-22,5.818983171045751,372.6642209223807
2017-06-23,5.88534367745098,242.5647883688032
2017-06-24,5.95170418385621,374.303389314013
2017-06-25,6.018064690261438,804.2548226135774
2017-06-26,6.084425196666667,1346.5880643697608
2017-06-27,5.983340091006945,790.5868277789257
2017-06-28,5.882254985347223,332.7231015076782
2017-06-29,5.781169879687501,127.58088811878467
2017-06-30,5.680084774027779,51.11011214747839
2017-07-01,5.5789996683680565,29.50130497801713
2017-07-02,5.477914562708333,39.90121867647152
2017-07-03,5.376829457048611,93.62605038589344
2017-07-04,5.275744351388889,248.83303258992487
2017-07-05,5.174659245729167,670.6740744235653
2017-07-06,5.073574140069445,1767.7455564045974
2017-07-07,4.972489034409723,4206.043720765338
2017-07-08,4.87140392875,7160.170781921071
2017-07-09,22.6619307065625,4205.613426750846
2017-07-10,40.452457484374996,1791.5673445801647
2017-07-11,58.24298426218749,829.1308497971959
2017-07-12,76.03351104,1229.8564986176498
2017-07-13,40.46816428111111,4271.148963176711
2017-07-14,4.902817522222223,7973.310163768271
2017-07-15,4.896499033402779,4900.633519269735
2017-07-16,4.890180544583334,2624.794285317356
2017-07-17,4.88386205576389,2521.6728402042513
2017-07-18,4.877543566944445,4608.97032169405
2017-07-19,4.8712250781250015,8136.51815580202
2017-07-20,4.887008208229167,7784.534977936939
2017-07-21,4.9027913383333335,8133.11133357662
2017-07-22,9.173228348,2792.9604009552313
2017-07-23,8.312818702025,944.2063729552328
2017-07-24,7.4524090560500005,920.392005998005
2017-07-25,6.591999410075,2005.7034301609417
2017-07-26,5.731589764100001,4919.165059140456
2017-07-27,4.871180118125,10215.307466040818
2017-07-28,4.963454651481481,13113.216381827122
2017-07-29,4.954782138571428,7255.3187450796995
2017-07-30,4.946109625661376,3067.5736785885847
2017-07-31,4.937437112751323,1386.021503561079
2017-08-01,4.92876459984127,1136.257817821504
2017-08-02,4.920092086931217,2066.539923713218
2017-08-03,4.911419574021165,4663.519357415912
2017-08-04,4.902747061111112,8002.7656184239995
2017-08-05,4.90397941388889,4605.431174740751
2017-08-06,4.9052117666666675,1909.9623187739428
2017-08-07,4.906444119444445,720.6301937503194
2017-08-08,4.9076764722222235,266.4857776024932
2017-08-09,4.908908825000001,98.93246224966221
2017-08-10,4.910141177777779,38.70326306812488
2017-08-11,4.911373530555556,20.506944476964627
2017-08-12,4.912605883333334,24.583882142181093
2017-08-13,4.913838236111111,55.358412538496246
2017-08-14,4.915070588888889,146.17977981504274
2017-08-15,4.916302941666667,394.19661040290015
2017-08-16,4.917535294444445,1044.6573740491135
2017-08-17,4.918767647222222,2521.7501474128367
2017-08-18,4.92,4388.159672686698
2017-08-19,4.936484046888889,2519.6045541880003
2017-08-20,4.952968093777778,1044.803761805324
2017-08-21,4.969452140666666,399.48095150031736
2017-08-22,4.985936187555556,162.91642238376625
2017-08-23,5.002420234444445,101.81368450193202
2017-08-24,5.0189042813333336,151.15699654187029
2017-08-25,5.035388328222222,363.30091102349246
2017-08-26,5.051872375111111,947.3433395295267
2017-08-27,5.068356422000001,2285.219395013512
2017-08-28,5.084840468888889,3985.120728151461
2017-08-29,163.69149169511115,2281.4654496624175
2017-08-30,322.2981429213334,941.3589990199227
2017-08-31,480.90479414755566,350.90200985167576
2017-09-01,639.5114453737779,120.61474596783593
2017-09-02,798.1180966000002,29.855880222273036
2017-09-03,710.5764723400856,7.4957680218379625
2017-09-04,623.0348480801711,3.0932706707044577
2017-09-05,535.4932238202566,3.312037145818615
2017-09-06,447.951599560342,7.2301179744798105
2017-09-07,360.40997530042745,18.99877006904333
2017-09-08,272.86835104051295,51.21819070673052
2017-09-09,185.3267267805984,135.8950761727406
2017-09-10,97.78510252068384,329.05923944357755
2017-09-11,10.243478260769232,575.2385310288889
2017-09-12,10.000721823789823,329.0053515452173
2017-09-13,9.757965386810412,135.84517829486802
2017-09-14,9.515208949831003,51.163950922394996
2017-09-15,9.272452512851594,18.89103870830332
2017-09-16,9.029696075872184,6.953198079417335
2017-09-17,8.786939638892774,2.559438936616225
2017-09-18,8.544183201913365,0.9453467378530378
2017-09-19,8.301426764933955,0.35804462257858183
2017-09-20,8.058670327954545,0.1596364744252352
2017-09-21,7.815913890975136,0.13461926726228718
2017-09-22,7.5731574539957265,0.2558202529204632
2017-09-23,7.330401017016317,0.6548830137127001
2017-09-24,7.0876445800369074,1.7652523327183116
2017-09-25,6.8448881430574975,4.792955510713976
2017-09-26,6.602131706078088,13.026469203348684
2017-09-27,6.359375269098679,35.40790886061267
2017-09-28,6.116618832119269,96.2382744774658
2017-09-29,5.873862395139859,261.44807399079895
2017-09-30,5.63110595816045,707.8934627004498
2017-10-01,5.38834952118104,1878.8441461562193
2017-10-02,5.145593084201631,4550.768570956624
2017-10-03,4.902836647222221,7965.9053579682095
2017-10-04,4.271854541435184,4568.82454228994
2017-10-05,3.6408724356481477,1956.7722653058322
2017-10-06,3.009890329861111,938.1358813305602
2017-10-07,2.378908224074074,882.26543784
2017-10-08,1.7479261182870371,1612.7542029862534
2017-10-09,1.1169440125,2751.0880343109557
2017-10-10,1.610208009375,1861.8575698869868
2017-10-11,2.10347200625,1630.5405788726284
2017-10-12,2.5967360031249997,2716.222981588263
2017-10-13,3.09,4464.542094350925
2017-10-14,3.380000065,2531.126068600006
2017-10-15,3.67000013,1078.9503549881338
2017-10-16,3.960000195,503.2751159821048
2017-10-17,4.25000026,346.78089135812263
2017-10-18,22.805571569999998,167.85212395640866
2017-10-19,41.361142879999996,65.91152928718785
2017-10-20,59.91671418999999,22.772936591967223
2017-10-21,78.4722855,5.425845184568398
2017-10-22,70.90869822222223,1.7439678041719342
2017-10-23,63.34511094444444,2.0251728994666682
2017-10-24,55.78152366666667,4.7624452348455035
2017-10-25,48.21793638888889,12.692202785461525
2017-10-26,40.65434911111112,34.402701748527384
2017-10-27,33.09076183333334,93.34126501386547
2017-10-28,25.52717455555556,251.17621922457258
2017-10-29,17.963587277777783,649.5541793174169
2017-10-30,10.4,1484.6969483155228
2017-10-31,7.746865896111112,2780.5375168581268
2017-11-01,5.093731792222223,5266.533600525927
2017-11-02,5.011313655656567,7061.400629169636
2017-11-03,4.92889551909091,10209.665166608542
2017-11-04,4.914469176661932,6094.273605759345
2017-11-05,4.900042834232955,3798.2300047460726
2017-11-06,4.885616491803978,4608.705047524676
2017-11-07,4.871190149375,6816.661971574398
2017-11-08,10.471559631333331,3032.9663935184935
2017-11-09,5.04709576,1510.891602363402
2017-11-10,5.0031061115625,1135.28082615855
2017-11-11,4.9591164631249995,1813.4107404143629
2017-11-12,4.9151268146875,4017.7521406675933
2017-11-13,4.87113716625,7046.920689050944
2017-11-14,4.928846828187499,3954.611062570391
2017-11-15,4.9865564901249995,1637.3953072195864
2017-11-16,5.0442661520625,674.0214251825047
2017-11-17,5.101975813999999,348.7899093225299
2017-11-18,5.088406044279411,152.54258538717562
2017-11-19,5.074836274558823,58.919208138952236
2017-11-20,5.061266504838235,21.887550129094173
2017-11-21,5.047696735117647,8.086334711610139
2017-11-22,5.034126965397058,3.0398377115430155
2017-11-23,5.02055719567647,1.293960086751582
2017-11-24,5.006987425955882,0.953494854479775
2017-11-25,4.993417656235294,1.6486762196634195
2017-11-26,4.979847886514706,4.134575583879332
2017-11-27,4.9662781167941175,11.111215919220143
2017-11-28,4.952708347073529,30.15583589454606
2017-11-29,4.939138577352941,81.94867649655207
2017-11-30,4.925568807632352,222.66264431177095
2017-12-01,4.911999037911764,603.5228330233754
2017-12-02,4.898429268191176,1609.6306631967095
2017-12-03,4.884859498470588,3958.519475576127
2017-12-04,4.87128972875,7160.6797369241185
2017-12-05,4.816754079201388,4524.1749447497705
2017-12-06,4.762218429652777,3337.3998283085716
2017-12-07,4.707682780104166,4928.687052077208
2017-12-08,4.6531471305555545,8000.396702886286
2017-12-09,29.6056658737037,4376.342169767881
2017-12-10,54.55818461685185,1715.8900234167027
2017-12-11,79.51070336,736.6815703619177
2017-12-12,54.63086954770833,1531.9792883753591
2017-12-13,29.751035735416664,3857.316348712547
2017-12-14,4.871201923125,6993.435090955812
2017-12-15,6.093472962742424,3886.9677154188334
2017-12-16,7.315744002359848,1612.261736807943
2017-12-17,8.538015041977271,708.1815390243423
2017-12-18,9.760286081594696,550.4403441820621
2017-12-19,10.98255712121212,1032.8660776088157
2017-12-20,10.284604282323233,2929.0232297321654
2017-12-21,7.468864201717173,8381.71990039536
2017-12-22,4.653124121111111,15634.766521396616
2017-12-23,4.684276343184524,8653.67681034917
2017-12-24,4.715428565257937,3559.2840257050498
2017-12-25,4.746580787331349,1506.1390082189318
2017-12-26,4.777733009404762,1031.2824541876587
2017-12-27,4.8088852314781745,1648.7583793976387
2017-12-28,4.840037453551587,3692.822462198092
2017-12-29,4.871189675625,6399.091156242394
2017-12-30,37.12,2306.5875343962994
2017-12-31,23.836117103583334,749.445682658525
2018-01-01,10.552234207166666,386.5215339984389
2018-01-02,7.9284377785833335,214.69512109977555
2018-01-03,5.30464135,164.05544912853293
2018-01-04,42.96239819499999,74.19122074978738
2018-01-05,80.62015503999999,22.28864120055935
2018-01-06,69.80584717714285,20.797006937087616
2018-01-07,58.9915393142857,48.92887403367837
2018-01-08,48.17723145142857,130.94124888051815
2018-01-09,37.36292358857143,354.5321776281253
2018-01-10,26.548615725714285,949.0815368513073
2018-01-11,15.73430786285715,2361.658246747103
2018-01-12,4.92,4336.870332191792
2018-01-13,4.958019336360507,2468.2651783603615
2018-01-14,4.9960386727210135,1283.9859471343143
2018-01-15,5.034058009081521,1273.0331512889572
2018-01-16,5.072077345442028,2470.0060512383275
2018-01-17,5.110096681802535,4805.6774623474585
2018-01-18,4.990642635588768,5479.2587784632005
2018-01-19,4.871188589375,7574.052396826543
2018-01-20,4.887459059583334,4700.33680007627
2018-01-21,4.903729529791667,3741.0722892957947
2018-01-22,4.92,4695.083240829284
2018-01-23,4.729494156041667,2658.715688449662
2018-01-24,4.538988312083333,1620.6395034019854
2018-01-25,4.348482468125,1592.740069155718
2018-01-26,9.8992808540625,800.3448573932588
2018-01-27,15.45007924,438.2676142459277
2018-01-28,12.80536945375,1046.373734629191
2018-01-29,10.160659667500001,2870.076041174685
2018-01-30,7.515949881250001,7175.97773837078
2018-01-31,4.871240095,12938.746928978306
2018-02-01,11.786339031491384,5160.416364935707
2018-02-02,10.921938048258086,1711.6543817902034
2018-02-03,10.057537065024787,625.5887722944843
2018-02-04,9.19313608179149,293.0701555938852
2018-02-05,8.328735098558191,283.95842350717305
2018-02-06,7.464334115324894,582.5865724538376
2018-02-07,6.599933132091596,1495.2208160734235
2018-02-08,5.735532148858298,3727.946776421866
2018-02-09,4.871131165625,6930.381562101277
2018-02-10,5.904094906274802,3717.1281981086304
2018-02-11,6.937058646924603,1479.2703561056132
2018-02-12,7.970022387574406,550.1101556423828
2018-02-13,9.002986128224208,200.82889297669792
2018-02-14,10.03594986887401,69.38495172977386
2018-02-15,11.068913609523811,17.83426938990335
2018-02-16,47.15743290476191,7.054680221554823
2018-02-17,83.2459522,15.807583969991747
2018-02-18,116.52281775,81.1822219700183
2018-02-19,149.7996833,304.78083591258803
2018-02-20,6.13642122,942.8864705758797
2018-02-21,5.281994952500002,901.4556844118781
2018-02-22,6.2034821439899,435.56321774439476
2018-02-23,7.124969335479799,177.05823058703945
2018-02-24,8.046456526969699,86.50590269963888
2018-02-25,8.967943718459598,88.54678649613112
2018-02-26,9.889430909949496,187.2928279791522
2018-02-27,10.810918101439395,499.0831330525045
2018-02-28,11.732405292929293,1442.235132112299
2018-03-01,8.567267173686869,4128.867836976569
2018-03-02,5.402129054444443,8085.839771044363
2018-03-03,5.334996970375165,5542.363144428403
2018-03-04,5.267864886305888,5423.596969491108
2018-03-05,5.20073280223661,7836.519636878896
2018-03-06,5.251085100288568,4552.726291025343
2018-03-07,5.301437398340527,3174.4435426199157
2018-03-08,5.351789696392484,4656.210933650945
2018-03-09,5.402141994444443,7902.523544225839
2018-03-10,5.326291721220237,4167.523346546051
2018-03-11,5.250441447996031,1706.7971256995231
2018-03-12,5.174591174771825,803.8599850614348
2018-03-13,5.098740901547618,757.0224042326546
2018-03-14,5.022890628323412,1517.1059510837008
2018-03-15,4.947040355099206,3664.6793011033183
2018-03-16,4.8711900818750005,6904.225856430396
2018-03-17,5.8859243948284945,3644.9265905417938
2018-03-18,6.900658707781988,1473.656814910162
2018-03-19,7.915393020735482,648.6050925611634
2018-03-20,8.930127333688976,516.1050188260893
2018-03-21,9.944861646642469,968.5354398437235
2018-03-22,10.959595959595964,2653.615684849411
2018-03-23,5.670100838125,6457.962547089453
2018-03-24,52.453268847638896,3434.148300520372
2018-03-25,99.23643685715278,1288.7389448471765
2018-03-26,146.01960486666667,377.3780453415828
2018-03-27,78.48735574421998,275.7434554347025
2018-03-28,10.955106621773288,411.5303571017977
2018-03-29,10.07427228897774,270.21946443947957
2018-03-30,9.193437956182192,275.4458458773292
2018-03-31,8.312603623386643,566.5678741654028
2018-04-01,7.431769290591095,1459.7105605222298
2018-04-02,6.550934957795548,3701.8843629528847
2018-04-03,5.670100625,7237.197159509799
2018-04-04,5.580771342592593,5028.491991444481
2018-04-05,5.491442060185185,5306.595806281192
2018-04-06,5.402112777777778,8071.203554348091
2018-04-07,5.082527710234853,4205.33183043441
2018-04-08,4.762942642691928,1888.3039482859274
2018-04-09,4.443357575149003,1369.5717407090788
2018-04-10,4.123772507606077,2307.9128941387917
2018-04-11,3.804187440063152,5415.772055311269
2018-04-12,3.484602372520227,10333.28081695166
2018-04-13,3.8041791067298187,5400.425756764473
2018-04-14,4.123755840939411,2299.419784845656
2018-04-15,4.443332575149002,1370.7745843865086
2018-04-16,4.762909309358594,1904.2318859915374
2018-04-17,5.082486043568187,4283.555359628386
2018-04-18,5.402062777777778,8513.837104896953
2018-04-19,5.536109201388889,6951.338088001849
2018-04-20,5.6701556250000005,7744.996145669473
2018-04-21,21.792830132770437,3757.1225872702958
2018-04-22,37.915504640540874,1461.878542213454
2018-04-23,54.03817914831131,749.0905584643016
2018-04-24,37.82614239517051,1800.3962878908487
2018-04-25,21.6141056420297,4806.815324612384
2018-04-26,5.4020688888888895,10599.817622732424
2018-04-27,5.731576400000001,12378.31217437407
2018-04-28,5.6884818500000005,5952.476449549979
2018-04-29,5.645387299999999,2313.847885705526
2018-04-30,5.602292749999999,922.1361327522492
2018-05-01,5.559198199999999,520.6366598442783
2018-05-02,5.516103649999999,683.8549593977099
2018-05-03,5.473009099999999,1580.9067275041807
2018-05-04,5.429914549999998,3996.01770456516
2018-05-05,5.3868199999999975,7999.330362029641
2018-05-06,5.481244166666665,5123.007216033063
2018-05-07,5.575668333333333,4911.676009539301
2018-05-08,5.6700925,7515.8191855775585
2018-05-09,5.575656851851853,4891.656131717533
2018-05-10,5.481221203703704,5089.272032701633
2018-05-11,5.386785555555557,7994.371732532291
2018-05-12,7.871095416666668,3982.133485302052
2018-05-13,10.355405277777779,1659.961565461201
2018-05-14,12.83971513888889,947.6901439114695
2018-05-15,15.324025,987.2336258019883
2018-05-16,13.936778571428572,477.628779814631
2018-05-17,12.549532142857144,216.3936922746509
2018-05-18,11.162285714285716,172.57590968364408
2018-05-19,9.775039285714286,315.42840086371723
2018-05-20,8.387792857142859,797.2037488495317
2018-05-21,7.000546428571429,2049.5434444194616
2018-05-22,5.6133,4069.5323892726674
2018-05-23,10.08981818181818,1797.9982698634617
2018-05-24,9.592656760567197,660.0407614319159
2018-05-25,9.095495339316214,251.06748812093338
2018-05-26,8.598333918065233,118.22199072280034
2018-05-27,8.10117249681425,113.9417914352787
2018-05-28,7.6040110755632675,233.39582617805462
2018-05-29,7.106849654312285,606.0385994590704
2018-05-30,6.609688233061302,1629.4095273064836
2018-05-31,6.112526811810319,4233.470009714685
2018-06-01,5.6153653905593375,8509.145492570815
2018-06-02,6.9395989061937176,4222.312971083494
2018-06-03,8.263832421828099,1621.6038529497962
2018-06-04,9.588065937462478,600.6012533375196
2018-06-05,10.912299453096859,225.63283823433062
2018-06-06,12.23653296873124,95.53501125616813
2018-06-07,13.560766484365619,67.5199446734465
2018-06-08,14.885,85.54148670390555
2018-06-09,16.85167521611452,29.663483905054544
2018-06-10,16.06094551510736,9.653672284225499
2018-06-11,15.270215814100204,3.4609262516509163
2018-06-12,14.479486113093046,1.2775390738569876
2018-06-13,13.688756412085889,0.4908676724541867
2018-06-14,12.898026711078732,0.23756626886568644
2018-06-15,12.107297010071573,0.2423035037789519
2018-06-16,11.316567309064416,0.510221335053888
2018-06-17,10.525837608057259,1.3323209960321938
2018-06-18,9.735107907050102,3.601530147733507
2018-06-19,8.944378206042945,9.782537760434685
2018-06-20,8.153648505035786,26.588625992889995
2018-06-21,7.362918804028629,72.27119399137865
2018-06-22,6.572189103021472,196.39262565919307
2018-06-23,5.781459402014313,531.7942098080202
2018-06-24,4.990729701007156,1386.9187660604694
2018-06-25,4.2,2805.208881477289
2018-06-26,7.255283333333333,1389.276149236758
2018-06-27,10.310566666666666,541.6674627793388
2018-06-28,13.36585,220.6561692419559
2018-06-29,12.756710732323231,108.22394440010383
2018-06-30,12.147571464646465,108.36801716018603
2018-07-01,11.538432196969696,217.49101901420144
2018-07-02,10.929292929292927,422.84430470999604
2018-07-03,178.05196969696962,208.11270897634702
2018-07-04,345.17464646464634,79.50941425572975
2018-07-05,512.297323232323,29.055548497884843
2018-07-06,679.4199999999997,13.423761164064807
2018-07-07,697.1307999999997,34.63440040602358
2018-07-08,714.8415999999997,97.02184736699095
2018-07-09,732.5523999999997,265.6616902450353
2018-07-10,750.2631999999998,740.7601551659001
2018-07-11,767.9739999999997,2255.5248413857344
2018-07-12,5.6640081250000005,6282.611896845335
2018-07-13,8.16083612962963,3168.52861995351
2018-07-14,10.65766413425926,1243.7784778767154
2018-07-15,13.154492138888891,534.799145840418
2018-07-16,15.65132014351852,411.11817402124154
2018-07-17,18.14814814814815,881.1555769028279
2018-07-18,11.910248761574074,3152.7397827038685
2018-07-19,5.672349375,7014.8656731130795
2018-07-20,14.407,6116.255407961875
2018-07-21,3.473520704334366,10915.643684675555
2018-07-22,4.543410352167183,8469.655786619449
2018-07-23,5.6133,9635.858916893161
2018-07-24,8.378600427350428,4499.7147962901945
2018-07-25,11.143900854700856,1708.4423466925757
2018-07-26,13.909201282051281,630.0942107027606
2018-07-27,16.67450170940171,231.82948866890203
2018-07-28,19.43980213675214,85.28572622969203
2018-07-29,22.205102564102564,31.37486998858204
2018-07-30,24.970402991452993,11.542170392738246
2018-07-31,27.73570341880342,4.246129145870655
2018-08-01,30.50100384615385,1.5620689224512647
2018-08-02,33.26630427350428,0.5746674631129622
2018-08-03,36.03160470085471,0.21144754514962827
2018-08-04,38.79690512820513,0.07789376131115498
2018-08-05,41.562205555555565,0.028945164179660213
2018-08-06,44.32750598290599,0.01143568334868272
2018-08-07,47.09280641025642,0.0063471988920796585
2018-08-08,49.85810683760685,0.008152796100067503
2018-08-09,52.62340726495727,0.01881364493611469
2018-08-10,55.388707692307705,0.04990914804133605
2018-08-11,58.15400811965813,0.13521404789315036
2018-08-12,60.91930854700856,0.3673833081897073
2018-08-13,63.68460897435899,0.9985910131510773
2018-08-14,66.4499094017094,2.7144559816537575
2018-08-15,69.21520982905984,7.380309503368636
2018-08-16,71.98051025641026,20.149892801405016
2018-08-17,74.7458106837607,57.8168810533591
2018-08-18,77.51111111111112,213.3776456512172
2018-08-19,44.23122222222223,965.5120267776581
2018-08-20,10.951333333333332,2751.7618254626454
2018-08-21,4.9666428571428565,5908.278865528466
2018-08-22,5.619973928571429,3411.2233823068805
2018-08-23,6.2733050000000015,2378.4875958626635
2018-08-24,6.649252500000001,978.8312656916303
2018-08-25,7.0252,258.9114226512249
2018-08-26,8.719125,97.24358233704497
2018-08-27,10.41305,85.13417952730012
2018-08-28,12.106975,167.45962453086617
2018-08-29,13.8009,417.6506148985842
2018-08-30,15.494825,858.0113700347797
2018-08-31,15.474183928571428,455.8810772184172
2018-09-01,15.453542857142857,256.13850158083306
2018-09-02,13.54845238095238,121.09208562394875
2018-09-03,11.643361904761905,87.59419865380404
2018-09-04,9.738271428571428,147.6381176294482
2018-09-05,7.833180952380952,367.27274597924963
2018-09-06,5.9280904761904765,961.0109940460123
2018-09-07,4.023,2132.759824034355
2018-09-08,4.469675070028011,2470.4720202216577
2018-09-09,4.916350140056022,4859.012875341748
2018-09-10,5.363025210084033,9409.693761710798
2018-09-11,5.5996000000000015,3437.5494072949787
2018-09-12,6.636367987934822,1180.0499960866205
2018-09-13,6.383382113936644,431.21958942703134
2018-09-14,6.130396239938466,160.50710670323497
2018-09-15,5.877410365940288,64.21019638327378
2018-09-16,5.62442449194211,37.652469698985605
2018-09-17,5.371438617943932,51.98990935228593
2018-09-18,5.118452743945754,122.78008177643389
2018-09-19,4.865466869947576,326.2420109752669
2018-09-20,4.612480995949397,859.0567191627052
2018-09-21,4.35949512195122,1835.9801016049478
2018-09-22,4.243765091463414,1431.7932589604638
2018-09-23,4.12803506097561,2108.4586197284566
2018-09-24,4.012305030487805,5428.148700896717
2018-09-25,3.896575,22254.138466327637
2018-09-26,56.354909090909096,121627.43272991414
2018-09-27,2.2567569666666665,351769.11669080175
2018-09-28,2.3335704531550165,171980.0970592791
2018-09-29,2.4103839396433666,65332.36381135025
2018-09-30,2.487197426131717,24085.893539961133
2018-10-01,2.564010912620067,8863.208884598758
2018-10-02,2.6408243991084173,3265.2731582058327
2018-10-03,2.7176378855967673,1213.8921997748864
2018-10-04,2.794451372085118,480.95680330813747
2018-10-05,2.871264858573468,270.37783221820746
2018-10-06,2.948078345061818,353.40832882052075
2018-10-07,3.024891831550168,820.0537579251671
2018-10-08,3.101705318038518,2175.785859261161
2018-10-09,3.1785188045268686,5874.529515161141
2018-10-10,3.2553322910152187,15071.063585209049
2018-10-11,6.8710658328121745,5845.521457065411
2018-10-12,10.48679937460913,2166.3394871182586
2018-10-13,14.102532916406087,831.308300435929
2018-10-14,17.718266458203043,399.187734245479
2018-10-15,21.334,403.204870066679
2018-10-16,13.917,974.7049565243941
2018-10-17,6.5,2495.2547087155626
2018-10-18,6.250001212121212,961.9719999085102
2018-10-19,6.000002424242425,363.55589190016406
2018-10-20,5.750003636363637,159.01154619027082
2018-10-21,5.500004848484849,127.08596999547889
2018-10-22,5.2500060606060615,224.3401340941606
2018-10-23,19.904177123047432,86.58011323737556
2018-10-24,34.55834818548881,34.02794485681843
2018-10-25,49.21251924793018,18.358247167134586
2018-10-26,63.86669031037155,22.63132649240278
2018-10-27,78.52086137281292,51.84506616838912
2018-10-28,42.2204310996296,156.79839090079975
2018-10-29,5.920000826446282,414.6967880541508
2018-10-30,5.9771305965459645,159.16146669770916
2018-10-31,6.034260366645647,58.836899889524126
2018-11-01,6.091390136745329,22.264985609199986
2018-11-02,6.148519906845012,9.875555719225792
2018-11-03,6.205649676944694,8.21252707971886
2018-11-04,6.262779447044377,15.469528955190256
2018-11-05,6.319909217144059,39.52841063743191
2018-11-06,6.377038987243742,106.51642982269883
2018-11-07,6.434168757343424,288.90149626974545
2018-11-08,6.4912985274431065,753.345328083159
2018-11-09,6.498062546042157,288.7937264100544
2018-11-10,6.504826564641209,106.38168625755648
2018-11-11,6.51159058324026,39.247512448895414
2018-11-12,6.51835460183931,14.74099657176398
2018-11-13,6.525118620438362,6.245563676122967
2018-11-14,6.531882639037413,4.533807355100206
2018-11-15,6.5386466576364635,7.746470695098272
2018-11-16,6.545410676235514,19.37292435996618
2018-11-17,6.552174694834566,52.040634405946385
2018-11-18,6.558938713433617,141.22653474765957
2018-11-19,6.565702732032667,383.7559690342778
2018-11-20,6.572466750631719,1041.8706899099063
2018-11-21,6.57923076923077,2720.3073805964254
2018-11-22,6.653760683760684,1040.942663086868
2018-11-23,6.728290598290599,383.4729879014239
2018-11-24,6.802820512820513,141.63302006877083
2018-11-25,6.877350427350428,53.62464032569967
2018-11-26,6.951880341880342,23.861050770935318
2018-11-27,7.026410256410257,20.0141622108944
2018-11-28,7.100940170940171,37.90492955528644
2018-11-29,7.175470085470085,96.88866226308934
2018-11-30,7.25,251.45631675485427
2018-12-01,6.999967625899281,96.2301052220751
2018-12-02,6.749935251798561,35.89464495856147
2018-12-03,6.499902877697842,14.471792320030483
2018-12-04,6.249870503597123,8.76723140048524
2018-12-05,5.999838129496403,12.585218026702105
2018-12-06,5.749805755395683,30.072170685382858
2018-12-07,5.499773381294964,80.15882601522046
2018-12-08,5.2497410071942445,209.3208733781091
2018-12-09,5.287296763674302,79.94691242295163
2018-12-10,5.3248525201543595,29.433459241738415
2018-12-11,5.362408276634417,10.828073551979655
2018-12-12,5.3999640331144745,3.983426018966305
2018-12-13,5.437519789594532,1.4654205440597017
2018-12-14,5.4750755460745895,0.5390981052727591
2018-12-15,5.512631302554647,0.19832314895914505
2018-12-16,5.550187059034704,0.07295911591608546
2018-12-17,5.587742815514762,0.02684044884754009
2018-12-18,5.625298571994819,0.009874837776672004
2018-12-19,5.662854328474877,0.003634893042690076
2018-12-20,5.7004100849549335,0.0013430283509083616
2018-12-21,5.737965841434992,0.0005099090378798507
2018-12-22,5.7755215979150485,0.00023063317281114888
2018-12-23,5.813077354395106,0.00020186212751711717
2018-12-24,5.8506331108751635,0.00039234590687592125
2018-12-25,5.888188867355221,0.0010089806142489608
2018-12-26,5.9257446238352784,0.0027215309842925427
2018-12-27,5.963300380315336,0.007390102886444829
2018-12-28,6.000856136795393,0.020085518195991123
2018-12-29,6.038411893275451,0.054597044516278295
2018-12-30,6.075967649755508,0.14840975912311188
2018-12-31,6.113523406235566,0.4034193548624382
2019-01-01,6.151079162715623,1.0966069523946873
2019-01-02,6.188634919195681,2.9808542138734295
2019-01-03,6.226190675675738,8.096613292267909
2019-01-04,6.263746432155796,21.20415818293921
2019-01-05,10.976402148790415,8.297376708807791
2019-01-06,15.689057865425035,3.6005946585980224
2019-01-07,20.401713582059653,2.808479131643193
2019-01-08,25.11436929869427,5.06678502609144
2019-01-09,29.82702501532889,12.828271527901082
2019-01-10,34.539680731963514,34.49900493042583
2019-01-11,39.25233644859813,90.50875949210052
2019-01-12,30.91079503223442,53.182363583134624
2019-01-13,22.569253615870714,70.48763470764804
2019-01-14,14.227712199507007,164.20046468688898
2019-01-15,5.886170783143298,420.44938479841346
2019-01-16,6.616398058121252,162.3298934649369
2019-01-17,7.346625333099206,64.77675668675246
2019-01-18,8.07685260807716,37.461145066050044
2019-01-19,8.807079883055117,50.83250282752337
2019-01-20,9.53730715803307,119.4100878022977
2019-01-21,10.267534433011026,317.4251857472162
2019-01-22,10.99776170798898,829.3332081928153
2019-01-23,10.91669536271809,317.79720411470794
2019-01-24,10.835629017447198,120.79760035590841
2019-01-25,10.75456267217631,54.77509319635373
2019-01-26,10.673496326905418,48.24532857571359
2019-01-27,10.592429981634528,94.08773274519406
2019-01-28,10.511363636363637,238.23512521327447
2019-01-29,11.40625,393.5956446033664
2019-01-30,12.301136363636362,971.6393961191606
2019-01-31,13.196022727272725,2514.583697203059
2019-02-01,12.275338518071074,962.8881113671916
2019-02-02,11.354654308869423,368.83936431519976
2019-02-03,10.433970099667771,174.78645608275428
2019-02-04,9.513285890466122,170.57294957373733
2019-02-05,8.592601681264469,351.6171485759444
2019-02-06,7.67191747206282,914.3856073105505
2019-02-07,6.751233262861168,2450.907176213235
2019-02-08,6.258148343904157,5293.751504533414
2019-02-09,5.765063424947145,13435.55691204763
2019-02-10,5.948384222366779,5276.822788765048
2019-02-11,6.131705019786414,2479.694372046691
2019-02-12,6.315025817206048,2370.3502907075085
2019-02-13,6.4983466146256825,4747.243946730074
2019-02-14,6.255651325418766,2269.6681990395064
2019-02-15,6.012956036211849,2175.361897535378
2019-02-16,5.770260747004932,4375.823817644571
2019-02-17,5.553982048372118,1631.9898279726328
2019-02-18,5.337703349739304,601.4020706251669
2019-02-19,5.12142465110649,223.87090453602312
2019-02-20,4.905145952473676,89.4989967765097
2019-02-21,4.688867253840861,52.337016351834016
2019-02-22,4.4725885552080475,72.02080761907779
2019-02-23,4.256309856575234,169.92826670104128
2019-02-24,4.040031157942419,452.38134696414863
2019-02-25,3.823752459309605,1222.5310422961568
2019-02-26,4.79772260234328,2587.0793654600516
2019-02-27,5.771692745376956,6683.19040278853
2019-02-28,5.850521574205785,2482.8179238565617
2019-03-01,5.929350403034614,920.2813797650584
2019-03-02,6.008179231863442,357.2101345406681
2019-03-03,6.087008060692271,182.1103354104863
2019-03-04,6.1658368895211,204.78707973496435
2019-03-05,6.244665718349928,447.74108593137373
2019-03-06,6.16573874797559,205.02378227875883
2019-03-07,6.086811777601251,182.90093676518657
2019-03-08,6.007884807226913,359.3897166592052
2019-03-09,5.928957836852574,925.9838491387562
2019-03-10,5.850030866478235,2496.576354719097
2019-03-11,5.771103896103897,6757.1997974437745
2019-03-12,32.182539682539684,3615.1834587868216
2019-03-13,1382.9374235465607,939.3021543853891
2019-03-14,1231.4999320413872,345.4080115908812
2019-03-15,1080.062440536214,127.18468501614865
2019-03-16,928.6249490310405,47.10450176481974
2019-03-17,777.1874575258671,18.18736636168246
2019-03-18,625.7499660206937,9.024604424874962
2019-03-19,474.3124745155203,9.66396501426286
2019-03-20,322.874983010347,20.799794611639747
2019-03-21,171.4374915051735,54.52662402678567
2019-03-22,20.0,147.3948737275452
2019-03-23,18.499183495525852,56.66569733997554
2019-03-24,16.998366991051704,27.40844012683435
2019-03-25,15.497550486577554,27.920704148781926
2019-03-26,13.996733982103404,58.75808388888774
2019-03-27,12.495917477629256,153.40882515959973
2019-03-28,10.995100973155107,414.53780132643186
2019-03-29,10.995100973155107,152.53266429612503
2019-03-30,10.995100973155107,56.113632033726695
2019-03-31,10.995100973155107,20.643051594671324
