2017-01-02,30.530565000000006,5.578936185737871e-07
2017-01-03,30.530565000000006,1.5165120855823865e-06
2017-01-04,30.530565000000006,4.1223072448771305e-06
2017-01-05,30.530565000000006,1.120559287507458e-05
2017-01-06,30.530565000000006,3.045995948942537e-05
2017-01-07,30.530565000000006,8.279875437570364e-05
2017-01-08,30.530565000000006,0.00022507034943851893
2017-01-09,30.530565000000006,0.0006118046410036477
2017-01-10,30.530565000000006,0.0016630574382068587
2017-01-11,30.530565000000006,0.004520658813949937
2017-01-12,30.530565000000006,0.012288424706168487
2017-01-13,30.530565000000006,0.033403401562407446
2017-01-14,30.530565000000006,0.09079985890852509
2017-01-15,30.530565000000006,0.24681958897334622
2017-01-16,30.530565000000006,0.6709247136436387
2017-01-17,30.530565000000006,1.823750180366364
2017-01-18,30.530565000000006,4.957194629733306
2017-01-19,30.530565000000006,13.469784851992594
2017-01-20,30.530565000000006,36.527613397162916
2017-01-21,30.530565000000006,98.09539738997921
2017-01-22,30.530565000000006,253.47825023854116
2017-01-23,30.530565000000006,579.6507706664079
2017-01-24,30.530565000000006,957.0174494143905
2017-01-25,44.97481,682.4905585009384
2017-01-26,45.08541111111111,329.4497718055864
2017-01-27,45.196012222222215,141.64952195153847
2017-01-28,45.30661333333333,78.50997909961855
2017-01-29,45.41721444444444,94.19029142624868
2017-01-30,45.52781555555555,184.17813396363934
2017-01-31,45.63841666666666,315.3069719294353
2017-02-01,37.35314539200001,286.6956888461783
2017-02-02,37.74013167455556,152.96478532065493
2017-02-03,38.12711795711112,64.10704083332824
2017-02-04,38.51410423966667,24.487570586109946
2017-02-05,38.901090522222226,9.08810993077033
2017-02-06,39.28807680477778,3.34899440704987
2017-02-07,39.67506308733334,1.2324001928418578
2017-02-08,40.062049369888896,0.45349804984656145
2017-02-09,40.44903565244445,0.1671224685139277
2017-02-10,40.836021935000005,0.062266820616425085
2017-02-11,41.22300821755556,0.02504290181829596
2017-02-12,41.609994500111114,0.015019609592584878
2017-02-13,41.99698078266667,0.02131003292694907
2017-02-14,42.38396706522222,0.050746571932678904
2017-02-15,42.77095334777778,0.1353019499686829
2017-02-16,43.15793963033333,0.3668161504565293
2017-02-17,43.544925912888885,0.9967446325762557
2017-02-18,43.93191219544444,2.709234120158249
2017-02-19,44.318898477999994,7.363675411290511
2017-02-20,44.705884760555556,20.006656669457065
2017-02-21,45.09287104311111,54.24418584433137
2017-02-22,45.479857325666664,145.63914392406895
2017-02-23,45.86684360822222,376.27989889749904
2017-02-24,46.25382989077777,860.2231385697254
2017-02-25,46.64081617333333,1416.099563572457
2017-02-26,45.180690401666666,1002.1599696289725
2017-02-27,43.72056463,643.5394291123558
2017-02-28,79.54077036000001,312.8256025854436
2017-03-01,115.36097609000001,141.6120429459606
2017-03-02,151.18118182,164.07158631878917
2017-03-03,40.22188939,414.5091327251704
2017-03-04,40.90712185857143,276.1747215087422
2017-03-05,41.59235432714286,128.89438206981458
2017-03-06,42.277586795714285,65.37005158121093
2017-03-07,42.96281926428571,65.55022661141292
2017-03-08,43.64805173285714,130.49797128806796
2017-03-09,44.33328420142857,288.23911811909994
2017-03-10,45.01851667,482.58552101552584
2017-03-11,45.67035727333333,386.71382390961503
2017-03-12,46.322197876666664,387.35542228089645
2017-03-13,46.97403848,488.1935069612555
2017-03-14,44.60112470888889,312.84664268588284
2017-03-15,42.228210937777774,192.9714798800072
2017-03-16,39.855297166666666,162.5734477062815
2017-03-17,40.72606407142857,89.2580591608943
2017-03-18,41.596830976190475,40.04069608969512
2017-03-19,42.467597880952376,21.598128055709672
2017-03-20,43.33836478571428,25.06547164372519
2017-03-21,44.209131690476184,54.86831403591583
2017-03-22,45.07989859523809,136.479670339725
2017-03-23,45.95066549999999,307.13497341103914
2017-03-24,44.97414620000001,512.5902361182838
2017-03-25,44.862054005000005,494.9076294478777
2017-03-26,44.74996181000001,659.5993822547471
2017-03-27,44.63786961500001,936.4781122903723
2017-03-28,44.23750270428572,565.2977856027586
2017-03-29,43.837135793571434,250.73952911944872
2017-03-30,43.436768882857145,111.74983596418754
2017-03-31,43.03640197214286,82.49494277991914
2017-04-01,42.63603506142857,137.4271202563217
2017-04-02,42.23566815071429,302.5588383465102
2017-04-03,41.83530124,560.6637954490641
2017-04-04,45.97391612,631.4286541762688
2017-04-05,46.47379612,559.6752548948551
2017-04-06,45.905414974222225,298.1104238862682
2017-04-07,45.33703382844445,124.59206960272547
2017-04-08,44.76865268266667,47.50363248109814
2017-04-09,44.20027153688889,17.621019468275787
2017-04-10,43.631890391111114,6.503218101378362
2017-04-11,43.063509245333336,2.4233877902787913
2017-04-12,42.49512809955556,0.9742941056951956
2017-04-13,41.92674695377778,0.5833683815115434
2017-04-14,41.358365808,0.8260426048605389
2017-04-15,40.789984662222224,1.965382132664707
2017-04-16,40.221603516444446,5.230022706637545
2017-04-17,39.65322237066667,14.039244557229717
2017-04-18,39.08484122488889,36.52212418150801
2017-04-19,38.51646007911111,84.9881041795018
2017-04-20,37.948078933333335,146.0522724828954
2017-04-21,39.919259945,125.36450781530662
2017-04-22,41.890440956666666,156.44215939233345
2017-04-23,43.861621968333324,302.40538532920306
2017-04-24,45.83280297999999,531.645226155384
2017-04-25,46.848234661999996,574.0330534774994
2017-04-26,47.863666343999995,737.1314549397725
2017-04-27,42.5734145676962,802.9341281958216
2017-04-28,37.2831627913924,969.091710311545
2017-04-29,39.26983515944976,587.7405217136657
2017-04-30,41.25650752750712,328.1877503190783
2017-05-01,43.24317989556448,327.47511064982797
2017-05-02,45.22985226362184,579.8312947866589
2017-05-03,47.2165246316792,911.96083536206
2017-05-04,47.0356345634693,550.3918056207159
2017-05-05,46.854744495259396,239.71729100895357
2017-05-06,46.6738544270495,97.75497209872786
2017-05-07,46.4929643588396,51.655864730504405
2017-05-08,46.3120742906297,60.35696320828752
2017-05-09,46.131184222419805,129.3530088466952
2017-05-10,45.9502941542099,292.3614018551914
2017-05-11,45.769404086,494.05287127581846
2017-05-12,46.06744994925,367.78364299551566
2017-05-13,46.3654958125,352.3502048116019
2017-05-14,46.66354167575,582.1528355183433
2017-05-15,46.96158753899999,896.921973172977
2017-05-16,38.9605678225,550.2284267991904
2017-05-17,40.89057003200001,505.64652462147603
2017-05-18,40.890570026750005,280.0122806343692
2017-05-19,40.890570021500004,118.46543598256356
2017-05-20,40.89057001625,45.377944179506414
2017-05-21,40.890570011,17.0995873308229
2017-05-22,40.89057000575,7.022045957019266
2017-05-23,40.890570000500006,4.546868616239501
2017-05-24,40.890569995250004,7.007349341111054
2017-05-25,40.89056999,17.05202154775291
2017-05-26,40.89056998475,45.22112677259598
2017-05-27,40.8905699795,117.73335491979687
2017-05-28,40.89056997425,274.7820231808338
2017-05-29,40.890569969,465.96815895740457
2017-05-30,39.540856413071424,326.86977086964396
2017-05-31,38.19114285714286,217.60296013985868
2017-06-01,57.73952695142857,105.08693089018251
2017-06-02,77.28791104571428,40.11780869030806
2017-06-03,96.83629514,11.244200821962623
2017-06-04,91.22550567444445,3.2235910661656475
2017-06-05,85.6147162088889,1.7123335876465824
2017-06-06,80.00392674333334,2.561014146739486
2017-06-07,74.39313727777778,6.244752926663561
2017-06-08,68.78234781222223,16.689573459610962
2017-06-09,63.171558346666664,44.87214234277485
2017-06-10,57.56076888111111,117.07149772398182
2017-06-11,51.94997941555555,273.3294815767114
2017-06-12,46.33918995,462.4797083580219
2017-06-13,42.20458855681818,319.51834690438045
2017-06-14,38.06998716363636,248.62938052794485
2017-06-15,44.42912862181818,346.43181095067604
2017-06-16,50.78827008,593.8285265191936
2017-06-17,44.352249184615395,665.7542695041323
2017-06-18,43.451458748290605,370.4994878755175
2017-06-19,42.55066831196582,159.76442612665414
2017-06-20,41.64987787564103,72.39036828004183
2017-06-21,40.74908743931624,57.101418070226174
2017-06-22,39.84829700299146,92.3627730436589
2017-06-23,38.94750656666667,159.50691331319754
2017-06-24,40.184076933,181.07110652384054
2017-06-25,41.42064729933333,319.47629149747564
2017-06-26,42.657217665666664,688.2517909526372
2017-06-27,43.893788031999996,1149.0881521169051
2017-06-28,43.55087202133333,762.5263667252723
2017-06-29,43.20795601066667,512.4763536623959
2017-06-30,42.86504000000001,464.4133504748073
2017-07-01,294.9274015666667,148.04511443160135
2017-07-02,294.9274015666667,39.01861018346267
2017-07-03,294.9274015666667,37.984088410370845
2017-07-04,294.9274015666667,157.05334390558198
2017-07-05,169.27576908733334,599.146181248539
2017-07-06,43.62413660799999,1105.0943440943565
2017-07-07,43.73232578699999,665.5057012658123
2017-07-08,43.84051496599999,286.7575726887991
2017-07-09,43.948704144999994,114.8558687304801
2017-07-10,44.056893324,56.641589113221144
2017-07-11,44.165082503,58.7604547834916
2017-07-12,44.273271682,120.69486336152568
2017-07-13,44.381460861,276.12309255412845
2017-07-14,44.48965004,491.29620154877426
2017-07-15,43.472579654444445,447.2462496861604
2017-07-16,42.45550926888889,582.3156578240555
2017-07-17,41.43843888333333,880.1506223408838
2017-07-18,44.213699426666665,688.8477565899323
2017-07-19,46.98895997,642.8805516232343
2017-07-20,47.3219526,557.3307018759704
2017-07-21,46.26035937142858,290.12005861858165
2017-07-22,45.198766142857146,123.94242867426364
2017-07-23,44.13717291428572,60.525043525774784
2017-07-24,43.075579685714295,59.309166399299244
2017-07-25,42.01398645714287,118.22000402820717
2017-07-26,40.95239322857144,266.3140996162361
2017-07-27,39.89080000000001,448.86466991968007
2017-07-28,40.67726226228572,268.7794516028145
2017-07-29,41.46372452457144,126.35713285409358
2017-07-30,42.25018678685715,82.13819868398254
2017-07-31,43.036649049142866,122.34660899950318
2017-08-01,43.823111311428576,285.16438501144086
2017-08-02,44.609573573714286,661.0735471335099
2017-08-03,45.396035836,1123.6274682425985
2017-08-04,45.1947806808,684.658424208109
2017-08-05,44.9935255256,360.58862464272886
2017-08-06,44.792270370400004,325.199675961644
2017-08-07,44.5910152152,558.3278077669718
2017-08-08,44.38976006,899.8644996402179
2017-08-09,44.71466006,524.2102649968209
2017-08-10,45.03956006,222.92425368386128
2017-08-11,45.36446006,89.77495013252403
2017-08-12,45.68936006,46.73660946730434
2017-08-13,46.01426006,53.65033438562405
2017-08-14,46.33916006,115.37147275723284
2017-08-15,46.66406006,267.9621013997479
2017-08-16,46.98896006,480.0550199377246
2017-08-17,46.49448003,416.7756980999964
2017-08-18,46.0,567.1761977284758
2017-08-19,51.710131582222225,999.3673545389745
2017-08-20,49.53562118416667,651.296022747949
2017-08-21,47.36111078611111,455.002442935782
2017-08-22,45.18660038805555,600.4501993170633
2017-08-23,43.01208999,908.8587494861413
2017-08-24,42.70451943611111,525.0561512222813
2017-08-25,42.39694888222222,232.79186095774148
2017-08-26,42.089378328333325,123.50839010440527
2017-08-27,41.78180777444444,139.8113704108985
2017-08-28,41.47423722055555,288.2933477930432
2017-08-29,41.16666666666666,606.0303222726636
2017-08-30,45.92268012,954.6275690947425
2017-08-31,47.8020941125,1306.0209765728475
2017-09-01,49.681508105,1939.7852129308528
2017-09-02,47.12350814057971,1467.1314951928744
2017-09-03,44.565508176159426,1547.557020068308
2017-09-04,42.007508211739136,2131.4364638624634
2017-09-05,38.304135907826094,1225.0317515558083
2017-09-06,34.600763603913045,599.9339943728469
2017-09-07,30.8973913,394.8766744857765
2017-09-08,34.824118825,282.76501343898894
2017-09-09,38.750846349999996,381.6333840446117
2017-09-10,42.67757387499999,792.4939557416944
2017-09-11,46.6043014,1397.9113811341797
2017-09-12,40.89485725714285,974.2625742181152
2017-09-13,42.302129742619044,449.4369971259033
2017-09-14,43.709402228095236,187.8911120570582
2017-09-15,45.11667471357143,103.68474898435812
2017-09-16,46.52394719904762,127.11085958113156
2017-09-17,47.93121968452381,257.96271263388303
2017-09-18,49.33849217,442.9709085799515
2017-09-19,49.26437233476191,255.2424841563845
2017-09-20,49.19025249952381,119.25883303956957
2017-09-21,49.116132664285715,82.49128644752987
2017-09-22,49.042012829047614,132.03720821928624
2017-09-23,48.96789299380952,316.7784764686964
2017-09-24,48.89377315857142,757.0117515892969
2017-09-25,48.81965332333333,1358.1966625734412
2017-09-26,47.641553271666666,900.17927656252
2017-09-27,46.46345322000001,608.0537427956755
2017-09-28,46.45101242771931,286.7471969074023
2017-09-29,46.438571635438606,113.44576699125784
2017-09-30,46.42613084315791,42.4169618747257
2017-10-01,46.41369005087721,15.648355074387439
2017-10-02,46.4012492585965,5.758973344148574
2017-10-03,46.3888084663158,2.118704527342444
2017-10-04,46.3763676740351,0.7794313493113643
2017-10-05,46.363926881754395,0.2867368801475975
2017-10-06,46.351486089473696,0.1054846063251368
2017-10-07,46.33904529719299,0.0388056181041542
2017-10-08,46.32660450491229,0.014275789104201884
2017-10-09,46.31416371263159,0.005251769317970666
2017-10-10,46.30172292035088,0.001932017961857143
2017-10-11,46.289282128070184,0.0007107496881414886
2017-10-12,46.276841335789484,0.00026147019808703834
2017-10-13,46.26440054350878,9.618951035734116e-05
2017-10-14,46.25195975122808,3.538614332250872e-05
2017-10-15,46.23951895894738,1.3017834646178817e-05
2017-10-16,46.22707816666667,4.788993776982277e-06
2017-10-17,46.21463737438597,1.7617724688453184e-06
2017-10-18,46.20219658210527,6.481201822694335e-07
2017-10-19,46.18975578982457,2.384309357404619e-07
2017-10-20,46.17731499754387,8.771613709453632e-08
2017-10-21,46.16487420526317,3.227520928229442e-08
2017-10-22,46.15243341298246,1.1890363761699238e-08
2017-10-23,46.13999262070176,4.420370840879687e-09
2017-10-24,46.12755182842106,1.7516135248276106e-09
2017-10-25,46.115111036140355,9.853909788042288e-10
2017-10-26,46.102670243859656,1.2894619494012739e-09
2017-10-27,46.09022945157895,2.9940965481001605e-09
2017-10-28,46.07778865929825,7.950802854879443e-09
2017-10-29,46.06534786701755,2.1543363285093823e-08
2017-10-30,46.052907074736844,5.853549053313858e-08
2017-10-31,46.040466282456144,1.5910660049696776e-07
2017-11-01,46.028025490175445,4.3249313766219344e-07
2017-11-02,46.01558469789474,1.1756369703298163e-06
2017-11-03,46.00314390561404,3.195712147261876e-06
2017-11-04,45.99070311333334,8.686846087041909e-06
2017-11-05,45.97826232105263,2.3613295798885293e-05
2017-11-06,45.96582152877193,6.418759283420973e-05
2017-11-07,45.95338073649123,0.00017447996703728682
2017-11-08,45.94093994421053,0.00047428572258354407
2017-11-09,45.92849915192983,0.001289242252026139
2017-11-10,45.91605835964913,0.0035045237184127033
2017-11-11,45.90361756736842,0.009526282640545655
2017-11-12,45.89117677508772,0.025895117295283644
2017-11-13,45.87873598280702,0.07039019944601616
2017-11-14,45.866295190526316,0.19134019758121454
2017-11-15,45.853854398245616,0.5201150686731909
2017-11-16,45.84141360596491,1.4138075404619803
2017-11-17,45.82897281368421,3.8430210745089375
2017-11-18,45.81653202140351,10.44512238594765
2017-11-19,45.804091229122804,28.372009834909644
2017-11-20,45.791650436842104,76.77044070020726
2017-11-21,45.779209644561405,203.45889668635763
2017-11-22,45.7667688522807,493.28068481569414
2017-11-23,45.75432806,877.030612461511
2017-11-24,46.027531247732554,493.6645361172275
2017-11-25,46.30073443546512,206.7721953874848
2017-11-26,46.57393762319767,87.40760616365097
2017-11-27,46.84714081093023,58.02902787215247
2017-11-28,47.12034399866279,90.99899757668305
2017-11-29,47.393547186395345,217.48644558836997
2017-11-30,47.66675037412791,519.3356963521536
2017-12-01,47.93995356186046,915.7832062610815
2017-12-02,46.5,477.3036698031113
2017-12-03,52.25,270.13545327359395
2017-12-04,58.0,310.1326201437345
2017-12-05,45.33942,452.13243258214754
2017-12-06,46.037504890476185,249.53488582420678
2017-12-07,46.73558978095238,108.58004037716672
2017-12-08,47.43367467142857,58.881091441217364
2017-12-09,48.13175956190476,70.64247053577391
2017-12-10,48.82984445238095,155.484002726134
2017-12-11,49.52792934285714,368.18024126463774
2017-12-12,50.22601423333333,658.3677960283371
2017-12-13,49.907309362777774,375.1458103885609
2017-12-14,49.58860449222222,178.13847611389988
2017-12-15,49.26989962166667,133.7436259768585
2017-12-16,48.95119475111111,227.03287566579874
2017-12-17,48.63248988055555,517.6828588017302
2017-12-18,48.31378501,979.5473934595187
2017-12-19,47.21740658348101,895.6375453020541
2017-12-20,46.12102815696202,1043.6136746759478
2017-12-21,56.05999036310395,784.6626793986345
2017-12-22,40.90056994,583.1396718532939
2017-12-23,41.723679116666666,285.949748817309
2017-12-24,42.54678829333333,137.0451170665964
2017-12-25,43.36989747,117.26533327149025
2017-12-26,44.19300664666667,219.34720368192285
2017-12-27,45.01611582333333,512.3714076027643
2017-12-28,45.839225,977.33594612811
2017-12-29,50.238229985000004,888.905357885849
2017-12-30,54.63723497,1023.3543844224345
2017-12-31,52.487752455000006,705.1481244442705
2018-01-01,50.33826994,644.4305666283436
2018-01-02,48.06384003,553.0348363176239
2018-01-03,47.89857757857143,271.2987807964432
2018-01-04,47.73331512714286,111.69075074417846
2018-01-05,47.568052675714284,53.29450708886097
2018-01-06,47.40279022428572,51.08388868947545
2018-01-07,47.23752777285714,102.30782052296786
2018-01-08,47.072265321428574,240.23632468986017
2018-01-09,46.90700287,435.1505727411654
2018-01-10,52.453501435,239.73600737593327
2018-01-11,58.0,99.91141990261536
2018-01-12,58.0,38.457066009755295
2018-01-13,58.0,15.463503730723927
2018-01-14,58.0,8.977327017527589
2018-01-15,58.0,12.054227692923323
2018-01-16,58.0,26.07671169989943
2018-01-17,58.0,50.34527493659443
2018-01-18,57.00863199822222,52.37558015193928
2018-01-19,56.01726399644444,92.96487576216552
2018-01-20,55.02589599466666,228.34260393503604
2018-01-21,54.03452799288888,561.1863897659453
2018-01-22,53.043159991111104,1078.3994935836138
2018-01-23,50.514034988055556,923.6259711629081
2018-01-24,47.98490998500001,990.327148558764
2018-01-25,49.146522600000004,527.3036035793426
2018-01-26,50.30813521500001,274.020808575975
2018-01-27,51.46974783,273.03668388732984
2018-01-28,52.631360445000006,523.836594395281
2018-01-29,53.79297306,984.1507205833962
2018-01-30,52.03504913,916.758331050469
2018-01-31,50.27712519999999,1176.8660732358078
2018-02-01,46.026776535,1146.5646098625325
2018-02-02,48.58709642,748.6902730295665
2018-02-03,48.98924701666667,479.6134135039779
2018-02-04,49.39139761333333,570.8618425086321
2018-02-05,49.79354821,889.5992499003974
2018-02-06,49.41789273714286,473.843911502042
2018-02-07,49.04223726428571,194.6172754395745
2018-02-08,48.66658179142857,84.40819266599657
2018-02-09,48.29092631857143,62.64302433609619
2018-02-10,47.91527084571429,107.27946376769958
2018-02-11,47.53961537285714,248.80671450382596
2018-02-12,47.1639599,483.5172677887667
2018-02-13,45.82680493,427.02185246272506
2018-02-14,44.48964996,484.3103411081884
2018-02-15,43.191719968,252.4390654071205
2018-02-16,41.893789976,119.2794932242431
2018-02-17,40.595859984,96.09614928552595
2018-02-18,39.297929992,170.88910007812655
2018-02-19,38.0,380.7404974578638
2018-02-20,48.98850008,699.4084158878197
2018-02-21,52.63769501,956.2051945629423
2018-02-22,57.318847505,575.8153095872108
2018-02-23,62.0,397.2546335832718
2018-02-24,59.11825283357143,279.46657838599805
2018-02-25,56.23650566714286,385.40535883621885
2018-02-26,53.35475850071428,832.2258010021695
2018-02-27,50.473011334285715,1543.4404761483097
2018-02-28,46.80948703714286,954.7831961830735
2018-03-01,43.14596274,796.1894359173394
2018-03-02,48.70480124,1285.162530359142
2018-03-03,48.408570202285716,679.5803462636837
2018-03-04,48.11233916457143,281.2042482664251
2018-03-05,47.816108126857145,131.924703959953
2018-03-06,47.51987708914286,121.77181860274011
2018-03-07,47.223646051428574,240.30464823059594
2018-03-08,46.92741501371429,572.6790406670717
2018-03-09,46.631183976,1076.3048298460071
2018-03-10,45.99731389752381,568.067540374539
2018-03-11,45.363443819047625,229.37924688471003
2018-03-12,44.72957374057143,93.76399389509709
2018-03-13,44.09570366209524,56.80028487245037
2018-03-14,43.46183358361905,80.48149656170733
2018-03-15,42.82796350514286,178.57564824984024
2018-03-16,42.19409342666667,343.1482902961346
2018-03-17,45.24207563777778,250.8276991987377
2018-03-18,48.290057848888885,286.32442289178397
2018-03-19,51.33804006,448.58397964331596
2018-03-20,52.987653413333334,247.78765156034618
2018-03-21,54.63726676666666,141.73360285445048
2018-03-22,56.28688012,136.14409023111568
2018-03-23,54.2123425925,96.2030715646408
2018-03-24,52.137805064999995,123.52685830909478
2018-03-25,50.063267537499996,267.15872958915
2018-03-26,47.98873001,555.3605157916697
2018-03-27,45.33941995,663.0630136418283
2018-03-28,45.652695100531915,785.163513690364
2018-03-29,45.96597025106382,1306.9331898820094
2018-03-30,48.05923305,1449.159068219853
2018-03-31,45.841940305882346,1545.5648203876174
2018-04-01,47.539323999095025,940.8254689484204
2018-04-02,49.236707692307704,737.8744097962566
2018-04-03,50.46225384615386,399.26383121336534
2018-04-04,51.6878,299.1510427260962
2018-04-05,45.469215000000005,404.08719356640023
2018-04-06,39.25063000000001,818.5645204814674
2018-04-07,45.075555932203386,1314.1690980646758
2018-04-08,47.032027966101694,716.651265960263
2018-04-09,48.9885,373.6218171892091
2018-04-10,48.93798452631579,155.62218509257426
2018-04-11,48.88746905263158,58.91266268885566
2018-04-12,48.836953578947366,21.775955949760586
2018-04-13,48.78643810526316,8.016561739072024
2018-04-14,48.735922631578944,2.951671259009253
2018-04-15,48.68540715789474,1.0923008796786766
2018-04-16,48.63489168421052,0.41933101124074096
2018-04-17,48.584376210526315,0.2018217777551928
2018-04-18,48.5338607368421,0.2035233531466718
2018-04-19,48.483345263157894,0.42628332934288243
2018-04-20,48.43282978947368,1.1120505200086885
2018-04-21,48.38231431578947,3.005645756392835
2018-04-22,48.33179884210526,8.163571222789422
2018-04-23,48.28128336842105,22.18616539581588
2018-04-24,48.230767894736836,60.28389158040793
2018-04-25,48.18025242105263,163.54245271036393
2018-04-26,48.129736947368414,439.115422865363
2018-04-27,48.07922147368421,1112.6806066617244
2018-04-28,48.02870599999999,2173.849156794529
2018-04-29,48.49863733333333,1245.912814623811
2018-04-30,48.96856866666666,834.4322835035119
2018-05-01,49.4385,954.9557667016938
2018-05-02,49.82171833333333,471.18308663691
2018-05-03,50.20493666666666,203.41346934031725
2018-05-04,50.588155,129.81743691094198
2018-05-05,50.97137333333333,193.90052169369739
2018-05-06,51.354591666666664,440.64489101590283
2018-05-07,51.737809999999996,855.5580004636271
2018-05-08,100.84390499999999,460.95412976545504
2018-05-09,149.95,317.1429860453055
2018-05-10,50.0,735.8186473869293
2018-05-11,51.987809999999996,949.4173944069679
2018-05-12,84.64187333333334,456.7399493930837
2018-05-13,117.29593666666666,167.02245951914807
2018-05-14,149.95,42.14884198355899
2018-05-15,142.7884519642857,12.185621081095212
2018-05-16,135.6269039285714,4.209575513482908
2018-05-17,128.46535589285713,1.568821231752297
2018-05-18,121.30380785714286,0.6757866049696719
2018-05-19,114.14225982142857,0.5186184490374423
2018-05-20,106.98071178571428,0.9248121436454064
2018-05-21,99.81916375,2.3354813183174965
2018-05-22,92.65761571428571,6.282704691149761
2018-05-23,85.49606767857142,17.05273502755059
2018-05-24,78.33451964285715,46.332814129700715
2018-05-25,71.17297160714286,125.76431614696968
2018-05-26,64.01142357142857,338.6395429164291
2018-05-27,56.84987553571429,867.7969108017534
2018-05-28,49.6883275,1749.981405529353
2018-05-29,88.779288,1087.7455917856998
2018-05-30,68.883894,601.9319984640559
2018-05-31,48.9885,523.9461942946056
2018-06-01,48.07623,270.18772233036685
2018-06-02,47.16396,184.32644325609832
2018-06-03,46.251689999999996,277.28512769845844
2018-06-04,45.33942,538.3548209491292
2018-06-05,48.9885,533.6819847877085
2018-06-06,49.556200833333335,253.91303658028625
2018-06-07,50.12390166666667,117.17516445368705
2018-06-08,50.6916025,96.86359785996146
2018-06-09,51.259303333333335,179.78754872970177
2018-06-10,51.82700416666667,433.81943281917484
2018-06-11,52.394705,869.0706847446288
2018-06-12,49.859606666666664,497.59098133526896
2018-06-13,47.324508333333334,367.4168379332774
2018-06-14,44.78941,477.8913262308938
2018-06-15,44.92691,280.0553039363412
2018-06-16,45.064409999999995,250.9493078426746
2018-06-17,45.20191,461.0347520392691
2018-06-18,45.33941,893.54227668988
2018-06-19,47.152366666666666,570.0712599334425
2018-06-20,48.96532333333334,567.8470733860389
2018-06-21,50.77828,885.7539068811241
2018-06-22,67.80281142857143,428.8588900597065
2018-06-23,84.82734285714287,165.70697568691017
2018-06-24,101.85187428571429,61.39138593455612
2018-06-25,118.87640571428571,22.676397840928587
2018-06-26,135.90093714285715,8.555528267098097
2018-06-27,152.92546857142858,3.818255088518815
2018-06-28,169.95,4.453491828380125
2018-06-29,112.46666666666665,18.52695964809451
2018-06-30,54.98333333333333,67.17081513259104
2018-07-01,51.88591666666666,270.6948191608861
2018-07-02,48.7885,704.9768062736631
2018-07-03,45.1644,1334.6161452937156
2018-07-04,46.298038306451616,2159.786966036512
2018-07-05,46.45885189826303,1042.1447772710787
2018-07-06,46.619665490074446,402.07765171963274
2018-07-07,46.78047908188586,148.89421678336166
2018-07-08,46.941292673697276,54.935891256238264
2018-07-09,47.10210626550869,20.55421305351896
2018-07-10,47.26291985732011,8.494925455073735
2018-07-11,47.42373344913152,5.662301123210195
2018-07-12,47.58454704094294,8.979487157861282
2018-07-13,47.74536063275435,22.047045136438893
2018-07-14,47.90617422456577,59.01509780959305
2018-07-15,48.06698781637718,159.05992076946447
2018-07-16,48.2278014081886,411.93919536232653
2018-07-17,48.38861500000001,845.6564240893716
2018-07-18,49.11986266666668,411.0908313185442
2018-07-19,49.851110333333345,158.49567040287536
2018-07-20,50.582358000000006,58.670644557418164
2018-07-21,51.313605666666675,21.639586271100782
2018-07-22,52.04485333333334,8.079558576262452
2018-07-23,52.77610100000001,3.294300500593201
2018-07-24,53.50734866666668,2.087147211954904
2018-07-25,54.23859633333334,3.1469337933264714
2018-07-26,54.96984400000001,7.624593729563039
2018-07-27,55.70109166666668,20.38233086547267
2018-07-28,56.432339333333346,55.266434248515054
2018-07-29,57.16358700000001,150.03781110657135
2018-07-30,57.894834666666675,405.31238985978854
2018-07-31,58.62608233333334,1055.4208632766695
2018-08-01,59.35733000000001,2233.7984731238625
2018-08-02,60.31088,1488.5988306119814
2018-08-03,60.23316,674.154972798928
2018-08-04,60.15544,394.3742960582146
2018-08-05,60.07772,513.6531855518272
2018-08-06,60.0,958.1375758398029
2018-08-07,55.223077333333336,772.6437263973587
2018-08-08,50.44615466666667,1153.5417212982893
2018-08-09,45.66923200000001,2170.8078394641557
2018-08-10,49.251924,1116.3030149855535
2018-08-11,52.834616000000004,685.1456116262343
2018-08-12,56.417308000000006,929.0116189626061
2018-08-13,60.0,1724.813937165379
2018-08-14,57.197125,825.6287406178513
2018-08-15,54.39425,376.744381699458
2018-08-16,51.591375,302.9666291890163
2018-08-17,48.7885,450.6232915800896
2018-08-18,48.06279976190476,212.64254285654087
2018-08-19,47.33709952380953,99.84031857391835
2018-08-20,46.61139928571429,89.16690887177182
2018-08-21,45.88569904761905,174.94976889322453
2018-08-22,45.15999880952381,448.77359596448804
2018-08-23,44.43429857142858,1170.5781332421689
2018-08-24,43.70859833333334,2520.6077666533743
2018-08-25,45.88827361111112,1165.1474434774245
2018-08-26,48.06794888888889,450.3283005906102
2018-08-27,50.24762416666667,189.4155041353345
2018-08-28,52.42729944444445,132.6932958808712
2018-08-29,54.606974722222226,214.6780039641871
2018-08-30,56.78665,431.35832770146186
2018-08-31,55.538945600000005,216.74325225680442
2018-09-01,54.29124120000001,139.54301368673507
2018-09-02,53.043536800000005,208.10778303290027
2018-09-03,51.79583240000001,489.33718731659036
2018-09-04,50.54812800000001,1058.6527744751422
2018-09-05,48.628552000000006,509.1529592651208
2018-09-06,46.70897600000001,270.15132336017683
2018-09-07,44.7894,270.0995585983284
2018-09-08,49.85763875000001,160.51017870487988
2018-09-09,54.925877500000006,183.0838433401037
2018-09-10,59.994116250000005,392.70104238428985
2018-09-11,65.06235500000001,841.2781741909012
2018-09-12,63.58722186813188,378.99904403864457
2018-09-13,62.11208873626374,142.95012346766265
2018-09-14,60.63695560439561,52.986677047654446
2018-09-15,59.161822472527476,20.280368777200234
2018-09-16,57.68668934065934,9.594649577327953
2018-09-17,56.21155620879121,9.32975082442461
2018-09-18,54.736423076923074,19.197140463108045
2018-09-19,53.26128994505494,49.907517328450794
2018-09-20,51.78615681318681,134.76642457297365
2018-09-21,50.31102368131867,365.54999204031054
2018-09-22,48.83589054945054,988.9811626697135
2018-09-23,47.360757417582406,2617.700784990463
2018-09-24,45.88562428571427,5858.743487098974
2018-09-25,45.70638342857142,2594.0839447764934
2018-09-26,45.52714257142856,1015.5533239238845
2018-09-27,45.34790171428571,490.87884713884307
2018-09-28,45.168660857142854,492.06380901829175
2018-09-29,44.98942,889.9568284681665
2018-09-30,45.27267667477415,441.33283825449695
2018-10-01,45.55593334954829,336.3748976755373
2018-10-02,45.839190024322434,583.9178037529957
2018-10-03,46.12244669909658,1264.6633018342648
2018-10-04,46.47488012221617,538.2878913802016
2018-10-05,46.82731354533577,200.52655488541922
2018-10-06,47.17974696845536,73.85975561736807
2018-10-07,47.532180391574954,27.26800129351656
2018-10-08,47.884613814694546,10.291255829764632
2018-10-09,48.237047237814146,4.492396902496879
2018-10-10,48.58948066093374,3.5729456085917413
2018-10-11,48.94191408405333,6.534137027313838
2018-10-12,49.29434750717293,16.5916168469583
2018-10-13,49.64678093029252,44.66434353726592
2018-10-14,49.999214353412114,121.20394435175747
2018-10-15,50.351647776531706,328.8904870255459
2018-10-16,50.704081199651306,882.3444356412851
2018-10-17,51.0565146227709,2083.555847801224
2018-10-18,51.35994077579635,877.607470058576
2018-10-19,51.66336692882181,326.6428404628042
2018-10-20,51.966793081847264,121.25995893681366
2018-10-21,52.27021923487272,47.39982393464974
2018-10-22,52.57364538789818,25.01850982810605
2018-10-23,52.87707154092364,29.80712944904026
2018-10-24,53.18049769394909,66.92841142461778
2018-10-25,53.48392384697455,175.09147478547325
2018-10-26,53.78735,417.7799123340685
2018-10-27,54.79884883561644,178.00580009902257
2018-10-28,55.81034767123288,76.40773753976437
2018-10-29,56.821846506849326,56.22753580093204
2018-10-30,57.83334534246576,97.04778816960213
2018-10-31,58.8448441780822,241.8953809613398
2018-11-01,59.85634301369864,601.6075523146068
2018-11-02,44.78942,747.243698615588
2018-11-03,45.67810444444444,388.98242447460126
2018-11-04,46.566788888888894,377.064906074356
2018-11-05,47.45547333333334,697.2996130298768
2018-11-06,52.12106666666668,424.14794363805817
2018-11-07,56.78666000000001,489.37697711850615
2018-11-08,55.93667925438598,198.08378004067052
2018-11-09,55.08669850877194,74.55300883689223
2018-11-10,54.236717763157905,30.7879902210353
2018-11-11,53.386737017543865,20.442590451647714
2018-11-12,52.53675627192983,32.297851873966096
2018-11-13,51.6867755263158,79.20328167715384
2018-11-14,50.83679478070176,210.95985732833026
2018-11-15,49.986814035087725,526.7488202248512
2018-11-16,48.78850007017544,526.7476079248485
2018-11-17,49.788270070175436,210.80795250536528
2018-11-18,50.78804007017544,79.26322812514032
2018-11-19,51.78781007017544,32.72587346476688
2018-11-20,52.78758007017544,21.71578644407205
2018-11-21,53.787350070175435,34.28920734653279
2018-11-22,54.78712007017543,84.07757763110507
2018-11-23,55.78689007017544,224.1194804282168
2018-11-24,56.78666007017544,565.5797475988089
2018-11-25,54.853786690058485,681.3659343474666
2018-11-26,52.92091330994153,1370.2308307482522
2018-11-27,51.98780996491228,991.5124429993552
2018-11-28,46.25578002339181,940.6321142012213
2018-11-29,46.78895999999999,812.1014566009658
2018-11-30,46.50821357955864,320.2019202311886
2018-12-01,46.227467159117296,118.27176399509422
2018-12-02,45.94672073867595,43.51646381037726
2018-12-03,45.6659743182346,16.00890663780835
2018-12-04,45.38522789779326,5.889421520345711
2018-12-05,45.10448147735191,2.1667965598132066
2018-12-06,44.823735056910564,0.7976620854162234
2018-12-07,44.54298863646922,0.2949172665115079
2018-12-08,44.26224221602787,0.11250015228774865
2018-12-09,43.981495795586525,0.05227633798102573
2018-12-10,43.70074937514518,0.04883304620005916
2018-12-11,43.420002954703826,0.09843028621676879
2018-12-12,43.13925653426248,0.2549385073330321
2018-12-13,42.85851011382113,0.6883497554289888
2018-12-14,42.57776369337979,1.8694102469506857
2018-12-15,42.29701727293844,5.080880365710271
2018-12-16,42.016270852497094,13.81041152185257
2018-12-17,41.73552443205575,37.52899311509502
2018-12-18,41.4547780116144,101.43087685457527
2018-12-19,41.174031591173055,249.56811519720026
2018-12-20,42.51874362037498,101.36518576517862
2018-12-21,43.863455649576906,37.501037582321125
2018-12-22,45.20816767877883,13.818576841700088
2018-12-23,46.55287970798075,5.137924221181465
2018-12-24,47.89759173718268,2.0378105700578653
2018-12-25,49.2423037663846,1.1510816960547485
2018-12-26,50.587015795586524,1.514603773013621
2018-12-27,51.93172782478845,3.5231925677848372
2018-12-28,53.276439853990375,9.358293805842585
2018-12-29,54.6211518831923,25.356248446928493
2018-12-30,55.96586391239423,68.88194817742395
2018-12-31,57.31057594159615,187.0989216695299
2019-01-01,58.65528797079807,505.43118029361085
2019-01-02,60.0,1247.6265633554026
2019-01-03,59.61203835227273,503.71799333987343
2019-01-04,59.22407670454545,186.19373958678443
2019-01-05,58.83611505681818,68.50869539753272
2019-01-06,58.44815340909091,25.205459428219875
2019-01-07,58.06019176136363,9.279157948074042
2019-01-08,57.67223011363636,3.431515629675154
2019-01-09,57.284268465909086,1.3110515374598173
2019-01-10,56.89630681818181,0.614599654885858
2019-01-11,56.50834517045453,0.5857005181160831
2019-01-12,56.12038352272726,1.1929620273907593
2019-01-13,55.732421874999986,3.0959461200328326
2019-01-14,55.34446022727271,8.361437575185214
2019-01-15,54.95649857954544,22.707348835526712
2019-01-16,54.568536931818166,61.69919186185088
2019-01-17,54.18057528409089,166.95227925939008
2019-01-18,53.79261363636362,415.77018701579175
2019-01-19,50.81659580949352,166.77498960528612
2019-01-20,47.84057798262342,61.636144299699694
2019-01-21,44.864560155753324,22.766720104119464
2019-01-22,41.888542328883226,8.618023459702217
2019-01-23,38.91252450201313,3.829823213187161
2019-01-24,35.93650667514302,3.2014186008530583
2019-01-25,32.96048884827293,6.050246678565042
2019-01-26,29.98447102140283,15.47048029900699
2019-01-27,27.00845319453273,41.69231887723015
2019-01-28,24.032435367662632,113.1074903058756
2019-01-29,21.056417540792534,302.4935913189256
2019-01-30,30.826156867823528,692.696502588393
2019-01-31,40.595896194854525,1817.4576505446305
2019-02-01,50.36563552188552,4549.266959979092
2019-02-02,49.68758653298861,1984.0519355786025
2019-02-03,49.00953754409171,1257.8696192611924
2019-02-04,48.331488555194795,1820.4396022951785
2019-02-05,57.7864299715909,1294.5191468646992
2019-02-06,56.697237972226404,489.41301183125773
2019-02-07,55.608045972861916,182.68454572226867
2019-02-08,54.51885397349742,74.06219904443296
2019-02-09,53.429661974132934,45.8715603564543
2019-02-10,52.34046997476844,67.48677877527732
2019-02-11,51.25127797540395,162.20307640050515
2019-02-12,50.16208597603946,416.3240946340112
2019-02-13,49.86541647286821,159.51447532016658
2019-02-14,49.56874696969697,59.67507965080282
2019-02-15,49.27207746652572,24.524769780792777
2019-02-16,48.97540796335447,16.010502873307342
2019-02-17,48.678738460183226,24.88399939320095
2019-02-18,48.38206895701198,60.77538379209984
2019-02-19,48.085399453840736,162.51022602629624
2019-02-20,47.78872995066949,425.548765249771
2019-02-21,50.49824716110459,190.55378466191004
2019-02-22,53.207764371539675,147.7089982422425
2019-02-23,55.91728158197477,264.97655893161993
2019-02-24,58.62679879240986,668.7252447780104
2019-02-25,61.33631600284495,1747.5896742889406
2019-02-26,59.06148801564723,916.4366787130839
2019-02-27,56.7866600284495,1016.5398808040459
2019-02-28,62.78524679943101,378.34311245350676
2019-03-01,68.78383357041253,135.57818332602875
2019-03-02,67.90545021337127,49.93738332655681
2019-03-03,67.02706685633002,18.608610168142654
2019-03-04,66.14868349928877,7.491933178679025
2019-03-05,65.27030014224752,4.512613584699024
2019-03-06,64.39191678520626,6.434569618609005
2019-03-07,63.51353342816501,15.344913704112683
2019-03-08,62.63515007112376,40.91845402779659
2019-03-09,61.7567667140825,110.90803623736983
2019-03-10,60.87838335704125,301.130935903338
2019-03-11,60.0,806.981739103127
2019-03-12,58.0,421.80845339874867
2019-03-13,57.39333001443002,484.8897773312462
2019-03-14,56.786660028860034,1064.984572891358
2019-03-15,47.78873001443003,1053.4190473574783
2019-03-16,47.7649170785741,390.1677224981615
2019-03-17,47.74110414271817,143.54090409643484
2019-03-18,47.71729120686224,52.8116609071156
2019-03-19,47.693478271006306,19.444384525807628
2019-03-20,47.66966533515038,7.196840030084183
2019-03-21,47.64585239929445,2.766218910606461
2019-03-22,47.62203946343852,1.3401518566316268
2019-03-23,47.59822652758259,1.369698215318604
2019-03-24,47.57441359172666,2.886936421194894
2019-03-25,47.55060065587073,7.539730815487019
2019-03-26,47.5267877200148,20.38102023730204
2019-03-27,47.502974784158866,55.35300719089744
2019-03-28,47.47916184830294,150.40024046775753
2019-03-29,47.45534891244701,408.4562810840057
2019-03-30,47.43153597659108,1107.2176346453489
2019-03-31,55.78688997805414,734.4003207583306
