2017-01-02,256.6128,0.02279682348868636
2017-01-03,256.6128,0.06196393799130014
2017-01-04,256.6128,0.1683556580293206
2017-01-05,256.6128,0.4563635863309183
2017-01-06,256.6128,1.2236204819654357
2017-01-07,256.6128,3.147041778606935
2017-01-08,256.6128,7.126081907023295
2017-01-09,256.6128,11.631224747337875
2017-01-10,277.44990000000007,8.702933092993769
2017-01-11,298.2870000000001,6.090532828593263
2017-01-12,292.1760000000001,3.299961729656442
2017-01-13,286.06500000000005,1.945383228903576
2017-01-14,279.95400000000006,2.308255217350821
2017-01-15,273.843,5.061050729151077
2017-01-16,267.732,12.59242981369671
2017-01-17,261.621,28.189436256762868
2017-01-18,255.51,44.74261335104932
2017-01-19,272.4000148148148,28.1563447245406
2017-01-20,289.2900296296296,12.566097116886144
2017-01-21,306.18004444444443,5.050370330174071
2017-01-22,323.0700592592592,2.3158405542006917
2017-01-23,339.96007407407404,2.026229553485062
2017-01-24,356.8500888888889,3.882654430600011
2017-01-25,373.74010370370365,9.4326697557254
2017-01-26,390.63011851851843,21.080177691332782
2017-01-27,407.52013333333326,33.53293373961292
2017-01-28,385.3284274285714,21.138170043994663
2017-01-29,363.13672152380946,9.65388677441537
2017-01-30,340.9450156190476,4.525513069533243
2017-01-31,318.7533097142857,3.7623458277697477
2017-02-01,296.5616038095238,6.694508723505782
2017-02-02,274.3698979047619,14.162558993254844
2017-02-03,252.178192,22.382092985429228
2017-02-04,250.54104705333333,14.137799078660052
2017-02-05,248.90390210666666,6.636064707170191
2017-02-06,247.26675716,3.6041203607039654
2017-02-07,245.62961221333336,3.98127007234983
2017-02-08,243.9924672666667,7.323966834435969
2017-02-09,242.35532232000003,11.485335456124927
2017-02-10,248.62276860000003,8.177680299741812
2017-02-11,254.89021488,6.612241247290744
2017-02-12,261.15766116,10.774173381837821
2017-02-13,267.42510744,25.116606661231113
2017-02-14,273.69255372,55.89741552400987
2017-02-15,279.96,89.10929864620356
2017-02-16,280.17232974910394,55.63189406246461
2017-02-17,280.3846594982079,24.602812138820887
2017-02-18,280.5969892473118,9.616909435269848
2017-02-19,280.80931899641575,3.758772468515325
2017-02-20,281.0216487455197,1.8603036581184873
2017-02-21,281.23397849462367,1.9564197472106413
2017-02-22,281.4463082437276,3.9919568485101373
2017-02-23,281.65863799283153,8.85306452590709
2017-02-24,281.8709677419355,15.052568341313071
2017-02-25,272.92652576129035,13.868479550914504
2017-02-26,263.98208378064516,16.95037139048122
2017-02-27,255.0376418,22.956233033009994
2017-02-28,254.02818065999998,13.952237827970976
2017-03-01,253.01871952,6.126621489358357
2017-03-02,252.00925838,2.41203718421909
2017-03-03,250.99979724,1.0072684097137028
2017-03-04,249.99033609999998,0.6683179450259443
2017-03-05,248.98087496,1.0537111577384553
2017-03-06,247.97141382,2.5885327907828146
2017-03-07,246.96195268,6.964886295944124
2017-03-08,245.95249153999998,18.817192775703365
2017-03-09,244.9430304,47.02832314144672
2017-03-10,411.9673485,85.94159567291759
2017-03-11,397.69758954545455,54.60071925187042
2017-03-12,383.4278305909091,24.195599680116008
2017-03-13,369.1580716363636,9.409352332114258
2017-03-14,354.8883126818182,3.544011110512614
2017-03-15,340.61855372727274,1.4097603154640908
2017-03-16,326.3487947727273,0.7980477069162327
2017-03-17,312.0790358181818,1.0508219414550681
2017-03-18,297.80927686363634,2.420313316496028
2017-03-19,283.53951790909093,6.147201102046981
2017-03-20,269.26975895454547,14.3016299917354
2017-03-21,255.0,25.488750984436145
2017-03-22,282.4,28.22801442757141
2017-03-23,309.8,47.23509454469271
2017-03-24,295.20428571428573,98.45216727783345
2017-03-25,280.60857142857145,159.91545629939773
2017-03-26,279.2064285714286,115.918283751783
2017-03-27,277.8042857142857,98.92167627944532
2017-03-28,276.40214285714285,147.09319477949828
2017-03-29,275.0,212.25956676881762
2017-03-30,475.9411764705882,104.67806403447214
2017-03-31,361.82058823529405,46.02335471477896
2017-04-01,247.7,29.122101467416737
2017-04-02,248.25,14.640014341124813
2017-04-03,248.79999999999998,6.052331560339108
2017-04-04,249.35,2.302519282520462
2017-04-05,249.89999999999998,0.8535366932144764
2017-04-06,250.45,0.31443967720486743
2017-04-07,251.0,0.1157007835522138
2017-04-08,251.54999999999998,0.042565249722013095
2017-04-09,252.1,0.0156592502984339
2017-04-10,252.65,0.005761588710639215
2017-04-11,253.2,0.0021219367140900753
2017-04-12,253.75,0.0007870500307628329
2017-04-13,254.29999999999998,0.0003070266031000077
2017-04-14,254.85,0.00016048358007335494
2017-04-15,255.4,0.00018825160530973106
2017-04-16,255.95,0.0004204912282411252
2017-04-17,256.5,0.0011094521013617824
2017-04-18,257.05,0.0030034565847922323
2017-04-19,257.6,0.008159696327678382
2017-04-20,258.15,0.022178639298519594
2017-04-21,258.7,0.06028635807307936
2017-04-22,259.25,0.16385921728305924
2017-04-23,259.8,0.4451358317373996
2017-04-24,260.35,1.2058021485465835
2017-04-25,260.9,3.2262184723273517
2017-04-26,261.45,8.280066399181518
2017-04-27,262.0,19.120657657451996
2017-04-28,62.04,36.31376902473285
2017-04-29,184.76997034782607,52.21349477816665
2017-04-30,193.70971672028983,31.17131735903178
2017-05-01,202.64946309275362,13.491942677738107
2017-05-02,211.58920946521738,5.285940300022857
2017-05-03,220.52895583768114,2.2311464531225664
2017-05-04,229.4687022101449,1.5480380873786403
2017-05-05,238.40844858260868,2.523126663269837
2017-05-06,247.34819495507244,6.007606149430239
2017-05-07,256.2879413275362,13.99039826371061
2017-05-08,265.2276877,25.25099297215652
2017-05-09,268.99219434642856,27.685058028417064
2017-05-10,272.75670099285713,46.720949527560634
2017-05-11,276.5212076392857,100.61192772465154
2017-05-12,280.2857142857143,178.82699797104755
2017-05-13,244.58112513,165.63262321256232
2017-05-14,244.91896820296296,87.36581432399691
2017-05-15,245.2568112759259,36.26062446995408
2017-05-16,245.5946543488889,13.916375251404022
2017-05-17,245.93249742185185,5.541091350866811
2017-05-18,246.2703404948148,3.0885024286488707
2017-05-19,246.60818356777776,3.9543104302227836
2017-05-20,246.94602664074074,8.755792360811165
2017-05-21,247.2838697137037,19.820047492469484
2017-05-22,247.62171278666665,32.72652294220951
2017-05-23,254.03326477182904,19.72080951648384
2017-05-24,260.44481675699143,8.49212817262797
2017-05-25,266.8563687421538,3.258943753253439
2017-05-26,273.2679207273162,1.2113270903282718
2017-05-27,279.67947271247857,0.4503884693152427
2017-05-28,286.091024697641,0.1767535620288236
2017-05-29,292.50257668280335,0.09499924103647221
2017-05-30,298.91412866796577,0.11642344468954663
2017-05-31,305.32568065312813,0.2642892665844673
2017-06-01,311.73723263829055,0.6990255325863859
2017-06-02,318.1487846234529,1.8899607452778824
2017-06-03,324.56033660861533,5.0890829749625475
2017-06-04,330.9718885937777,13.279468971104837
2017-06-05,337.38344057894005,31.0140477008091
2017-06-06,343.7949925641025,52.613114034331566
2017-06-07,293.10569879455124,36.957159550218265
2017-06-08,242.416405025,25.317201129480715
2017-06-09,244.23843171875,15.772898359464921
2017-06-10,246.0604584125,15.909478772355271
2017-06-11,247.88248510625002,28.269151363083097
2017-06-12,249.70451180000003,46.742859119952755
2017-06-13,331.70313309298245,37.236399571197865
2017-06-14,413.7017543859649,33.16738380022963
2017-06-15,326.99087719298245,25.625277777226714
2017-06-16,240.28,23.149240861998113
2017-06-17,798.8235294117646,8.502610627893857
2017-06-18,687.4588235294117,4.113695692539248
2017-06-19,576.0941176470587,6.4763051661862905
2017-06-20,464.7294117647059,16.610492385183537
2017-06-21,353.36470588235295,46.53959327501385
2017-06-22,242.0,128.20015639956347
2017-06-23,278.6646153846154,267.55146171948644
2017-06-24,294.9449084249084,165.03503099339892
2017-06-25,311.22520146520145,71.90779542285809
2017-06-26,327.5054945054945,29.552528680709813
2017-06-27,343.78578754578757,16.323720965994948
2017-06-28,360.0660805860806,19.986408935434874
2017-06-29,376.34637362637363,39.58210483910134
2017-06-30,392.62666666666667,65.05744677632522
2017-07-01,382.5983681688889,38.320580666324744
2017-07-02,372.5700696711111,16.268730579732825
2017-07-03,362.54177117333336,6.205461444539153
2017-07-04,352.51347267555553,2.2999197185757194
2017-07-05,342.48517417777776,0.8479251303079967
2017-07-06,332.45687568,0.3142080330984943
2017-07-07,322.4285771822222,0.12163546530606904
2017-07-08,312.40027868444446,0.061172658037918125
2017-07-09,302.37198018666663,0.06715175987499845
2017-07-10,292.34368168888886,0.14604502940632605
2017-07-11,282.3153831911111,0.3831197486705192
2017-07-12,272.2870846933333,1.029026504254098
2017-07-13,262.25878619555556,2.6969847835312883
2017-07-14,252.2304876977778,6.3561136905583
2017-07-15,242.2021892,10.77948155963071
2017-07-16,244.22221462307692,6.354874843522024
2017-07-17,246.24224004615385,2.6978531138501056
2017-07-18,248.26226546923078,1.03492401166655
2017-07-19,250.28229089230769,0.40091223925831876
2017-07-20,252.30231631538462,0.19513747133682605
2017-07-21,254.32234173846155,0.20087539059532653
2017-07-22,256.34236716153845,0.4247511511251306
2017-07-23,258.3623925846154,1.1096907700398035
2017-07-24,260.3824180076923,2.995692723222878
2017-07-25,262.40244343076927,8.07256899936756
2017-07-26,264.42246885384617,21.121045464300643
2017-07-27,266.4424942769231,49.39841780983532
2017-07-28,268.46251970000003,81.29285454554068
2017-07-29,242.31338584,37.780675628192974
2017-07-30,279.5951845202985,15.573480443849274
2017-07-31,316.876983200597,11.599381705965898
2017-08-01,354.1587818808955,18.421158954349185
2017-08-02,391.440580561194,29.25801718622368
2017-08-03,366.439909675995,17.385387536188226
2017-08-04,341.439238790796,8.354620924450042
2017-08-05,316.438567905597,5.963872646634154
2017-08-06,291.437897020398,9.518466460955855
2017-08-07,266.437226135199,20.502542710934776
2017-08-08,241.43655525,34.48495756427245
2017-08-09,259.6251854591346,20.206203164430214
2017-08-10,277.8138156682692,8.6537465386026
2017-08-11,296.00244587740383,3.6304397125218757
2017-08-12,314.1910760865385,2.2643160968448024
2017-08-13,332.3797062956731,3.3255747379682465
2017-08-14,350.5683365048077,7.8533775584821
2017-08-15,368.75696671394235,19.45622681262308
2017-08-16,386.94559692307695,42.31820853402366
2017-08-17,364.7954462024814,75.60198767846869
2017-08-18,342.64529548188585,159.37921646190648
2017-08-19,320.4951447612903,268.3241449887514
2017-08-20,343.07676317419356,161.19939554930895
2017-08-21,365.65838158709676,83.05772661598279
2017-08-22,388.24,56.9350823694653
2017-08-23,382.18,27.855854758259365
2017-08-24,376.12,11.597871992310385
2017-08-25,370.06,5.506538697212783
2017-08-26,364.0,5.159310833084371
2017-08-27,357.94,10.20548832498278
2017-08-28,351.88,23.85833879514173
2017-08-29,347.3823529411765,43.03177943807078
2017-08-30,335.2741681220915,25.40347435289165
2017-08-31,323.16598330300656,12.405988629597276
2017-09-01,311.0577984839216,9.65163220404717
2017-09-02,298.9496136648366,16.648866802295334
2017-09-03,286.8414288457516,37.057504057296455
2017-09-04,274.7332440266666,64.17499858575418
2017-09-05,263.5029498383333,37.5157124862758
2017-09-06,252.27265565,17.664513021303282
2017-09-07,522.5075099,11.835319909230112
2017-09-08,240.8506807111111,26.643916613659865
2017-09-09,250.6807733074074,45.82314117542662
2017-09-10,260.5108659037037,95.32041530693945
2017-09-11,270.3409585,157.20344822301405
2017-09-12,894.6,65.45054814775011
2017-09-13,247.79710146666665,39.887069818212304
2017-09-14,265.72199489882354,20.25813631843486
2017-09-15,283.6468883309804,11.407264199405033
2017-09-16,301.57178176313727,13.096632364421591
2017-09-17,319.49667519529413,26.00323227252754
2017-09-18,337.421568627451,45.737717675774846
2017-09-19,294.6379780137255,33.048353225095575
2017-09-20,251.8543874,26.188163917955666
2017-09-21,248.822606,11.728895069522569
2017-09-22,249.3394558,4.608523617661335
2017-09-23,249.8563056,2.282195787323126
2017-09-24,250.3731554,2.4522053400333705
2017-09-25,250.8900052,5.164624506443862
2017-09-26,251.406855,12.06306775883239
2017-09-27,251.9237048,21.30501721509823
2017-09-28,255.269754,12.43128302587939
2017-09-29,258.6158032,6.318047612551732
2017-09-30,261.9618524,5.633534370463702
2017-10-01,265.3079016,10.703383111621665
2017-10-02,268.6539508,24.66912955612038
2017-10-03,272.0,44.727304843971666
2017-10-04,262.6553655,32.79571097378349
2017-10-05,253.310731,27.494393396760152
2017-10-06,301.37554825,16.62810922970572
2017-10-07,349.4403655,14.92612688051958
2017-10-08,397.50518275,25.576502808220877
2017-10-09,445.57,42.84043870571725
2017-10-10,407.5996392,24.443850620786527
2017-10-11,369.6292784,11.596303454316084
2017-10-12,331.6589176,8.513539233156168
2017-10-13,293.6885568,13.102461754244278
2017-10-14,255.718196,21.49071899982007
2017-10-15,258.0095823,12.213163574344932
2017-10-16,260.3009686,5.782510657378127
2017-10-17,262.5923549,4.047241252307275
2017-10-18,264.8837412,4.628826603191812
2017-10-19,270.76529469971985,2.460890349970658
2017-10-20,276.6468481994398,1.0010649893218149
2017-10-21,282.52840169915964,0.37737894091588875
2017-10-22,288.4099551988795,0.14228771247287864
2017-10-23,294.2915086985994,0.060400509219395736
2017-10-24,300.1730621983193,0.04405074680679697
2017-10-25,306.0546156980392,0.07554397046204914
2017-10-26,311.93616919775906,0.18908626713954238
2017-10-27,317.817722697479,0.5079578544739546
2017-10-28,323.69927619719886,1.3777012400382287
2017-10-29,329.5808296969187,3.7285780233068815
2017-10-30,335.4623831966386,9.895264618090822
2017-10-31,341.3439366963585,24.07578437183173
2017-11-01,347.2254901960784,43.04055609856301
2017-11-02,415.2223039215686,24.060403211776382
2017-11-03,483.2191176470588,9.92536141354253
2017-11-04,551.215931372549,3.8658257859843554
2017-11-05,619.2127450980392,1.7776407488078136
2017-11-06,687.2095588235294,1.6112483763874736
2017-11-07,755.2063725490195,3.2699406681651286
2017-11-08,823.2031862745098,9.26073289480997
2017-11-09,891.2,29.62832663842828
2017-11-10,445.185,77.94281285306224
2017-11-11,506.20607075,46.75003272179521
2017-11-12,567.2271415,24.003051034574863
2017-11-13,628.24821225,20.45661615656723
2017-11-14,689.269283,26.829666818294488
2017-11-15,714.510622625,14.426762684808663
2017-11-16,739.75196225,5.882704487399559
2017-11-17,764.993301875,2.257698123728034
2017-11-18,790.2346415,0.9636128890883718
2017-11-19,815.475981125,0.7093996123847411
2017-11-20,840.71732075,1.2348090390607285
2017-11-21,865.958660375,3.188740602497896
2017-11-22,891.2,8.872523327242382
2017-11-23,266.5136,20.107640068850245
2017-11-24,290.8647366,12.275388957804314
2017-11-25,315.21587320000003,7.524336852988637
2017-11-26,339.56700980000005,9.506614667450824
2017-11-27,363.9181464,19.778716259084852
2017-11-28,388.26928300000003,35.94553298118149
2017-11-29,374.6076265751634,27.346191742832087
2017-11-30,360.9459701503268,30.43306860007162
2017-12-01,347.28431372549016,44.53444351855248
2017-12-02,354.56535947712416,24.097005771905618
2017-12-03,361.84640522875816,9.791962341737644
2017-12-04,369.12745098039215,3.6766883426247206
2017-12-05,376.4084967320261,1.3571326508551866
2017-12-06,383.6895424836601,0.49976233512459783
2017-12-07,390.9705882352941,0.18464951374531707
2017-12-08,398.2516339869281,0.07007366950934862
2017-12-09,405.5326797385621,0.03160836827586157
2017-12-10,412.8137254901961,0.027474721235555385
2017-12-11,420.09477124183,0.05318086825646741
2017-12-12,427.375816993464,0.13659752492954536
2017-12-13,434.656862745098,0.3672873399119728
2017-12-14,441.937908496732,0.9786661495718446
2017-12-15,449.218954248366,2.426257987927904
2017-12-16,456.5,4.639736240460638
2017-12-17,602.6666666666666,4.100149679845043
2017-12-18,748.8333333333333,5.708181981705217
2017-12-19,895.0,9.6691204969163
2017-12-20,683.1992478666667,8.988247416363778
2017-12-21,471.3984957333334,13.273104257574005
2017-12-22,259.5977436,21.781784713669815
2017-12-23,258.99742715,13.26787804890571
2017-12-24,258.3971107,9.33107811173289
2017-12-25,257.79679424999995,13.166583351620648
2017-12-26,257.19647779999997,21.37789322588678
2017-12-27,261.22826016666664,11.637897947525994
2017-12-28,265.2600425333333,4.728020311010561
2017-12-29,269.2918249,1.7756738207494538
2017-12-30,273.32360726666667,0.6583774499305575
2017-12-31,277.35538963333335,0.25066008386639926
2018-01-01,281.38717199999996,0.11494264209362728
2018-01-02,285.41895436666664,0.10406663201108828
2018-01-03,289.4507367333333,0.20632922354054295
2018-01-04,293.4825191,0.5348035577833545
2018-01-05,297.51430146666667,1.4772129423403781
2018-01-06,301.54608383333334,4.389348481508712
2018-01-07,305.5778662,14.275773084968405
2018-01-08,272.8505941631841,38.622232985045116
2018-01-09,271.1678128756219,21.998476717871277
2018-01-10,269.4850315880597,9.02296116700332
2018-01-11,267.8022503004975,3.403435613950383
2018-01-12,266.1194690129353,1.2861434851453513
2018-01-13,264.43668772537313,0.554341728581171
2018-01-14,262.75390643781094,0.42409317454250645
2018-01-15,261.07112515024875,0.7542108744325796
2018-01-16,259.38834386268655,1.8986861730929585
2018-01-17,257.70556257512436,5.024626066281121
2018-01-18,256.0227812875622,12.587479717097848
2018-01-19,254.34,25.236613741195846
2018-01-20,288.87666666666667,28.646413385336906
2018-01-21,323.4133333333333,50.04644550953976
2018-01-22,357.95,86.44567840780608
2018-01-23,305.3754754,52.80274459092236
2018-01-24,252.8009508,32.216653827725764
2018-01-25,260.54870900000003,15.038267822519083
2018-01-26,268.2964672,7.581160495492336
2018-01-27,276.0442254,7.592895094187186
2018-01-28,283.79198360000004,15.522658160870918
2018-01-29,291.5397418,36.83462748794269
2018-01-30,299.2875,68.1213869290588
2018-01-31,252.0,41.15813539400513
2018-02-01,269.7788385,17.171678120027263
2018-02-02,287.557677,5.977920259176032
2018-02-03,348.54037083846157,2.093016222421505
2018-02-04,409.52306467692307,0.7596319176520896
2018-02-05,470.5057585153846,0.2855487637847027
2018-02-06,531.4884523538461,0.1242706726639799
2018-02-07,592.4711461923077,0.09811856261537032
2018-02-08,653.4538400307692,0.1784907994001727
2018-02-09,714.4365338692307,0.4515285146648073
2018-02-10,775.4192277076922,1.1936424546364452
2018-02-11,836.4019215461539,2.950001050733531
2018-02-12,897.3846153846154,5.441256766875405
2018-02-13,848.8116106861538,2.9843085341990605
2018-02-14,800.2386059876923,1.3007488276360277
2018-02-15,751.6656012892308,0.7481739022041143
2018-02-16,703.0925965907693,0.9868910041859112
2018-02-17,654.5195918923077,2.2958734878983105
2018-02-18,605.9465871938462,6.093913834749802
2018-02-19,557.3735824953847,16.449941173783436
2018-02-20,508.8005777969231,43.78578425962811
2018-02-21,460.22757309846156,107.65666723951881
2018-02-22,411.6545684,193.44889402750277
2018-02-23,296.10063338888887,76.08970237692272
2018-02-24,294.02057005,25.30519172205796
2018-02-25,291.9405067111111,8.926598983614682
2018-02-26,289.8604433722222,3.4068434297789114
2018-02-27,287.7803800333333,1.687107099702664
2018-02-28,285.70031669444444,1.8054767459919405
2018-03-01,283.6202533555556,3.883180334469327
2018-03-02,281.54019001666666,10.149672639261267
2018-03-03,279.4601266777778,26.978011702868596
2018-03-04,277.3800633388889,67.01709526367559
2018-03-05,275.3,124.8976077223959
2018-03-06,329.90250788285715,66.80726499957844
2018-03-07,384.5050157657143,26.99658965534463
2018-03-08,439.10752364857143,10.639601927252734
2018-03-09,493.71003153142857,5.418994925386905
2018-03-10,548.3125394142858,6.059594880896544
2018-03-11,602.9150472971428,13.26705476405289
2018-03-12,657.51755518,34.75281457665507
2018-03-13,712.1200630628571,92.3589091161866
2018-03-14,766.7225709457143,230.32538644037948
2018-03-15,821.3250788285713,435.0057574370844
2018-03-16,791.0716312830635,227.153123226567
2018-03-17,760.8181837375557,90.85594823045157
2018-03-18,730.5647361920479,35.87252356250021
2018-03-19,700.3112886465401,18.30490763062783
2018-03-20,670.0578411010323,16.184907514355622
2018-03-21,611.1924352294562,7.952638608854047
2018-03-22,552.3270293578802,3.996293316092968
2018-03-23,493.4616234863042,3.9785412852569793
2018-03-24,434.5962176147281,8.244897280945853
2018-03-25,375.73081174315206,21.24008620006339
2018-03-26,316.86540587157606,53.789864927534595
2018-03-27,258.0,106.7430156258632
2018-03-28,296.6621285714286,67.33928074076057
2018-03-29,335.32425714285716,62.919190256843514
2018-03-30,373.98638571428575,116.24687754242088
2018-03-31,412.6485142857143,217.331895093078
2018-04-01,394.68756825396827,108.87924454719636
2018-04-02,376.72662222222226,42.535260595620876
2018-04-03,358.7656761904762,15.910787125505555
2018-04-04,340.8047301587302,6.204222240527693
2018-04-05,322.84378412698413,3.2208096027353035
2018-04-06,304.88283809523807,3.7319379803625643
2018-04-07,286.92189206349207,8.232606846658742
2018-04-08,268.96094603174606,20.528315523600497
2018-04-09,251.0,41.138329454886545
2018-04-10,384.5848,21.027125052079437
2018-04-11,518.1696,9.828167472260558
2018-04-12,651.7544,7.9100262071151635
2018-04-13,785.3392,11.222174842984884
2018-04-14,698.27136,6.306759009532319
2018-04-15,611.20352,4.943419082186538
2018-04-16,524.13568,8.624135881878797
2018-04-17,437.06784,20.551655637380325
2018-04-18,350.0,41.05266460957116
2018-04-19,402.77193548387095,20.567931541320643
2018-04-20,455.54387096774195,8.746213013618872
2018-04-21,508.3158064516129,5.320591186861556
2018-04-22,561.0877419354839,7.288004140445792
2018-04-23,613.8596774193549,13.007213258557618
2018-04-24,561.4883504864312,6.593319103753213
2018-04-25,509.11702355350747,3.186616520440266
2018-04-26,456.7456966205837,2.9143739832827253
2018-04-27,404.37436968766,5.785837176452943
2018-04-28,352.0030427547363,14.845463748560002
2018-04-29,299.6317158218126,38.2860429223829
2018-04-30,247.26038888888885,81.13721408339102
2018-05-01,257.0,68.52480294839843
2018-05-02,291.37536666666665,77.82060526045936
2018-05-03,325.75073333333336,126.58825867036093
2018-05-04,381.7142361111111,61.180310260636105
2018-05-05,437.6777388888889,23.948677200656846
2018-05-06,493.6412416666667,9.838533990381597
2018-05-07,549.6047444444445,6.251441957994804
2018-05-08,605.5682472222222,9.077557471661512
2018-05-09,661.53175,16.741992602686672
2018-05-10,579.772875,8.72170357839865
2018-05-11,498.014,4.88726240032152
2018-05-12,260.7142857142857,3.759704133005289
2018-05-13,196.7757142857143,1.8878469921782473
2018-05-14,132.83714285714285,1.3686152718850233
2018-05-15,68.89857142857144,2.1935269939423683
2018-05-16,4.96,4.137928402895947
2018-05-17,5.446750000000001,2.0276065568460693
2018-05-18,5.9335,0.8597494757820313
2018-05-19,6.420250000000001,0.5338180309570447
2018-05-20,6.907000000000002,0.7833209740281601
2018-05-21,7.393750000000002,1.8838441092823184
2018-05-22,7.880500000000002,5.038312395270009
2018-05-23,8.367250000000002,13.792858501821037
2018-05-24,8.854000000000003,38.48222267155246
2018-05-25,355.0,95.65120483936667
2018-05-26,377.5,46.95093761830664
2018-05-27,400.0,18.29722956440924
2018-05-28,422.5,7.268022820986382
2018-05-29,445.0,4.017402898691023
2018-05-30,467.5,4.957190454234622
2018-05-31,490.0,8.90491078490409
2018-06-01,458.4,5.950544249317835
2018-06-02,426.8,7.080991657075208
2018-06-03,395.2,15.64425866213121
2018-06-04,363.6,39.431872438367826
2018-06-05,332.0,81.48554327386468
2018-06-06,334.6852,39.17831737793723
2018-06-07,337.3704000000001,15.15005394854719
2018-06-08,340.0556000000001,5.891186525097823
2018-06-09,342.74080000000015,2.9184410783872394
2018-06-10,345.42600000000016,2.5882556235020386
2018-06-11,421.4380000000001,1.2639581930855919
2018-06-12,497.45,0.7132739536651271
2018-06-13,475.04166666666663,0.356388769426224
2018-06-14,452.6333333333333,0.30983176813745544
2018-06-15,430.225,0.5943801138322291
2018-06-16,407.81666666666666,1.5170120540213716
2018-06-17,385.4083333333333,3.9257142069211306
2018-06-18,363.0,8.225902642914813
2018-06-19,531.2013333333333,4.236324670003055
2018-06-20,699.4026666666666,2.4444344490856036
2018-06-21,867.6039999999998,2.647195150625668
2018-06-22,758.3319999999999,2.0832753841382705
2018-06-23,649.06,3.2824953097270297
2018-06-24,539.7879999999999,8.00568646055814
2018-06-25,430.51599999999996,21.23878243869635
2018-06-26,321.244,54.22137391917274
2018-06-27,340.75333333333333,108.43958972678878
2018-06-28,546.62216,81.92533308297429
2018-06-29,404.66875441860464,40.08975987110985
2018-06-30,262.7153488372093,25.68968729490252
2018-07-01,303.067511627907,11.073430141604925
2018-07-02,343.4196744186047,4.776574171039729
2018-07-03,383.77183720930236,3.3504574555685225
2018-07-04,424.124,4.450498888614754
2018-07-05,406.28053750000004,2.139379976116672
2018-07-06,388.43707500000005,1.0507126537049627
2018-07-07,370.5936125,1.030723562826505
2018-07-08,352.75015,2.126837682622625
2018-07-09,334.90668750000003,5.529386645856057
2018-07-10,317.063225,14.864741988025894
2018-07-11,299.2197625,38.81458645280217
2018-07-12,281.3763,81.99465623438132
2018-07-13,304.11761715686276,41.24906201218204
2018-07-14,326.8589343137255,22.618228608222996
2018-07-15,349.6002514705882,26.41525022969822
2018-07-16,372.34156862745095,48.37167087400993
2018-07-17,281.08099999999996,38.771748076986576
2018-07-18,273.2749333333333,22.526884385542072
2018-07-19,265.46886666666666,24.505594299472605
2018-07-20,257.6628,41.97165224406203
2018-07-21,284.9848602150538,19.57334275018681
2018-07-22,312.30692043010754,7.72860127236687
2018-07-23,339.62898064516133,3.6184539484235514
2018-07-24,366.95104086021513,3.403673752129315
2018-07-25,394.27310107526887,6.689349738809369
2018-07-26,421.59516129032266,14.044767775858103
2018-07-27,383.897533467742,10.86159433650667
2018-07-28,346.1999056451613,16.22634956255025
2018-07-29,308.50227782258065,37.76564635940167
2018-07-30,270.80465,80.05221676628247
2018-07-31,1034.0083333333334,44.288142192230396
2018-08-01,838.3793860364032,41.74535498881815
2018-08-02,642.7504387394729,81.31553328090855
2018-08-03,447.1214914425428,166.77516551827546
2018-08-04,431.41432762836183,77.94026733058135
2018-08-05,415.70716381418094,32.48195840201719
2018-08-06,400.0,18.248874138298017
2018-08-07,380.69939999999997,8.490083104694074
2018-08-08,361.3988,6.242265452522901
2018-08-09,342.0982,10.4207577523645
2018-08-10,322.7976,21.15069569129078
2018-08-11,322.83745,11.787655089115693
2018-08-12,322.8773,10.459314548398442
2018-08-13,322.91715,19.712286843976912
2018-08-14,322.957,40.79727718400642
2018-08-15,340.03713840155945,18.612940892142543
2018-08-16,357.1172768031189,7.150511731816073
2018-08-17,374.19741520467835,2.951813184133773
2018-08-18,391.2775536062378,1.9417332111824632
2018-08-19,408.35769200779725,3.0396803977017965
2018-08-20,425.43783040935676,7.435323345121857
2018-08-21,442.5179688109162,19.844486546372575
2018-08-22,459.59810721247567,52.366959295423
2018-08-23,476.6782456140351,115.18593376910668
2018-08-24,457.4505149122807,52.1424257659236
2018-08-25,438.22278421052636,19.725522522399178
2018-08-26,418.99505350877195,7.42023944071593
2018-08-27,399.76732280701754,3.1312888746123306
2018-08-28,380.5395921052632,2.2419098719632284
2018-08-29,361.3118614035088,3.7801152764168413
2018-08-30,342.08413070175436,9.207708679832814
2018-08-31,322.8564,20.22872435566993
2018-09-01,472.1423,9.10338098048235
2018-09-02,621.4282000000001,3.475787704896379
2018-09-03,770.7141,1.4083045429570331
2018-09-04,920.0,0.8058852224716202
2018-09-05,731.6477777777777,0.49295097297200774
2018-09-06,543.2955555555554,0.6450915504846672
2018-09-07,354.94333333333327,1.2363109890466963
2018-09-08,352.71346388888884,0.5531597060972377
2018-09-09,350.4835944444444,0.21208918443416966
2018-09-10,348.253725,0.08895238858725107
2018-09-11,346.02385555555554,0.062045980351773077
2018-09-12,343.7939861111111,0.10252218151300721
2018-09-13,341.5641166666667,0.25435059279670996
2018-09-14,339.3342472222222,0.6824218519007992
2018-09-15,337.10437777777776,1.851537350853525
2018-09-16,334.8745083333333,5.029963748700157
2018-09-17,332.6446388888889,13.63873852513642
2018-09-18,330.41476944444446,36.204738165978235
2018-09-19,328.1849,80.78264862858275
2018-09-20,329.42152000000004,36.355699465568165
2018-09-21,330.65814000000006,14.385605318600605
2018-09-22,331.89476,7.244502846240946
2018-09-23,333.13138000000004,7.949857798817802
2018-09-24,334.36800000000005,17.313160299567283
2018-09-25,296.17866000000004,45.10156163248265
2018-09-26,257.98932,101.69900999754377
2018-09-27,303.08166000000006,52.55346028250257
2018-09-28,348.1740000000001,40.319490425563885
2018-09-29,327.6548,61.22969913737666
2018-09-30,385.2767755281207,26.75155930030975
2018-10-01,442.8987510562414,10.438231917939182
2018-10-02,500.52072658436214,4.993943714437213
2018-10-03,558.1427021124828,4.992009995366166
2018-10-04,615.7646776406035,11.08472585211609
2018-10-05,344.62921810699584,35.131957030574945
2018-10-06,397.4438461538462,55.65385427575501
2018-10-07,352.75374358974364,25.225319167251516
2018-10-08,308.06364102564106,12.590177000342289
2018-10-09,263.3735384615385,13.204452158679066
2018-10-10,218.68343589743594,27.65995311904028
2018-10-11,173.99333333333337,60.80953952695741
2018-10-12,201.14304438572046,26.705838076535343
2018-10-13,228.29275543810755,10.423129219919423
2018-10-14,255.4424664904946,5.0095256260462895
2018-10-15,282.5921775428817,5.021060827683117
2018-10-16,309.7418885952688,10.35900008257886
2018-10-17,336.8915996476559,23.76755043275827
2018-10-18,334.4303030303031,23.54072491185551
2018-10-19,377.71515151515155,31.424623976199907
2018-10-20,421.00000000000006,61.46413819964619
2018-10-21,419.3323317307693,26.54425847997297
2018-10-22,417.6646634615385,9.915226560897267
2018-10-23,415.99699519230774,3.6517524554060268
2018-10-24,414.32932692307696,1.3447977688537665
2018-10-25,412.6616586538462,0.49833683316682437
2018-10-26,410.9939903846154,0.19314728248036914
2018-10-27,409.32632211538464,0.09774630546606432
2018-10-28,407.65865384615387,0.10851280205308586
2018-10-29,405.9909855769231,0.2371388676505502
2018-10-30,404.3233173076923,0.6233179650785983
2018-10-31,402.65564903846155,1.6863907447913278
2018-11-01,400.9879807692308,4.580195290087933
2018-11-02,399.3203125,12.441422242731145
2018-11-03,397.6526442307692,33.739928119362446
2018-11-04,395.98497596153845,90.18145159798024
2018-11-05,394.3173076923077,209.18927193519417
2018-11-06,391.290125019425,89.43410491800549
2018-11-07,388.26294234654233,33.32526269230094
2018-11-08,385.23575967365963,12.268833920292492
2018-11-09,382.208577000777,4.513592682975789
2018-11-10,379.1813943278943,1.6604598515683324
2018-11-11,376.15421165501164,0.6108497391140839
2018-11-12,373.12702898212893,0.22472091339297426
2018-11-13,370.0998463092463,0.08267523985376893
2018-11-14,367.0726636363636,0.030428209689744617
2018-11-15,364.04548096348094,0.01123112228540102
2018-11-16,361.01829829059824,0.004232844811919401
2018-11-17,357.99111561771554,0.0018321193196346897
2018-11-18,354.9639329448329,0.0014213707314244105
2018-11-19,351.9367502719502,0.0025544596294569955
2018-11-20,348.90956759906754,0.006462101739862314
2018-11-21,345.88238492618484,0.017388615121898293
2018-11-22,342.8552022533022,0.047201870183094616
2018-11-23,339.8280195804195,0.12828316948613108
2018-11-24,336.80083690753685,0.3486880522290481
2018-11-25,333.77365423465415,0.9472553499134589
2018-11-26,330.7464715617715,2.5471370900317676
2018-11-27,327.7192888888888,6.028412154703564
2018-11-28,327.8883772203547,2.5465273290106474
2018-11-29,328.0574655518206,0.9469199639722374
2018-11-30,328.2265538832865,0.3485480989457811
2018-12-01,328.3956422147524,0.12822636482316951
2018-12-02,328.56473054621836,0.047171871266715654
2018-12-03,328.73381887768426,0.017353561871076804
2018-12-04,328.90290720915016,0.00638401865414611
2018-12-05,329.07199554061606,0.002348549239876562
2018-12-06,329.24108387208196,0.0008639830497587931
2018-12-07,329.41017220354786,0.00031784178590613967
2018-12-08,329.57926053501376,0.0001169279597749056
2018-12-09,329.74834886647966,4.301675488807114e-05
2018-12-10,329.91743719794556,1.582868310583284e-05
2018-12-11,330.0865255294115,5.8331138623899754e-06
2018-12-12,330.2556138608774,2.1732469776050562e-06
2018-12-13,330.4247021923433,8.738767892212678e-07
2018-12-14,330.5937905238092,5.236777237016783e-07
2018-12-15,330.7628788552751,7.422771194034938e-07
2018-12-16,330.931967186741,1.767109173394596e-06
2018-12-17,331.1010555182069,4.711306769797535e-06
2018-12-18,331.2701438496728,1.2772743302064556e-05
2018-12-19,331.4392321811387,3.470743886553455e-05
2018-12-20,331.6083205126046,9.43400099202667e-05
2018-12-21,331.7774088440706,0.00025644104317425485
2018-12-22,331.9464971755365,0.000697078385128056
2018-12-23,332.1155855070024,0.001894855120613582
2018-12-24,332.2846738384683,0.005150748989166294
2018-12-25,332.4537621699342,0.014001178713836167
2018-12-26,332.6228505014001,0.038059085857215416
2018-12-27,332.791938832866,0.10345485005127135
2018-12-28,332.9610271643319,0.28121595601744726
2018-12-29,333.1301154957978,0.7643984915736157
2018-12-30,333.29920382726374,2.077659731661005
2018-12-31,333.46829215872964,5.646172717365701
2019-01-01,333.63738049019554,15.330543828448457
2019-01-02,333.80646882166144,41.21508667617135
2019-01-03,333.97555715312734,98.45912614718993
2019-01-04,331.41624730409774,53.76343243661806
2019-01-05,352.27598948585734,55.17785639395432
2019-01-06,373.13573166761694,114.73388142541219
2019-01-07,393.99547384937654,263.56711724411315
2019-01-08,383.4400690747581,108.85148112957035
2019-01-09,372.88466430013966,40.13720706886722
2019-01-10,362.32925952552125,14.288136735536392
2019-01-11,358.45914210400196,5.746559706132299
2019-01-12,354.5890246824826,3.5319641243880544
2019-01-13,350.7189072609633,5.153976904087495
2019-01-14,346.848789839444,12.365097385076163
2019-01-15,342.97867241792466,32.7912401833169
2019-01-16,339.10855499640536,80.32298132814252
2019-01-17,340.9869271434691,32.79666274141237
2019-01-18,342.86529929053285,12.654158260791306
2019-01-19,344.7436714375966,6.084346637212628
2019-01-20,346.62204358466033,6.117773286122411
2019-01-21,348.50041573172405,12.7337937114557
2019-01-22,350.3787878787878,30.26646800073921
2019-01-23,396.78030303030295,12.21200489154002
2019-01-24,443.18181818181813,4.547506341376119
2019-01-25,489.58333333333326,1.7679904813582947
2019-01-26,535.9848484848484,0.9081810495548587
2019-01-27,582.3863636363635,1.0348010584569864
2019-01-28,628.7878787878788,2.285398429114494
2019-01-29,675.1893939393939,6.018676642168728
2019-01-30,721.590909090909,16.27820885070725
2019-01-31,333.2902892561983,41.81909455409731
2019-02-01,326.68302341597797,18.59153314307453
2019-02-02,320.0757575757576,11.247650112858004
2019-02-03,333.487829999458,4.311237355557008
2019-02-04,346.89990242315827,1.5892384999895475
2019-02-05,360.3119748468586,0.5851154197081518
2019-02-06,373.7240472705589,0.2164346449189829
2019-02-07,387.13611969425926,0.08283611216486463
2019-02-08,400.54819211795956,0.03921087880934098
2019-02-09,413.9602645416599,0.03817488300686403
2019-02-10,427.3723369653602,0.07860267344907665
2019-02-11,440.78440938906056,0.20440392033172408
2019-02-12,454.1964818127609,0.552207432059644
2019-02-13,467.6085542364612,1.4995462360102194
2019-02-14,481.0206266601615,4.059371280756609
2019-02-15,494.43269908386185,10.127812983450866
2019-02-16,476.60768254043506,4.345700150546976
2019-02-17,458.7826659970083,2.3871234267098207
2019-02-18,440.9576494535815,3.005194751547943
2019-02-19,423.1326329101547,6.8851101002129464
2019-02-20,405.3076163667279,18.228480811823292
2019-02-21,387.48259982330114,49.121195476846694
2019-02-22,369.65758327987436,122.83739650711193
2019-02-23,358.3397639125194,50.23521465102258
2019-02-24,347.0219445451644,22.323150958661707
2019-02-25,335.70412517780943,19.054216518634238
2019-02-26,571.3608345187292,52.62811752478837
2019-02-27,369.65758327987436,117.99361186063364
2019-02-28,732.9558660828011,47.80929362929936
2019-03-01,1096.2541488857278,20.842331616626304
2019-03-02,1050.6302611565768,7.765258723997217
2019-03-03,1005.006373427426,2.8642689614409838
2019-03-04,959.3824856982751,1.0711710746245342
2019-03-05,913.7585979691243,0.4415093378817752
2019-03-06,868.1347102399734,0.29108753259282294
2019-03-07,822.5108225108224,0.4313317145683115
2019-03-08,815.5122127324029,0.16820402108070884
2019-03-09,808.5136029539833,0.062282887508605146
2019-03-10,801.5149931755637,0.023706933261677842
2019-03-11,794.5163833971442,0.01087858355880777
2019-03-12,787.5177736187246,0.009866123544371394
2019-03-13,780.519163840305,0.019569867570695443
2019-03-14,773.5205540618854,0.05052965939616531
2019-03-15,766.5219442834658,0.13637292045352997
2019-03-16,759.5233345050463,0.3703399754786506
2019-03-17,752.5247247266267,1.0065619947958906
2019-03-18,745.5261149482071,2.736130325694312
2019-03-19,738.5275051697876,7.440070646518061
2019-03-20,731.528895391368,20.413406171045235
2019-03-21,692.671320262026,62.02800538778891
2019-03-22,653.8137451326841,170.0000592577472
2019-03-23,614.9561700033421,436.56830159110996
2019-03-24,588.8373698486464,167.4541469746366
2019-03-25,562.7185696939507,62.31382525616423
2019-03-26,536.5997695392551,24.7276137194102
2019-03-27,510.48096938455944,13.985772433641367
2019-03-28,484.36216922986375,18.413939681430048
2019-03-29,458.24336907516806,42.767044087373414
2019-03-30,432.1245689204724,112.51300659484156
2019-03-31,432.1245689204724,41.58350668256366
