2017-01-02,135.0,1.1110355091971217e-08
2017-01-03,135.0,9.00281397754073e-05
2017-01-04,135.0,0.09872784326934365
2017-01-05,135.0,14.652511110987342
2017-01-06,135.0,294.3035529371539
2017-01-07,135.0,800.0
2017-01-08,136.52571479019608,294.3035529371539
2017-01-09,138.05142958039215,14.652511110987342
2017-01-10,139.57714437058823,0.09872784326934365
2017-01-11,141.1028591607843,9.00281397754073e-05
2017-01-12,142.62857395098038,1.1110355091971217e-08
2017-01-13,144.15428874117646,1.8556182641948556e-13
2017-01-14,145.68000353137253,4.194308530690771e-19
2017-01-15,147.2057183215686,1.2830487124389103e-25
2017-01-16,148.73143311176472,5.311741759664588e-33
2017-01-17,150.2571479019608,2.976060780816669e-41
2017-01-18,151.78286269215687,2.2566160707681082e-50
2017-01-19,153.30857748235294,2.3157122493186403e-60
2017-01-20,154.83429227254902,3.216048172594684e-71
2017-01-21,156.3600070627451,6.044655215769569e-83
2017-01-22,157.88572185294117,1.5375581822590792e-95
2017-01-23,159.41143664313725,5.293008845367588e-109
2017-01-24,160.93715143333333,7.089613602982925e-123
2017-01-25,162.4628662235294,9.924391585064227e-109
2017-01-26,163.98858101372548,2.8829215917357737e-95
2017-01-27,165.51429580392156,1.1333728529567941e-82
2017-01-28,167.04001059411763,6.030090323615033e-71
2017-01-29,168.56572538431374,4.3419604674724504e-60
2017-01-30,170.09144017450978,4.2311551326902026e-50
2017-01-31,171.6171549647059,5.580113964031255e-41
2017-02-01,173.14286975490194,9.959515799371102e-33
2017-02-02,174.66858454509804,2.4057163358229567e-25
2017-02-03,176.19429933529412,7.864328495045196e-19
2017-02-04,177.7200141254902,3.479284245365354e-13
2017-02-05,179.24572891568627,2.083191579744603e-08
2017-02-06,180.77144370588235,0.00016880276207888867
2017-02-07,182.29715849607842,0.18511470613001935
2017-02-08,183.8228732862745,27.473458333101267
2017-02-09,185.34858807647058,551.8191617571636
2017-02-10,186.87430286666665,1500.0
2017-02-11,186.97198090208332,551.8191617571636
2017-02-12,187.06965893749998,27.473458333101267
2017-02-13,187.16733697291664,0.18511470613001935
2017-02-14,187.2650150083333,0.00016880276207888867
2017-02-15,187.36269304375,2.083191579744603e-08
2017-02-16,187.46037107916666,3.479284245365354e-13
2017-02-17,187.55804911458333,7.864328495045196e-19
2017-02-18,187.65572715,2.4057163358229567e-25
2017-02-19,187.75340518541665,9.959515799371102e-33
2017-02-20,187.85108322083332,5.580113964031255e-41
2017-02-21,187.94876125624998,4.2311551326902026e-50
2017-02-22,188.04643929166667,4.3419604674724504e-60
2017-02-23,188.14411732708334,6.030090323615033e-71
2017-02-24,188.2417953625,1.1333728529567941e-82
2017-02-25,188.33947339791666,2.8829215917357737e-95
2017-02-26,188.43715143333333,1.2570896007748023e-108
2017-02-27,188.53482946875,7.687790911295396e-96
2017-02-28,188.63250750416665,3.0223276078847845e-83
2017-03-01,188.73018553958332,1.608024086297342e-71
2017-03-02,188.82786357499998,1.1578561246593202e-60
2017-03-03,188.92554161041667,1.1283080353840541e-50
2017-03-04,189.02321964583334,1.4880303904083345e-41
2017-03-05,189.12089768125,2.655870879832294e-33
2017-03-06,189.21857571666666,6.415243562194551e-26
2017-03-07,189.31625375208333,2.0971542653453856e-19
2017-03-08,189.4139317875,9.278091320974278e-14
2017-03-09,189.51160982291665,5.555177545985608e-09
2017-03-10,189.60928785833335,4.501406988770365e-05
2017-03-11,189.70696589375,0.04936392163467183
2017-03-12,189.80464392916667,7.326255555493671
2017-03-13,189.90232196458334,147.15177646857694
2017-03-14,190.0,400.0
2017-03-15,190.03030303030303,147.15177646857694
2017-03-16,190.06060606060606,7.326255555493671
2017-03-17,190.0909090909091,0.04936392163467183
2017-03-18,190.12121212121212,4.501406988770365e-05
2017-03-19,190.15151515151516,5.555177545985608e-09
2017-03-20,190.1818181818182,9.278091320974278e-14
2017-03-21,190.21212121212122,2.0971542653453856e-19
2017-03-22,190.24242424242425,6.415243562194551e-26
2017-03-23,190.27272727272728,2.655870879832294e-33
2017-03-24,190.3030303030303,1.4880303904083345e-41
2017-03-25,190.33333333333334,1.1283080353840541e-50
2017-03-26,190.36363636363637,1.1578561246593202e-60
2017-03-27,190.3939393939394,1.608024086297342e-71
2017-03-28,190.42424242424244,3.0223276078847845e-83
2017-03-29,190.45454545454547,7.687790911295396e-96
2017-03-30,190.4848484848485,2.646504422683794e-109
2017-03-31,190.5151515151515,1.2329762787796392e-123
2017-04-01,190.54545454545453,7.774059400197171e-139
2017-04-02,190.57575757575756,6.633641910724581e-155
2017-04-03,190.6060606060606,7.660678386856023e-172
2017-04-04,190.63636363636363,1.197273780904077e-189
2017-04-05,190.66666666666666,2.5323909344842366e-208
2017-04-06,190.6969696969697,7.24901610317597e-228
2017-04-07,190.72727272727272,2.808267119401894e-248
2017-04-08,190.75757575757575,1.4723423419207201e-269
2017-04-09,190.78787878787878,1.0446967045136222e-291
2017-04-10,190.8181818181818,1.0031888316e-314
2017-04-11,190.84848484848484,0.0
2017-04-12,190.87878787878788,0.0
2017-04-13,190.9090909090909,0.0
2017-04-14,190.93939393939394,0.0
2017-04-15,190.96969696969697,0.0
2017-04-16,191.0,0.0
2017-04-17,191.03030303030303,0.0
2017-04-18,191.06060606060606,0.0
2017-04-19,191.0909090909091,0.0
2017-04-20,191.12121212121212,0.0
2017-04-21,191.15151515151516,0.0
2017-04-22,191.1818181818182,0.0
2017-04-23,191.21212121212122,0.0
2017-04-24,191.24242424242425,0.0
2017-04-25,191.27272727272728,0.0
2017-04-26,191.3030303030303,0.0
2017-04-27,191.33333333333334,0.0
2017-04-28,191.36363636363637,0.0
2017-04-29,191.3939393939394,0.0
2017-04-30,191.42424242424244,0.0
2017-05-01,191.45454545454547,0.0
2017-05-02,191.4848484848485,0.0
2017-05-03,191.5151515151515,0.0
2017-05-04,191.54545454545453,0.0
2017-05-05,191.57575757575756,0.0
2017-05-06,191.6060606060606,0.0
2017-05-07,191.63636363636363,0.0
2017-05-08,191.66666666666666,0.0
2017-05-09,191.6969696969697,0.0
2017-05-10,191.72727272727272,0.0
2017-05-11,191.75757575757575,0.0
2017-05-12,191.78787878787878,0.0
2017-05-13,191.8181818181818,0.0
2017-05-14,191.84848484848484,0.0
2017-05-15,191.87878787878788,0.0
2017-05-16,191.9090909090909,0.0
2017-05-17,191.93939393939394,0.0
2017-05-18,191.96969696969697,0.0
2017-05-19,192.0,0.0
2017-05-20,192.03030303030303,0.0
2017-05-21,192.06060606060606,0.0
2017-05-22,192.0909090909091,0.0
2017-05-23,192.12121212121212,0.0
2017-05-24,192.15151515151516,0.0
2017-05-25,192.1818181818182,0.0
2017-05-26,192.21212121212122,0.0
2017-05-27,192.24242424242425,0.0
2017-05-28,192.27272727272728,0.0
2017-05-29,192.3030303030303,0.0
2017-05-30,192.33333333333334,0.0
2017-05-31,192.36363636363637,0.0
2017-06-01,192.3939393939394,0.0
2017-06-02,192.42424242424244,0.0
2017-06-03,192.45454545454547,0.0
2017-06-04,192.4848484848485,0.0
2017-06-05,192.5151515151515,0.0
2017-06-06,192.54545454545453,0.0
2017-06-07,192.57575757575756,0.0
2017-06-08,192.6060606060606,0.0
2017-06-09,192.63636363636363,0.0
2017-06-10,192.66666666666666,0.0
2017-06-11,192.6969696969697,0.0
2017-06-12,192.72727272727272,0.0
2017-06-13,192.75757575757575,0.0
2017-06-14,192.78787878787878,0.0
2017-06-15,192.8181818181818,0.0
2017-06-16,192.84848484848484,0.0
2017-06-17,192.87878787878788,0.0
2017-06-18,192.9090909090909,0.0
2017-06-19,192.93939393939394,0.0
2017-06-20,192.96969696969697,0.0
2017-06-21,193.0,0.0
2017-06-22,193.03030303030303,0.0
2017-06-23,193.06060606060606,0.0
2017-06-24,193.0909090909091,0.0
2017-06-25,193.12121212121212,0.0
2017-06-26,193.15151515151516,0.0
2017-06-27,193.1818181818182,0.0
2017-06-28,193.21212121212122,0.0
2017-06-29,193.24242424242425,0.0
2017-06-30,193.27272727272728,0.0
2017-07-01,193.3030303030303,0.0
2017-07-02,193.33333333333334,0.0
2017-07-03,193.36363636363637,0.0
2017-07-04,193.3939393939394,0.0
2017-07-05,193.42424242424244,0.0
2017-07-06,193.45454545454547,0.0
2017-07-07,193.4848484848485,0.0
2017-07-08,193.5151515151515,0.0
2017-07-09,193.54545454545453,0.0
2017-07-10,193.57575757575756,0.0
2017-07-11,193.6060606060606,0.0
2017-07-12,193.63636363636363,0.0
2017-07-13,193.66666666666666,0.0
2017-07-14,193.6969696969697,0.0
2017-07-15,193.72727272727272,0.0
2017-07-16,193.75757575757575,0.0
2017-07-17,193.78787878787878,0.0
2017-07-18,193.8181818181818,0.0
2017-07-19,193.84848484848484,0.0
2017-07-20,193.87878787878788,0.0
2017-07-21,193.9090909090909,0.0
2017-07-22,193.93939393939394,0.0
2017-07-23,193.96969696969697,0.0
2017-07-24,194.0,0.0
2017-07-25,194.03030303030303,0.0
2017-07-26,194.06060606060606,0.0
2017-07-27,194.0909090909091,0.0
2017-07-28,194.12121212121212,0.0
2017-07-29,194.15151515151516,0.0
2017-07-30,194.1818181818182,1.0658881335e-314
2017-07-31,194.21212121212122,1.1099902485457235e-291
2017-08-01,194.24242424242425,1.5643637382907653e-269
2017-08-02,194.27272727272728,2.9837838143645124e-248
2017-08-03,194.3030303030303,7.702079609624467e-228
2017-08-04,194.33333333333334,2.6906653678895014e-208
2017-08-05,194.36363636363637,1.272103392210582e-189
2017-08-06,194.3939393939394,8.139470786034525e-172
2017-08-07,194.42424242424244,7.048244530144867e-155
2017-08-08,194.45454545454547,8.259938112709494e-139
2017-08-09,194.4848484848485,1.3100372962033666e-123
2017-08-10,194.5151515151515,2.811910949101531e-109
2017-08-11,194.54545454545453,8.16827784325136e-96
2017-08-12,194.57575757575756,3.2112230833775834e-83
2017-08-13,194.6060606060606,1.708525591690926e-71
2017-08-14,194.63636363636363,1.2302221324505276e-60
2017-08-15,194.66666666666666,1.1988272875955574e-50
2017-08-16,194.6969696969697,1.5810322898088554e-41
2017-08-17,194.72727272727272,2.8218628098218123e-33
2017-08-18,194.75757575757575,6.816196284831711e-26
2017-08-19,194.78787878787878,2.228226406929472e-19
2017-08-20,194.8181818181818,9.857972028535171e-14
2017-08-21,194.84848484848484,5.902376142609709e-09
2017-08-22,194.87878787878788,4.7827449255685124e-05
2017-08-23,194.9090909090909,0.05244916673683881
2017-08-24,194.93939393939394,7.784146527712026
2017-08-25,194.96969696969697,156.348762497863
2017-08-26,195.0,425.0
2017-08-27,196.14529914529913,156.348762497863
2017-08-28,197.2905982905983,7.784146527712026
2017-08-29,198.43589743589743,0.05244916673683881
2017-08-30,199.58119658119656,4.7827449255685124e-05
2017-08-31,200.72649572649573,5.902376142609709e-09
2017-09-01,201.87179487179486,9.857972028535171e-14
2017-09-02,203.017094017094,2.228226406929472e-19
2017-09-03,204.16239316239316,6.816196284831711e-26
2017-09-04,205.3076923076923,2.8218628098218123e-33
2017-09-05,206.45299145299145,1.5810322898088554e-41
2017-09-06,207.5982905982906,1.1988272875955574e-50
2017-09-07,208.74358974358972,1.2302221324505276e-60
2017-09-08,209.88888888888889,1.708525591690926e-71
2017-09-09,211.03418803418802,3.2112230833775834e-83
2017-09-10,212.17948717948715,8.16827784325136e-96
2017-09-11,213.32478632478632,2.811910949101531e-109
2017-09-12,214.47008547008545,1.3100372962033666e-123
2017-09-13,215.61538461538458,8.259938112709494e-139
2017-09-14,216.76068376068375,7.048244530144867e-155
2017-09-15,217.90598290598288,4.975231433043436e-155
2017-09-16,219.05128205128204,5.830544550147879e-139
2017-09-17,220.19658119658118,9.247322090847294e-124
2017-09-18,221.3418803418803,1.9848783170128456e-109
2017-09-19,222.48717948717947,5.765843183471547e-96
2017-09-20,223.6324786324786,2.2667457059135883e-83
2017-09-21,224.77777777777774,1.2060180647230066e-71
2017-09-22,225.9230769230769,8.683920934944901e-61
2017-09-23,227.06837606837604,8.462310265380406e-51
2017-09-24,228.21367521367517,1.1160227928062508e-41
2017-09-25,229.35897435897434,1.9919031598742205e-33
2017-09-26,230.50427350427347,4.811432671645914e-26
2017-09-27,231.64957264957263,1.5728656990090392e-19
2017-09-28,232.79487179487177,6.958568490730709e-14
2017-09-29,233.9401709401709,4.166383159489206e-09
2017-09-30,235.08547008547004,3.3760552415777735e-05
2017-10-01,236.2307692307692,0.037022941226003865
2017-10-02,237.37606837606833,5.494691666620254
2017-10-03,238.5213675213675,110.3638323514327
2017-10-04,239.66666666666663,300.0
2017-10-05,229.58333333333331,110.3638323514327
2017-10-06,219.49999999999997,5.494691666620323
2017-10-07,209.41666666666663,0.03702294539238703
2017-10-08,199.33333333333331,6.752110483155547e-05
2017-10-09,189.25,0.03702294539238703
2017-10-10,179.16666666666666,5.494691666620323
2017-10-11,169.08333333333331,110.3638323514327
2017-10-12,159.0,300.0
2017-10-13,161.57142857142858,110.3638323514327
2017-10-14,164.14285714285714,5.494691666620254
2017-10-15,166.71428571428572,0.037022941226003865
2017-10-16,169.28571428571428,3.3760552415777735e-05
2017-10-17,171.85714285714286,4.166383159489206e-09
2017-10-18,174.42857142857144,6.958568490737524e-14
2017-10-19,177.0,3.8010921059385114e-19
2017-10-20,179.57142857142858,9.857972028539982e-14
2017-10-21,182.14285714285714,5.902376142609709e-09
2017-10-22,184.71428571428572,4.7827449255685124e-05
2017-10-23,187.28571428571428,0.05244916673683881
2017-10-24,189.85714285714286,7.784146527712026
2017-10-25,192.42857142857144,156.348762497863
2017-10-26,195.0,425.0
2017-10-27,194.45454545454547,156.348762497863
2017-10-28,193.9090909090909,7.784146527712026
2017-10-29,193.36363636363637,0.05244916673683881
2017-10-30,192.8181818181818,4.7827449255685124e-05
2017-10-31,192.27272727272728,5.902376142609709e-09
2017-11-01,191.72727272727272,9.857972028535171e-14
2017-11-02,191.1818181818182,2.228226406929472e-19
2017-11-03,190.63636363636363,6.816196284831711e-26
2017-11-04,190.0909090909091,2.8218628098218123e-33
2017-11-05,189.54545454545453,1.5810322898088554e-41
2017-11-06,189.0,1.1988272875955574e-50
2017-11-07,188.45454545454547,1.2302221324505276e-60
2017-11-08,187.9090909090909,1.708525591690926e-71
2017-11-09,187.36363636363637,3.2112230833775834e-83
2017-11-10,186.8181818181818,8.16827784325136e-96
2017-11-11,186.27272727272728,2.811910949101531e-109
2017-11-12,185.72727272727272,1.3100372962033666e-123
2017-11-13,185.1818181818182,8.259938112709494e-139
2017-11-14,184.63636363636363,7.048244530144867e-155
2017-11-15,184.0909090909091,8.139470786034525e-172
2017-11-16,183.54545454545456,1.272103392210582e-189
2017-11-17,183.0,2.6906653678895014e-208
2017-11-18,182.45454545454547,7.702079609624467e-228
2017-11-19,181.9090909090909,2.9837838143645124e-248
2017-11-20,181.36363636363637,1.5643637382907653e-269
2017-11-21,180.8181818181818,1.1099902485457235e-291
2017-11-22,180.27272727272728,1.0658881335e-314
2017-11-23,179.72727272727272,0.0
2017-11-24,179.1818181818182,0.0
2017-11-25,178.63636363636363,0.0
2017-11-26,178.0909090909091,0.0
2017-11-27,177.54545454545456,0.0
2017-11-28,177.0,0.0
2017-11-29,176.45454545454547,0.0
2017-11-30,175.9090909090909,0.0
2017-12-01,175.36363636363637,0.0
2017-12-02,174.8181818181818,0.0
2017-12-03,174.27272727272728,0.0
2017-12-04,173.72727272727272,0.0
2017-12-05,173.1818181818182,0.0
2017-12-06,172.63636363636363,0.0
2017-12-07,172.0909090909091,0.0
2017-12-08,171.54545454545456,0.0
2017-12-09,171.0,0.0
2017-12-10,170.45454545454547,0.0
2017-12-11,169.9090909090909,0.0
2017-12-12,169.36363636363637,0.0
2017-12-13,168.8181818181818,0.0
2017-12-14,168.27272727272728,0.0
2017-12-15,167.72727272727272,0.0
2017-12-16,167.1818181818182,0.0
2017-12-17,166.63636363636363,0.0
2017-12-18,166.0909090909091,0.0
2017-12-19,165.54545454545456,0.0
2017-12-20,165.0,0.0
2017-12-21,164.45454545454547,0.0
2017-12-22,163.9090909090909,0.0
2017-12-23,163.36363636363637,0.0
2017-12-24,162.8181818181818,0.0
2017-12-25,162.27272727272728,0.0
2017-12-26,161.72727272727272,0.0
2017-12-27,161.1818181818182,0.0
2017-12-28,160.63636363636363,0.0
2017-12-29,160.0909090909091,0.0
2017-12-30,159.54545454545456,0.0
2017-12-31,159.0,0.0
2018-01-01,158.45454545454547,0.0
2018-01-02,157.9090909090909,0.0
2018-01-03,157.36363636363637,0.0
2018-01-04,156.8181818181818,0.0
2018-01-05,156.27272727272728,0.0
2018-01-06,155.72727272727275,0.0
2018-01-07,155.1818181818182,0.0
2018-01-08,154.63636363636363,0.0
2018-01-09,154.0909090909091,0.0
2018-01-10,153.54545454545456,0.0
2018-01-11,153.0,0.0
2018-01-12,152.45454545454547,0.0
2018-01-13,151.9090909090909,0.0
2018-01-14,151.36363636363637,0.0
2018-01-15,150.8181818181818,0.0
2018-01-16,150.27272727272728,0.0
2018-01-17,149.72727272727275,1.50478327e-314
2018-01-18,149.1818181818182,1.5670450804753408e-291
2018-01-19,148.63636363636363,2.20851354628957e-269
2018-01-20,148.0909090909091,4.212400742824409e-248
2018-01-21,147.54545454545456,1.087352431924926e-227
2018-01-22,147.0,3.7985864591880973e-208
2018-01-23,146.45454545454547,1.795910698523105e-189
2018-01-24,145.9090909090909,1.1491017754110249e-171
2018-01-25,145.36363636363637,9.9504630166089e-155
2018-01-26,144.8181818181818,1.1661089276694666e-138
2018-01-27,144.27272727272728,1.849464446146563e-123
2018-01-28,143.72727272727275,3.9697566940767492e-109
2018-01-29,143.1818181818182,1.153168654138451e-95
2018-01-30,142.63636363636363,4.5334914804059285e-83
2018-01-31,142.0909090909091,2.4120361659332177e-71
2018-02-01,141.54545454545456,1.736784213261555e-60
2018-02-02,141.0,1.6924620786781888e-50
2018-02-03,140.45454545454547,2.2320456193769642e-41
2018-02-04,139.9090909090909,3.9838063800120306e-33
2018-02-05,139.36363636363637,9.622865488858244e-26
2018-02-06,138.8181818181818,3.1457314456039925e-19
2018-02-07,138.27272727272728,1.3917137191987875e-13
2018-02-08,137.72727272727275,8.332766445029321e-09
2018-02-09,137.1818181818182,6.752110585295657e-05
2018-02-10,136.63636363636363,0.07404588357211003
2018-02-11,136.0909090909091,10.989383499477409
2018-02-12,135.54545454545456,220.72766803356686
2018-02-13,135.0,600.0
2018-02-14,140597.42740000002,220.7263210019981
2018-02-15,281059.85480000003,10.962327480929462
2018-02-16,421522.2822,0.0005
2018-02-17,417921.4839222222,-0.02698849744311485
2018-02-18,414320.6856444445,-0.00134703151249321
2018-02-19,410719.8873666667,-9.076282943844474e-06
2018-02-20,407119.0890888889,-8.27649885735512e-09
2018-02-21,403518.2908111111,-1.0214011025485476e-12
2018-02-22,399917.49253333337,-1.705913560159447e-17
2018-02-23,396316.6942555556,-3.855926585796143e-23
2018-02-24,392715.8959777778,-1.1795368902797226e-29
2018-02-25,389115.09770000004,-4.883209262767584e-37
2018-02-26,385514.29942222225,-2.7359627461183206e-45
2018-02-27,381913.50114444445,-2.0745602850957965e-54
2018-02-28,378312.70286666666,-2.1288887934362223e-64
2018-03-01,374711.9045888889,-2.956588805799324e-75
2018-03-02,371111.1063111111,-5.556993859156705e-87
2018-03-03,367510.30803333333,-1.4135134382221426e-99
2018-03-04,363909.50975555554,-4.865987653594416e-113
2018-03-05,360308.7114777778,-2.267008246157521e-127
2018-03-06,356707.9132,-1.429375168823922e-142
2018-03-07,353107.1149222222,-1.2196926390630492e-158
2018-03-08,349506.3166444445,-1.408528401807732e-175
2018-03-09,345905.5183666667,-2.2013639523577814e-193
2018-03-10,342304.7200888889,-4.656173220666116e-212
2018-03-11,338703.92181111115,-1.3328382358413268e-231
2018-03-12,335103.12353333336,-5.163412165072914e-252
2018-03-13,331502.32525555557,-2.707117961429728e-273
2018-03-14,327901.5269777778,-1.9208285549581477e-295
2018-03-15,324300.7287,-1.84451e-318
2018-03-16,320699.93042222224,0.0
2018-03-17,317099.13214444445,0.0
2018-03-18,313498.33386666665,0.0
2018-03-19,309897.5355888889,0.0
2018-03-20,306296.7373111111,0.0
2018-03-21,302695.9390333333,0.0
2018-03-22,299095.1407555556,0.0
2018-03-23,295494.3424777778,0.0
2018-03-24,291893.5442,0.0
2018-03-25,288292.74592222227,0.0
2018-03-26,284691.9476444444,0.0
2018-03-27,281091.1493666667,0.0
2018-03-28,277490.3510888889,0.0
2018-03-29,273889.5528111111,0.0
2018-03-30,270288.75453333335,0.0
2018-03-31,266687.95625555556,0.0
2018-04-01,263087.15797777777,0.0
2018-04-02,259486.3597,0.0
2018-04-03,255885.56142222224,0.0
2018-04-04,252284.76314444444,0.0
2018-04-05,248683.96486666668,0.0
2018-04-06,245083.1665888889,0.0
2018-04-07,241482.36831111112,0.0
2018-04-08,237881.57003333335,0.0
2018-04-09,234280.77175555556,0.0
2018-04-10,230679.9734777778,0.0
2018-04-11,227079.1752,0.0
2018-04-12,223478.37692222223,0.0
2018-04-13,219877.57864444447,0.0
2018-04-14,216276.78036666667,0.0
2018-04-15,212675.9820888889,0.0
2018-04-16,209075.1838111111,0.0
2018-04-17,205474.38553333335,0.0
2018-04-18,201873.58725555555,0.0
2018-04-19,198272.7889777778,0.0
2018-04-20,194671.9907,0.0
2018-04-21,191071.19242222223,0.0
2018-04-22,187470.39414444446,0.0
2018-04-23,183869.59586666667,0.0
2018-04-24,180268.7975888889,0.0
2018-04-25,176667.9993111111,0.0
2018-04-26,173067.20103333335,0.0
2018-04-27,169466.40275555555,0.0
2018-04-28,165865.6044777778,0.0
2018-04-29,162264.8062,0.0
2018-04-30,158664.00792222226,0.0
2018-05-01,155063.20964444446,0.0
2018-05-02,151462.41136666667,0.0
2018-05-03,147861.61308888887,0.0
2018-05-04,144260.81481111114,0.0
2018-05-05,140660.01653333334,0.0
2018-05-06,137059.21825555555,0.0
2018-05-07,133458.41997777775,0.0
2018-05-08,129857.62170000002,0.0
2018-05-09,126256.82342222222,0.0
2018-05-10,122656.02514444443,0.0
2018-05-11,119055.2268666667,0.0
2018-05-12,115454.4285888889,0.0
2018-05-13,111853.6303111111,0.0
2018-05-14,108252.83203333331,0.0
2018-05-15,104652.03375555557,0.0
2018-05-16,101051.23547777778,0.0
2018-05-17,97450.43719999999,1.2539860394e-314
2018-05-18,93849.63892222225,1.3058708806420278e-291
2018-05-19,90248.84064444446,1.8404279274009003e-269
2018-05-20,86648.04236666666,3.5103338992523673e-248
2018-05-21,83047.24408888887,9.061270128969962e-228
2018-05-22,79446.44581111113,3.1654886681052956e-208
2018-05-23,75845.64753333334,1.4965922261300965e-189
2018-05-24,72244.84925555554,9.575847983570028e-172
2018-05-25,68644.0509777778,8.292052388405725e-155
2018-05-26,65043.25270000001,9.717574250246463e-139
2018-05-27,61442.45442222222,1.541220348474549e-123
2018-05-28,57841.65614444442,3.3081305283547425e-109
2018-05-29,54240.85786666669,9.609738639119245e-96
2018-05-30,50640.05958888889,3.7779095098559804e-83
2018-05-31,47039.2613111111,2.0100301078716775e-71
2018-06-01,43438.46303333336,1.4473201558241502e-60
2018-06-02,39837.66475555557,1.4103850442300675e-50
2018-06-03,36236.866477777774,1.860037988010418e-41
2018-06-04,32636.06819999998,3.319838599790367e-33
2018-06-05,29035.269922222244,8.019054452743189e-26
2018-06-06,25434.47164444445,2.621442831681732e-19
2018-06-07,21833.673366666655,1.159761415121785e-13
2018-06-08,18232.87508888892,6.9439719324820105e-09
2018-06-09,14632.076811111125,5.6267587359629557e-05
2018-06-10,11031.27853333333,0.06170490204333978
2018-06-11,7430.480255555536,9.157819444367089
2018-06-12,3829.6819777778,183.93972058572118
2018-06-13,228.8837,500.0
2018-06-14,1803.3257860928122,183.93972058572118
2018-06-15,3377.767872185624,9.157819444367089
2018-06-16,4952.209958278437,0.06170490204333978
2018-06-17,6526.652044371249,5.6267587359629557e-05
2018-06-18,8101.094130464061,6.9439719324820105e-09
2018-06-19,9675.536216556873,1.159761415121785e-13
2018-06-20,11249.978302649686,2.621442831681732e-19
2018-06-21,12824.420388742497,8.019054452743189e-26
2018-06-22,14398.862474835309,3.319838599790367e-33
2018-06-23,15973.304560928122,1.860037988010418e-41
2018-06-24,17547.746647020933,1.4103850442300675e-50
2018-06-25,19122.188733113744,1.4473201558241502e-60
2018-06-26,20696.630819206555,2.0100301078716775e-71
2018-06-27,22271.07290529937,3.7779095098559804e-83
2018-06-28,23845.51499139218,9.609738639119245e-96
2018-06-29,25419.957077484993,3.3081305283547425e-109
2018-06-30,26994.399163577804,1.541220348474549e-123
2018-07-01,28568.841249670615,9.717574250246463e-139
2018-07-02,30143.28333576343,8.292052388405725e-155
2018-07-03,31717.72542185624,9.575847983570028e-172
2018-07-04,33292.16750794905,1.4965922261300965e-189
2018-07-05,34866.60959404187,3.1654886681052956e-208
2018-07-06,36441.051680134675,9.061270128969962e-228
2018-07-07,38015.49376622749,3.5103338992523673e-248
2018-07-08,39589.935852320305,1.8404279274009003e-269
2018-07-09,41164.37793841311,1.3058708806420278e-291
2018-07-10,42738.82002450593,1.2539860394e-314
2018-07-11,44313.26211059874,0.0
2018-07-12,45887.70419669155,0.0
2018-07-13,47462.146282784364,0.0
2018-07-14,49036.58836887717,0.0
2018-07-15,50611.03045496999,0.0
2018-07-16,52185.4725410628,0.0
2018-07-17,53759.91462715561,0.0
2018-07-18,55334.356713248424,0.0
2018-07-19,56908.79879934123,0.0
2018-07-20,58483.24088543405,0.0
2018-07-21,60057.68297152686,0.0
2018-07-22,61632.12505761967,0.0
2018-07-23,63206.567143712484,0.0
2018-07-24,64781.0092298053,0.0
2018-07-25,66355.45131589811,0.0
2018-07-26,67929.89340199092,0.0
2018-07-27,69504.33548808374,0.0
2018-07-28,71078.77757417655,0.0
2018-07-29,72653.21966026936,0.0
2018-07-30,74227.66174636218,0.0
2018-07-31,75802.10383245499,0.0
2018-08-01,77376.5459185478,0.0
2018-08-02,78950.98800464062,0.0
2018-08-03,80525.43009073343,0.0
2018-08-04,82099.87217682623,0.0
2018-08-05,83674.31426291906,0.0
2018-08-06,85248.75634901186,0.0
2018-08-07,86823.19843510467,0.0
2018-08-08,88397.64052119749,0.0
2018-08-09,89972.0826072903,0.0
2018-08-10,91546.52469338311,0.0
2018-08-11,93120.96677947592,0.0
2018-08-12,94695.40886556874,0.0
2018-08-13,96269.85095166154,0.0
2018-08-14,97844.29303775435,0.0
2018-08-15,99418.73512384717,0.0
2018-08-16,100993.17720993998,0.0
2018-08-17,102567.61929603279,0.0
2018-08-18,104142.06138212561,0.0
2018-08-19,105716.50346821842,0.0
2018-08-20,107290.94555431123,0.0
2018-08-21,108865.38764040405,0.0
2018-08-22,110439.82972649686,0.0
2018-08-23,112014.27181258966,0.0
2018-08-24,113588.71389868247,0.0
2018-08-25,115163.1559847753,0.0
2018-08-26,116737.5980708681,0.0
2018-08-27,118312.04015696091,0.0
2018-08-28,119886.48224305373,0.0
2018-08-29,121460.92432914654,0.0
2018-08-30,123035.36641523935,0.0
2018-08-31,124609.80850133217,0.0
2018-09-01,126184.25058742498,0.0
2018-09-02,127758.69267351778,0.0
2018-09-03,129333.1347596106,0.0
2018-09-04,130907.57684570341,0.0
2018-09-05,132482.01893179622,0.0
2018-09-06,134056.46101788903,0.0
2018-09-07,135630.90310398184,0.0
2018-09-08,137205.34519007467,0.0
2018-09-09,138779.78727616748,0.0
2018-09-10,140354.2293622603,0.0
2018-09-11,141928.6714483531,0.0
2018-09-12,143503.1135344459,0.0
2018-09-13,145077.5556205387,0.0
2018-09-14,146651.99770663155,0.0
2018-09-15,148226.43979272436,0.0
2018-09-16,149800.88187881716,0.0
2018-09-17,151375.32396490997,0.0
2018-09-18,152949.76605100278,0.0
2018-09-19,154524.2081370956,0.0
2018-09-20,156098.6502231884,0.0
2018-09-21,157673.09230928123,0.0
2018-09-22,159247.53439537404,0.0
2018-09-23,160821.97648146685,0.0
2018-09-24,162396.41856755965,0.0
2018-09-25,163970.86065365246,0.0
2018-09-26,165545.30273974527,0.0
2018-09-27,167119.7448258381,0.0
2018-09-28,168694.1869119309,0.0
2018-09-29,170268.62899802372,0.0
2018-09-30,171843.07108411653,0.0
2018-10-01,173417.51317020933,0.0
2018-10-02,174991.95525630214,0.0
2018-10-03,176566.39734239498,0.0
2018-10-04,178140.8394284878,0.0
2018-10-05,179715.2815145806,0.0
2018-10-06,181289.7236006734,0.0
2018-10-07,182864.1656867662,0.0
2018-10-08,184438.60777285902,0.0
2018-10-09,186013.04985895182,0.0
2018-10-10,187587.49194504466,0.0
2018-10-11,189161.93403113747,0.0
2018-10-12,190736.37611723028,0.0
2018-10-13,192310.81820332308,0.0
2018-10-14,193885.2602894159,0.0
2018-10-15,195459.7023755087,0.0
2018-10-16,197034.14446160154,0.0
2018-10-17,198608.58654769434,0.0
2018-10-18,200183.02863378715,0.0
2018-10-19,201757.47071987996,0.0
2018-10-20,203331.91280597277,0.0
2018-10-21,204906.35489206557,0.0
2018-10-22,206480.79697815838,0.0
2018-10-23,208055.23906425122,0.0
2018-10-24,209629.68115034403,0.0
2018-10-25,211204.12323643683,0.0
2018-10-26,212778.56532252964,0.0
2018-10-27,214353.00740862245,0.0
2018-10-28,215927.44949471526,0.0
2018-10-29,217501.8915808081,0.0
2018-10-30,219076.3336669009,0.0
2018-10-31,220650.7757529937,0.0
2018-11-01,222225.21783908652,0.0
2018-11-02,223799.65992517932,0.0
2018-11-03,225374.10201127213,0.0
2018-11-04,226948.54409736494,0.0
2018-11-05,228522.98618345778,0.0
2018-11-06,230097.42826955058,0.0
2018-11-07,231671.8703556434,0.0
2018-11-08,233246.3124417362,0.0
2018-11-09,234820.754527829,0.0
2018-11-10,236395.1966139218,0.0
2018-11-11,237969.63870001465,0.0
2018-11-12,239544.08078610746,0.0
2018-11-13,241118.52287220026,0.0
2018-11-14,242692.96495829307,0.0
2018-11-15,244267.40704438588,0.0
2018-11-16,245841.8491304787,0.0
2018-11-17,247416.29121657152,0.0
2018-11-18,248990.73330266433,0.0
2018-11-19,250565.17538875714,0.0
2018-11-20,252139.61747484995,0.0
2018-11-21,253714.05956094275,0.0
2018-11-22,255288.50164703556,0.0
2018-11-23,256862.94373312837,0.0
2018-11-24,258437.3858192212,0.0
2018-11-25,260011.827905314,0.0
2018-11-26,261586.26999140682,0.0
2018-11-27,263160.71207749966,0.0
2018-11-28,264735.15416359244,0.0
2018-11-29,266309.5962496853,0.0
2018-11-30,267884.03833577805,0.0
2018-12-01,269458.4804218709,0.0
2018-12-02,271032.92250796367,0.0
2018-12-03,272607.3645940565,0.0
2018-12-04,274181.80668014934,0.0
2018-12-05,275756.2487662421,0.0
2018-12-06,277330.69085233496,0.0
2018-12-07,278905.13293842773,0.0
2018-12-08,280479.57502452057,0.0
2018-12-09,282054.01711061335,0.0
2018-12-10,283628.4591967062,0.0
2018-12-11,285202.901282799,0.0
2018-12-12,286777.3433688918,0.0
2018-12-13,288351.78545498464,0.0
2018-12-14,289926.2275410774,0.0
2018-12-15,291500.66962717025,0.0
2018-12-16,293075.1117132631,0.0
2018-12-17,294649.55379935587,0.0
2018-12-18,296223.9958854487,0.0
2018-12-19,297798.4379715415,0.0
2018-12-20,299372.8800576343,0.0
2018-12-21,300947.3221437271,0.0
2018-12-22,302521.76422981994,0.0
2018-12-23,304096.2063159128,0.0
2018-12-24,305670.64840200555,0.0
2018-12-25,307245.0904880984,0.0
2018-12-26,308819.53257419117,0.0
2018-12-27,310393.974660284,0.0
2018-12-28,311968.4167463768,0.0
2018-12-29,313542.8588324696,0.0
2018-12-30,315117.30091856245,0.0
2018-12-31,316691.74300465523,0.0
2019-01-01,318266.18509074807,0.0
2019-01-02,319840.62717684085,0.0
2019-01-03,321415.0692629337,0.0
2019-01-04,322989.5113490265,0.0
2019-01-05,324563.9534351193,0.0
2019-01-06,326138.39552121214,0.0
2019-01-07,327712.8376073049,0.0
2019-01-08,329287.27969339775,0.0
2019-01-09,330861.72177949053,0.0
2019-01-10,332436.16386558337,0.0
2019-01-11,334010.6059516762,0.0
2019-01-12,335585.048037769,0.0
2019-01-13,337159.4901238618,0.0
2019-01-14,338733.9322099546,0.0
2019-01-15,340308.37429604743,0.0
2019-01-16,341882.8163821402,0.0
2019-01-17,343457.25846823305,0.0
2019-01-18,345031.7005543259,0.0
2019-01-19,346606.14264041866,0.0
2019-01-20,348180.5847265115,0.0
2019-01-21,349755.0268126043,0.0
2019-01-22,351329.4688986971,0.0
2019-01-23,352903.91098478995,0.0
2019-01-24,354478.35307088273,0.0
2019-01-25,356052.79515697557,-9.1886e-317
2019-01-26,357627.23724306835,-9.568786719343007e-294
2019-01-27,359201.6793291612,-1.3485760782845143e-271
2019-01-28,360776.12141525396,-2.572201960664852e-250
2019-01-29,362350.5635013468,-6.6396580669475395e-230
2019-01-30,363925.00558743963,-2.3195161463976286e-210
2019-01-31,365499.4476735324,-1.0966299984133948e-191
2019-02-01,367073.88975962525,-7.016715692946851e-174
2019-02-02,368648.331845718,-6.076012716606674e-157
2019-02-03,370222.77393181087,-7.120565808487278e-141
2019-02-04,371797.21601790364,-1.1293313160343883e-125
2019-02-05,373371.6581039965,-2.4240371643796083e-111
2019-02-06,374946.1001900893,-7.04154911710359e-98
2019-02-07,376520.5422761821,-2.768268354909369e-85
2019-02-08,378094.98436227493,-1.4728523077431654e-73
2019-02-09,379669.4264483677,-1.060525821578831e-62
2019-02-10,381243.86853446055,-1.0334615680957339e-52
2019-02-11,382818.3106205533,-1.3629453769883503e-43
2019-02-12,384392.75270664616,-2.432616269720194e-35
2019-02-13,385967.194792739,-5.875973106266914e-28
2019-02-14,387541.6368788318,-1.9208658164552413e-21
2019-02-15,389116.0789649246,-8.498167614204485e-16
2019-02-16,390690.5210510174,-5.0882049102266675e-11
2019-02-17,392264.96313711023,-4.1230146872661296e-07
2019-02-18,393839.40522320307,-0.00045214073424402974
2019-02-19,395413.84730929584,-0.0670815325106417
2019-02-20,396988.2893953887,-1.3231305735505137
2019-02-21,398562.73148148146,0.0006
2019-02-22,199349.82235524998,72.25275361796974
2019-02-23,136.91322901849222,200.0
2019-02-24,136.91322901849222,73.60012229012214
2019-02-25,136.91322901849222,3.6643564189399243
2019-02-26,136.91322901849222,0.024690242063759544
2019-02-27,136.91322901849222,2.251458650866645e-05
2019-02-28,136.91322901849222,2.7785207102300804e-09
2019-03-01,136.91322901849222,4.640602154179516e-14
2019-03-02,136.91322901849222,1.0489289515191718e-19
2019-03-03,136.91322901849222,3.2086980031126185e-26
2019-03-04,136.91322901849222,1.3283809891276573e-33
2019-03-05,136.91322901849222,7.44264827357667e-42
2019-03-06,136.91322901849222,5.643433027808933e-51
2019-03-07,136.91322901849222,5.791223044094622e-61
2019-03-08,136.91322901849222,8.042818054587216e-72
2019-03-09,136.91322901849222,1.5116708299777483e-83
2019-03-10,136.91322901849222,3.845185160356159e-96
2019-03-11,136.91322901849222,1.3236961892354535e-109
2019-03-12,136.91322901849222,6.166949836355218e-124
2019-03-13,136.91322901849222,3.888333877218902e-139
2019-03-14,136.91322901849222,3.3179338159102974e-155
2019-03-15,136.91322901849222,3.83162434973618e-172
2019-03-16,136.91322901849222,5.988377452424934e-190
2019-03-17,136.91322901849222,1.2666203014434582e-208
2019-03-18,136.91322901849222,3.625724147382973e-228
2019-03-19,136.91322901849222,1.4046046749235512e-248
2019-03-20,136.91322901849222,7.364181712849984e-270
2019-03-21,136.91322901849222,5.225236106989659e-292
2019-03-22,136.91322901849222,5.01762711e-315
2019-03-23,136.91322901849222,0.0
2019-03-24,136.91322901849222,0.0
2019-03-25,136.91322901849222,0.0
2019-03-26,136.91322901849222,0.0
2019-03-27,136.91322901849222,0.0
2019-03-28,136.91322901849222,0.0
2019-03-29,136.91322901849222,0.0
2019-03-30,136.91322901849222,0.0
2019-03-31,136.91322901849222,0.0
