2017-01-02,11.577777777777778,98.05962870212304
2017-01-03,11.577777777777778,1930.8705413486175
2017-01-04,11.577777777777778,4500.0
2017-01-05,22.86925,200.0
2017-01-06,8.895238095238096,1050.0
2017-01-07,9.754884081632653,638.4405521602965
2017-01-08,10.61453006802721,33.69213094405144
2017-01-09,11.474176054421768,0.22883569121400413
2017-01-10,12.333822040816326,0.06191373598966003
2017-01-11,13.193468027210884,9.157818882409659
2017-01-12,14.053114013605443,183.93970878473266
2017-01-13,14.91276,500.0
2017-01-14,17.90251871794872,183.97492657957332
2017-01-15,20.892277435897437,14.41502748405546
2017-01-16,23.882036153846155,110.17086270082358
2017-01-17,26.871794871794872,390.0
2017-01-18,26.871794871794872,390.0
2017-01-19,22.193908653846155,110.1338584269388
2017-01-20,17.516022435897437,8.920336788808367
2017-01-21,12.838136217948719,73.61109423221603
2017-01-22,8.16025,200.0
2017-01-23,10.127341818181819,73.57593164848748
2017-01-24,12.094433636363636,3.723696158103885
2017-01-25,14.061525454545455,9.030814018756693
2017-01-26,16.028617272727274,183.40219397887668
2017-01-27,17.99570909090909,550.0
2017-01-28,9.7309,500.0
2017-01-29,10.11885909090909,3303.4995925295543
2017-01-30,10.506818181818181,8800.0
2017-01-31,11.157613430516381,3236.320967996082
2017-02-01,11.80840867921458,168.79763510125406
2017-02-02,12.459203927912778,155.2267560516825
2017-02-03,13.109999176610978,419.0
2017-02-04,14.332499382458234,154.16027173764832
2017-02-05,15.554999588305488,10.515661520422475
2017-02-06,16.777499794152746,56.883327140925374
2017-02-07,18.0,150.0
2017-02-08,8.995502248000001,50.0
2017-02-09,29.910044976,25.0
2017-02-10,29.910044976,25.0
2017-02-11,25.0768186565037,27.3348723897617
2017-02-12,20.243592337007406,414.1818227760614
2017-02-13,15.410366017511109,1125.0
2017-02-14,14.504641555723808,413.8635901025698
2017-02-15,13.598917093936507,20.60505476048015
2017-02-16,12.693192632149206,0.13884702038321073
2017-02-17,11.787468170361905,0.01246756835271459
2017-02-18,10.881743708574604,1.8315618433439578
2017-02-19,9.9760192467873,36.78790273165571
2017-02-20,9.070294785,100.0
2017-02-21,9.10272108875,36.911312520464364
2017-02-22,9.135147392499999,20.14720051018624
2017-02-23,9.167573696249999,367.89177799496457
2017-02-24,9.2,1000.0
2017-02-25,11.359244143333333,367.8795045509374
2017-02-26,13.518488286666667,18.389684564914127
2017-02-27,15.677732429999999,11.112793135294957
2017-02-28,17.83697657333333,220.72777722513607
2017-03-01,19.996220716666667,600.0
2017-03-02,18.25190990666667,220.7278363639438
2017-03-03,16.507599096666667,11.177639947266139
2017-03-04,14.763288286666667,28.006385358184893
2017-03-05,13.018977476666667,559.9350126776465
2017-03-06,11.274666666666667,1500.0
2017-03-07,9.94,500.0
2017-03-08,19.942500000000003,167.1742406864044
2017-03-09,29.945,400.0
2017-03-10,33.45,20.0
2017-03-11,27.6325,-45.6967515299578
2017-03-12,21.815,32.200157621785685
2017-03-13,15.997500000000002,860.3622292515579
2017-03-14,10.18,5500.0
2017-03-15,11.257343343428746,9377.2
2017-03-16,0.4093023256,50.0
2017-03-17,10.749998966666665,150.0
2017-03-18,15.832362991304345,2300.0
2017-03-19,17.861271935235507,1629.1310722004823
2017-03-20,19.890180879166667,2400.0
2017-03-21,9.96,1000.0
2017-03-22,5.48,91.77790055967174
2017-03-23,1.0,2.0
2017-03-24,5.786821705,322.04289386022094
2017-03-25,10.57364341,1000.0
2017-03-26,12.758914728333334,2528.9514079452088
2017-03-27,14.944186046666667,6000.0
2017-03-28,15.181139535,2202.0634516730124
2017-03-29,15.418093023333334,210.3311165689574
2017-03-30,15.655046511666669,2024.0750661961633
2017-03-31,15.892000000000001,5500.0
2017-04-01,16.112750000000002,2023.5094511836746
2017-04-02,16.3335,126.38629782947518
2017-04-03,16.55425,515.8783658401383
2017-04-04,16.775,1400.0
2017-04-05,18.508764276666664,448.0891849860773
2017-04-06,20.242528553333333,-1161.1956922960026
2017-04-07,21.97629283,10.0
2017-04-08,10.51818181818182,8800.0
2017-04-09,10.138466949930072,3674.1352849025593
2017-04-10,9.758752081678322,185.90004151418668
2017-04-11,9.379037213426574,6.192151373645961
2017-04-12,8.999322345174825,115.84880781959939
2017-04-13,8.619607476923077,650.0
2017-04-14,13.965217391304348,1150.0
2017-04-15,12.966124881478262,392.41023327279464
2017-04-16,11.967032371652174,28.484759005443745
2017-04-17,10.967939861826087,184.06971217473463
2017-04-18,9.968847352000001,500.0
2017-04-19,9.854482736000001,183.93969096984844
2017-04-20,9.740118120000002,9.17315205977945
2017-04-21,9.625753504,2.337589127633903
2017-04-22,9.511388888,45.713087178261375
2017-04-23,9.397024272000001,125.0
2017-04-24,10.114682848000001,155.67688593668757
2017-04-25,10.832341424,2210.9464759407274
2017-04-26,11.55,6000.0
2017-04-27,22.802972393006996,2139.9960303749544
2017-04-28,34.05594478601399,107.25
2017-04-29,19.812,500.0
2017-04-30,17.431368421052632,209.16606834342528
2017-05-01,15.050736842105263,50.86998884840803
2017-05-02,12.670105263157895,748.9004831963663
2017-05-03,10.289473684210526,950.0
2017-05-04,25.347318612,50.0
2017-05-05,15.335774647887325,7100.0
2017-05-06,15.28799277259155,3162.4617074209077
2017-05-07,15.240210897295775,2364.6529145570266
2017-05-08,15.192429022,6000.0
2017-05-09,21.064648854434346,2101.841670164068
2017-05-10,26.936868686868692,792.0
2017-05-11,20.35296665223907,4618.0
2017-05-12,17.208,6500.0
2017-05-13,18.48217559168104,2071.6918100050075
2017-05-14,19.75635118336208,101.1024471047754
2017-05-15,21.030526775043125,19.761778302119083
2017-05-16,22.304702366724165,383.31080133876264
2017-05-17,23.578877958405208,1043.4
2017-05-18,18.964438979202605,413.0677532031079
2017-05-19,14.35,100.0
2017-05-20,13.847746331166666,29.89613901418513
2017-05-21,13.345492662333333,1.4821677964089413
2017-05-22,12.8432389935,0.022259685883107866
2017-05-23,12.340985324666667,1.8216010557465208
2017-05-24,11.838731655833334,36.591121377021395
2017-05-25,11.336477987,100.0
2017-05-26,12.843241352,50.52804197977776
2017-05-27,14.350004717000001,100.0
2017-05-28,28.971305031500002,200.0
2017-05-29,24.581696983625,70.36454646426208
2017-05-30,20.19208893575,21.790299463189868
2017-05-31,15.802480887875,367.9028249422242
2017-06-01,11.41287284,1000.0
2017-06-02,11.841964938666667,367.87950059034944
2017-06-03,12.271057037333334,18.389403983325344
2017-06-04,12.700149136,11.071192223495077
2017-06-05,13.129241234666669,219.90722945686883
2017-06-06,13.558333333333335,600.0
2017-06-07,19.805092594074075,265.52805529045804
2017-06-08,26.051851854814817,135.0
2017-06-09,22.241222224444446,45.763944366636004
2017-06-10,18.430592594074074,10.589580332713268
2017-06-11,14.619962963703705,213.4897200817996
2017-06-12,10.809333333333333,1500.0
2017-06-13,13.383928571428573,2800.0
2017-06-14,11.1,300.0
2017-06-15,10.5,130.06338716270204
2017-06-16,9.9,1000.0
2017-06-17,12.253128814471545,411.4772650896809
2017-06-18,14.606257628943089,791.2897959545527
2017-06-19,16.959386443414633,2050.0
2017-06-20,21.397194011707317,-136.71836825111245
2017-06-21,25.83500158,50.0
2017-06-22,11.904132231404963,6050.0
2017-06-23,18.983333333333334,600.0
2017-06-24,17.116745406666666,-689.3277940084292
2017-06-25,15.25015748,-39.945334528222
2017-06-26,13.383569553333334,91.25012547556356
2017-06-27,11.516981626666666,1838.429293241145
2017-06-28,9.6503937,5000.0
2017-06-29,11.92019685,1892.7588936703712
2017-06-30,14.19,250.0
2017-07-01,18.80874961,100.0
2017-07-02,16.18080337642857,259.1681152234522
2017-07-03,13.55285714285714,700.0
2017-07-04,13.11924550067857,973.473015821179
2017-07-05,12.6856338585,2000.0
2017-07-06,11.592816929249999,826.5987455767537
2017-07-07,10.5,300.0
2017-07-08,11.923333333333334,97.24704064138184
2017-07-09,13.346666666666668,4.870831288054178
2017-07-10,14.77,6.097597775469872
2017-07-11,16.193333333333335,116.23405902954482
2017-07-12,17.616666666666667,300.0
2017-07-13,10.826,2000.0
2017-07-14,15.792296409851241,6050.0
2017-07-15,15.728123430208518,2388.7353047673414
2017-07-16,15.663950450565796,2498.6107856448107
2017-07-17,15.599777470923073,6500.0
2017-07-18,14.791890070121237,2709.294161343266
2017-07-19,13.984002669319404,1206.3
2017-07-20,15.90370472,1200.0
2017-07-21,10.32540157,1000.0
2017-07-22,10.478426177500001,291.37034288486797
2017-07-23,10.631450785,21.763509716473965
2017-07-24,10.7844753925,180.92376342276845
2017-07-25,10.9375,1000.0
2017-07-26,11.628571428571426,1750.0
2017-07-27,11.523809523809522,595.5811199866034
2017-07-28,11.419047619047618,29.326899220052667
2017-07-29,11.314285714285713,-0.367526435818313
2017-07-30,11.209523809523809,-82.1826183575444
2017-07-31,11.104761904761904,-1406.8326269508839
2017-08-01,11.0,1000.0
2017-08-02,10.848232283500002,12000.0
2017-08-03,8.757871121176471,850.0
2017-08-04,9.540231542202495,-1463.025235159818
2017-08-05,10.32259196322852,-84.98107034481201
2017-08-06,11.104952384254544,-0.23851817271080497
2017-08-07,11.887312805280567,51.22802519617091
2017-08-08,12.669673226306593,1028.9262742279584
2017-08-09,13.452033647332616,2793.0
2017-08-10,13.392723796999642,959.4802725372635
2017-08-11,13.333413946666667,75.0
2017-08-12,12.999996950855975,587.05
2017-08-13,13.689662328225765,241.83095533007034
2017-08-14,14.379327705595555,13.087537569804681
2017-08-15,15.068993082965346,129.2638435825308
2017-08-16,15.758658460335136,2551.2993082948396
2017-08-17,16.448323837704926,6100.0
2017-08-18,12.986068895714286,700.0
2017-08-19,12.3503976027541,1525.0
2017-08-20,14.237887615271786,2537.020126609099
2017-08-21,16.125377627789472,4750.0
2017-08-22,15.049115963342103,1732.2019691493247
2017-08-23,13.972854298894736,88.97367356701734
2017-08-24,12.89659263444737,55.762708038725165
2017-08-25,11.82033097,150.0
2017-08-26,11.866569113055556,55.181721352947996
2017-08-27,11.912807256111112,2.747426801216299
2017-08-28,11.959045399166667,0.11820771720019725
2017-08-29,12.005283542222223,15.084763003904271
2017-08-30,12.051521685277779,345.8026462848632
2017-08-31,12.097759828333334,1800.0
2017-09-01,10.892,3000.0
2017-09-02,11.224969696969696,1019.0233019951639
2017-09-03,11.557939393939394,243.68240293229846
2017-09-04,11.89090909090909,550.0
2017-09-05,12.12507056878788,648.7336083635948
2017-09-06,12.359232046666667,1500.0
2017-09-07,11.939213386301532,5650.319780790623
2017-09-08,11.519194725936398,14150.0
2017-09-09,14.031234797624265,5205.128726326477
2017-09-10,16.543274869312132,441.1132511224487
2017-09-11,19.055314941,1000.0
2017-09-12,11.698305084745762,1475.0
2017-09-13,21.78,50.0
2017-09-14,43.99209486666667,600.0
2017-09-15,27.878547433333335,759.1893290291578
2017-09-16,11.765,1200.0
2017-09-17,15.875945059,-487.5751928405237
2017-09-18,19.986890117999998,50.0
2017-09-19,16.622924901666668,6000.0
2017-09-20,21.76,50.0
2017-09-21,48.19860518,200.0
2017-09-22,30.599306332550658,504.11203474434586
2017-09-23,13.000007485101314,251.7
2017-09-24,14.728281908825984,84.07823047784308
2017-09-25,16.456556332550655,3.9845973357870337
2017-09-26,18.18483075627533,-1.1753460739940838
2017-09-27,19.91310518,50.0
2017-09-28,13.466666666666667,150.0
2017-09-29,21.822605965,20.0
2017-09-30,23.351954473750002,-12.448786908152208
2017-10-01,24.881302982500003,-1.6394445079977225
2017-10-02,26.41065149125,-0.3282484512915289
2017-10-03,27.94,300.0
2017-10-04,19.91310518,50.0
2017-10-05,18.213146412000004,175.0
2017-10-06,11.842131951830986,7100.0
2017-10-07,13.922700202220657,2985.2895341454923
2017-10-08,16.003268452610328,84.4869591580453
2017-10-09,18.083836703,100.0
2017-10-10,28.410058325,800.0
2017-10-11,26.287133068125,320.73768278809706
2017-10-12,24.16420781125,16.146703012639886
2017-10-13,22.041282554375,0.10895806201192433
2017-10-14,19.918357297500002,0.00021191209790501474
2017-10-15,17.795432040625002,0.12340981635183976
2017-10-16,15.672506783750002,18.315638888844035
2017-10-17,13.549581526875002,367.8794411736446
2017-10-18,11.42665627,1000.0
2017-10-19,11.481325016,367.8793927429946
2017-10-20,11.535993762,18.263171285165452
2017-10-21,11.590662508,-6.95827963152782
2017-10-22,11.645331254,-37.57944526816516
2017-10-23,11.7,2000.0
2017-10-24,13.751004706821707,6450.0
2017-10-25,13.436948366795868,2423.278420081904
2017-10-26,13.122892026770026,120.98809873215495
2017-10-27,12.808835686744187,1.0351402100770413
2017-10-28,12.494779346718348,32.508925851447216
2017-10-29,12.180723006692507,640.2316978966603
2017-10-30,11.866666666666667,1500.0
2017-10-31,11.25,200.0
2017-11-01,12.483242400000002,700.0
2017-11-02,12.78159392,340.5377561866928
2017-11-03,13.079945440000001,17.54842468909983
2017-11-04,13.37829696,-4.7830283176067105
2017-11-05,13.67664848,-77.95548147069266
2017-11-06,13.975,200.0
2017-11-07,15.635211669166667,1200.0
2017-11-08,12.696295002083334,609.7004402417676
2017-11-09,9.757378335,400.0
2017-11-10,10.608815723095239,138.5999366688022
2017-11-11,11.460253111190477,6.8926764554792435
2017-11-12,12.311690499285714,0.04700699872255862
2017-11-13,13.163127887380952,0.620418250042338
2017-11-14,14.01456527547619,92.35489182424573
2017-11-15,14.866002663571429,1896.9902826725145
2017-11-16,15.717440051666667,6000.0
2017-11-17,19.733777777777775,4500.0
2017-11-18,18.05625299145299,1067.4876793691953
2017-11-19,16.378728205128205,49.27950110667759
2017-11-20,14.701203418803418,14.264774718422691
2017-11-21,13.023678632478633,274.9567110262172
2017-11-22,11.346153846153848,650.0
2017-11-23,29.771472868000004,25.0
2017-11-24,12.403100775,60.0
2017-11-25,11.958317183333333,26.420794104478254
2017-11-26,11.513533591666667,-414.88835083908907
2017-11-27,11.06875,1600.0
2017-11-28,10.929968847352026,8025.0
2017-11-29,23.95331256490135,3120.6066750353266
2017-11-30,36.976656282450676,-102.32098330292774
2017-12-01,50.0,1.0
2017-12-02,10.875,2000.0
2017-12-03,11.185139182386365,2661.4286090155883
2017-12-04,11.495278364772728,8800.0
2017-12-05,16.42015503900415,12050.0
2017-12-06,13.487984496,500.0
2017-12-07,17.477325581333332,-1099.4718574379442
2017-12-08,21.466666666666665,300.0
2017-12-09,17.977777777777778,151.28581074607249
2017-12-10,14.488888888888887,303.0070337779823
2017-12-11,11.0,600.0
2017-12-12,11.526750392,500.0
2017-12-13,18.094339924444444,2250.0
2017-12-14,17.31264110095238,525.0
2017-12-15,15.22645212,200.0
2017-12-16,21.466666666666665,300.0
2017-12-17,10.908993720000002,100.0
2017-12-18,12.069843532228887,4002.0
2017-12-19,17.18010792722222,3600.0
2017-12-20,11.0,300.0
2017-12-21,11.005555555555556,-211.66335993307138
2017-12-22,11.011111111111111,-12.567535666145474
2017-12-23,11.016666666666666,0.28917728296409595
2017-12-24,11.022222222222222,55.75736950526384
2017-12-25,11.027777777777779,1119.620190556264
2017-12-26,11.033333333333333,3000.0
2017-12-27,11.373809523809523,349.65698705187833
2017-12-28,11.714285714285715,350.0
2017-12-29,18.21378787878788,6600.0
2017-12-30,17.491551663308083,2716.6210298972546
2017-12-31,16.769315447828284,137.19846018903814
2018-01-01,16.047079232348487,1.2191490740399467
2018-01-02,15.324843016868689,43.42659130760064
2018-01-03,14.602606801388891,864.7322070278719
2018-01-04,13.880370585909093,2200.0
2018-01-05,19.08566879,400.0
2018-01-06,18.7825813875,-130.67711211311712
2018-01-07,18.479493984999998,-9.137387506254228
2018-01-08,18.1764065825,6.18871811284065
2018-01-09,17.87331918,450.0
2018-01-10,11.866666666666667,1500.0
2018-01-11,12.081060606060607,3726.776516864185
2018-01-12,12.295454545454545,8800.0
2018-01-13,12.556694787563023,3241.7146890329823
2018-01-14,12.817935029671503,422.6971233537636
2018-01-15,13.079175271779981,585.4
2018-01-16,10.98726115,100.0
2018-01-17,20.376937366666667,600.0
2018-01-18,15.385968683333333,406.8871302292487
2018-01-19,10.395,1000.0
2018-01-20,11.7,2000.0
2018-01-21,10.878250396,668.4315046143951
2018-01-22,10.056500792000001,50.0
2018-01-23,13.514779712666668,2173.319807756363
2018-01-24,16.973058633333334,6000.0
2018-01-25,15.758780466380953,2207.9029254343623
2018-01-26,14.544502299428572,110.07123854941871
2018-01-27,13.330224132476191,22.625978674655784
2018-01-28,12.11594596552381,479.2665694434563
2018-01-29,10.90166779857143,2100.0
2018-01-30,14.847507049152544,2950.0
2018-01-31,16.73887842537627,1156.478543764023
2018-02-01,18.6302498016,625.0
2018-02-02,18.863992308236522,213.29560504117663
2018-02-03,19.097734814873043,11.186060097489083
2018-02-04,19.331477321509567,86.42431570058179
2018-02-05,19.565219828146088,1733.6726282606849
2018-02-06,19.79896233478261,4600.0
2018-02-07,31.759481167391304,-297.1395637474875
2018-02-08,43.72,50.0
2018-02-09,13.733635159865774,14900.0
2018-02-10,16.092497691577183,6231.166913199124
2018-02-11,18.451360223288592,380.86319329432274
2018-02-12,20.810222755,200.0
2018-02-13,19.045906691785717,431.5613154043147
2018-02-14,17.28159062857143,700.0
2018-02-15,13.031408683333332,3600.0
2018-02-16,11.00472440944882,12700.0
2018-02-17,10.826780836586614,4862.563362212572
2018-02-18,10.64883726372441,243.70932269459996
2018-02-19,10.470893690862205,8.994683708841547
2018-02-20,10.292950118,50.0
2018-02-21,9.683293745,100.0
2018-02-22,9.64356569,39.565904108335914
2018-02-23,9.603837635,93.69543016458489
2018-02-24,9.56410958,250.0
2018-02-25,9.8290961376,91.96558707603214
2018-02-26,10.0940826952,4.578696443955833
2018-02-27,10.3590692528,0.030851013955469037
2018-02-28,10.6240558104,2.8132483328334052e-05
2018-03-01,10.889042367999998,8.458607043083568e-09
2018-03-02,11.154028925599999,4.03965240932039e-05
2018-03-03,11.419015483199999,0.044204621467712854
2018-03-04,11.6840020408,6.456041005111106
2018-03-05,11.948988598399998,114.46195888596294
2018-03-06,12.213975155999998,50.0
2018-03-07,9.937886645,200.0
2018-03-08,11.7,2500.0
2018-03-09,11.559999999999999,1032.274594755087
2018-03-10,11.42,52.20485529066651
2018-03-11,11.28,6.449691335042157
2018-03-12,11.14,178.02977185757052
2018-03-13,11.0,1600.0
2018-03-14,13.173706303731134,3645.0
2018-03-15,14.063745459412736,1760.0234279611714
2018-03-16,14.95378461509434,1325.0
2018-03-17,16.692178120075475,464.22174189116055
2018-03-18,18.430571625056608,23.27663004264814
2018-03-19,20.16896513003774,27.238902138180368
2018-03-20,21.907358635018873,477.34515271533724
2018-03-21,23.645752140000006,120.0
2018-03-22,23.35785918666667,75.0
2018-03-23,12.352272727272727,8800.0
2018-03-24,13.73486595776546,3729.024005353025
2018-03-25,15.117459188258195,189.09970583563006
2018-03-26,16.50005241875093,11.895451055590927
2018-03-27,17.882645649243663,214.46731440430239
2018-03-28,19.265238879736398,607.0
2018-03-29,14.636584926153846,325.0
2018-03-30,17.10097875810645,784.7634690743738
2018-03-31,19.565372590059052,2032.0
2018-04-01,16.257686295029526,766.004591092791
2018-04-02,12.95,100.0
2018-04-03,20.0,50.0
2018-04-04,20.0,25.0
2018-04-05,19.9844,50.0
2018-04-06,20.166600000000003,23.948951580288405
2018-04-07,20.3488,50.0
2018-04-08,19.6699525,728.0190722091588
2018-04-09,18.991105,2000.0
2018-04-10,17.6165375,1416.6126117912436
2018-04-11,16.241970000000002,2000.0
2018-04-12,16.392498292433537,2299.6812912485484
2018-04-13,16.543026584867075,4401.0
2018-04-14,17.81042126789366,1606.575363544143
2018-04-15,19.077815950920243,79.98737554041065
2018-04-16,20.345210633946827,2.3291134986841384
2018-04-17,21.612605316973415,35.97345988307034
2018-04-18,22.88,100.0
2018-04-19,21.8692,81.28410394599751
2018-04-20,20.858400000000003,125.0
2018-04-21,21.03119444444445,45.33840322918157
2018-04-22,21.20398888888889,2.256702028994658
2018-04-23,21.376783333333336,0.04308395208891356
2018-04-24,21.54957777777778,4.159119616832769
2018-04-25,21.722372222222223,86.73560314876782
2018-04-26,21.895166666666668,300.0
2018-04-27,19.21522807017544,285.0
2018-04-28,18.91913538011696,85.24024901517764
2018-04-29,18.62304269005848,140.99237299593472
2018-04-30,18.32695,400.0
2018-05-01,18.053488333333334,686.3712196951853
2018-05-02,17.780026666666664,1500.0
2018-05-03,14.86175111111111,557.1158869362127
2018-05-04,11.943475555555555,183.62849344539373
2018-05-05,9.0252,425.0
2018-05-06,10.914254803493451,156.33721248196804
2018-05-07,12.8033096069869,16.10505392227051
2018-05-08,14.692364410480351,167.27334660763864
2018-05-09,16.581419213973803,458.0
2018-05-10,12.720609606986901,237.71082799783838
2018-05-11,8.8598,200.0
2018-05-12,8.81075,70.57273398617883
2018-05-13,8.761700000000001,3.993026847013051
2018-05-14,8.71265,13.323497241216758
2018-05-15,8.6636,100.0
2018-05-16,6.080689655172414,58.0
2018-05-17,8.2598,50.0
2018-05-18,17.184232,1250.0
2018-05-19,15.573801725490197,574.8740803560827
2018-05-20,13.963371450980391,1027.1292531594465
2018-05-21,12.352941176470587,2720.0
2018-05-22,14.617883006535946,1011.5221927944971
2018-05-23,16.882824836601305,270.41808172747704
2018-05-24,19.147766666666666,600.0
2018-05-25,17.699622619047616,220.6044944735562
2018-05-26,16.25147857142857,10.983235848199294
2018-05-27,14.803334523809523,0.07400447017702108
2018-05-28,13.355190476190476,0.00014371125222440502
2018-05-29,11.907046428571428,0.08359408916588132
2018-05-30,10.458902380952381,12.406600773281026
2018-05-31,9.010758333333333,249.345485159834
2018-06-01,7.562614285714287,700.0
2018-06-02,7.552757142857143,647.145939176327
2018-06-03,7.542899999999999,100.0
2018-06-04,20.0,125.0
2018-06-05,16.6840765625,6400.0
2018-06-06,18.383333333333333,600.0
2018-06-07,22.96461621621621,925.0
2018-06-08,16.293475,400.0
2018-06-09,12.25328947368421,12160.0
2018-06-10,11.168859649122806,5205.356332726972
2018-06-11,10.084429824561404,336.97511697014494
2018-06-12,9.0,200.0
2018-06-13,9.45,72.9212765987277
2018-06-14,9.9,3.6305683053285827
2018-06-15,10.35,0.14787318875399583
2018-06-16,10.799999999999999,18.315893826013497
2018-06-17,11.25,367.8841020969697
2018-06-18,11.7,1000.0
2018-06-19,11.226033333333334,366.0500819491704
2018-06-20,10.752066666666666,-10.79142821792771
2018-06-21,10.2781,100.0
2018-06-22,14.887,1000.0
2018-06-23,15.815517647058822,1700.0
2018-06-24,15.377011764705882,581.4425838109395
2018-06-25,14.93850588235294,251.4726280631525
2018-06-26,14.5,600.0
2018-06-27,14.2,200.0
2018-06-28,15.504,2.3575634147825664
2018-06-29,16.808,-0.3624887024404245
2018-06-30,18.112,-0.002880009787765454
2018-07-01,19.415999999999997,-2.680230631546713e-06
2018-07-02,20.72,1.5713024724927857e-09
2018-07-03,22.023999999999997,1.5419936826451e-05
2018-07-04,23.327999999999996,0.016910135345536332
2018-07-05,24.631999999999998,2.510669630687921
2018-07-06,25.936,51.5061634103547
2018-07-07,27.24,300.0
2018-07-08,19.766152808988764,3323.8786327033436
2018-07-09,12.29230561797753,8900.0
2018-07-10,9.969677808988765,3262.037563152963
2018-07-11,7.64705,200.0
2018-07-12,6.98525,200.0
2018-07-13,7.5782,78.06511954985034
2018-07-14,8.171149999999999,3.9375942704215143
2018-07-15,8.7641,2.704720811673464
2018-07-16,9.35705,53.481980739162175
2018-07-17,9.95,100.0
2018-07-18,9.331405,-720.5997243906818
2018-07-19,8.712810000000001,1000.0
2018-07-20,12.312159090909093,8800.0
2018-07-21,12.370943181818184,3540.4849844510936
2018-07-22,12.429727272727275,178.31299280636176
2018-07-23,12.488511363636364,1.2033261282542114
2018-07-24,12.547295454545456,0.001097521262539364
2018-07-25,12.606079545454547,1.515976948888749e-07
2018-07-26,12.664863636363638,0.0001308507746288288
2018-07-27,12.723647727272729,0.14344910664352054
2018-07-28,12.782431818181818,21.239143967895917
2018-07-29,12.84121590909091,419.1586350815972
2018-07-30,12.9,1000.0
2018-07-31,9.0,200.0
2018-08-01,16.821428571428573,700.0
2018-08-02,21.0761375,800.0
2018-08-03,16.444041666666667,225.8074327112888
2018-08-04,11.811945833333334,84.08772477965707
2018-08-05,7.17985,200.0
2018-08-06,11.771566666666665,80.85760187623445
2018-08-07,16.36328333333333,150.8036313943686
2018-08-08,20.955,400.0
2018-08-09,18.7455,147.14272442767268
2018-08-10,16.535999999999998,7.325823391687468
2018-08-11,14.3265,0.07088561725234072
2018-08-12,12.116999999999999,3.194753952450744
2018-08-13,9.907499999999999,64.33666664828114
2018-08-14,7.697999999999999,200.0
2018-08-15,10.661053571428571,578.0202948798627
2018-08-16,13.624107142857143,1400.0
2018-08-17,12.679285714285715,513.8775999718018
2018-08-18,11.734464285714287,25.65745678172759
2018-08-19,10.789642857142859,11.162814098490427
2018-08-20,9.844821428571429,220.74888499703096
2018-08-21,8.9,600.0
2018-08-22,13.758622222222222,212.38717743936212
2018-08-23,18.617244444444445,-133.65136568125985
2018-08-24,23.47586666666667,75.0
2018-08-25,17.993846153846153,1300.0
2018-08-26,16.215705128205126,532.8263099424979
2018-08-27,14.437564102564101,26.89564332138104
2018-08-28,12.659423076923076,0.18772724141636266
2018-08-29,10.88128205128205,0.9159475441263571
2018-08-30,9.103141025641024,18.39397207849843
2018-08-31,7.325,50.0
2018-09-01,7.46,18.39398331157855
2018-09-02,7.595,0.9281229248111516
2018-09-03,7.73,1.8377343777741444
2018-09-04,7.865,36.78794971772393
2018-09-05,8.0,100.0
2018-09-06,10.357866666666666,36.78851510275638
2018-09-07,12.715733333333331,2.45759952442589
2018-09-08,15.073599999999995,92.7545354755093
2018-09-09,17.431466666666662,1837.6498867790929
2018-09-10,19.789333333333328,4500.0
2018-09-11,8.73,500.0
2018-09-12,10.483333333333333,300.0
2018-09-13,11.397746212121213,3862.2886726702855
2018-09-14,12.312159090909093,8800.0
2018-09-15,10.0632,25.0
2018-09-16,11.080719166666666,-1179.0620456997935
2018-09-17,12.098238333333333,-66.70808452784767
2018-09-18,13.1157575,-0.23392997310064487
2018-09-19,14.133276666666667,33.12958136382076
2018-09-20,15.150795833333333,673.8148098509528
2018-09-21,16.168315,2000.0
2018-09-22,23.538675,1200.0
2018-09-23,15.90128053566357,348.203705535794
2018-09-24,8.26388607132714,100.0
2018-09-25,6.8102,100.0
2018-09-26,11.225,2000.0
2018-09-27,14.261347750000002,1542.9472735014026
2018-09-28,17.297695500000003,2000.0
2018-09-29,16.63069088213707,720.7223585004979
2018-09-30,15.963686264274136,35.868910602112095
2018-10-01,15.296681646411201,0.24192869744301337
2018-10-02,14.629677028548269,0.27172000853210193
2018-10-03,13.962672410685334,40.29411690772219
2018-10-04,13.2956677928224,809.328986711169
2018-10-05,12.628663174959467,2200.0
2018-10-06,10.659620671737953,811.6881502207349
2018-10-07,8.690578168516437,90.66768598742165
2018-10-08,6.7215356652949225,200.0
2018-10-09,10.443333333333333,300.0
2018-10-10,6.935528120713304,250.0
2018-10-11,8.256824302711522,69.2065403457645
2018-10-12,9.57812048470974,3.7284971723639204
2018-10-13,10.899416666707959,64.04629569360405
2018-10-14,12.220712848706176,1285.989838944949
2018-10-15,13.542009030704394,3500.0
2018-10-16,13.111004515352196,1374.2634215304174
2018-10-17,12.679999999999998,300.0
2018-10-18,10.19,37.759202215930294
2018-10-19,7.700000000000001,500.0
2018-10-20,13.049142926592125,1700.0
2018-10-21,7.162534435261708,100.0
2018-10-22,9.024926339201834,166.09703041321313
2018-10-23,10.88731824314196,1000.0
2018-10-24,10.566281197508347,372.16242591887476
2018-10-25,10.245244151874736,18.53285424401721
2018-10-26,9.924207106241123,0.12487388178611983
2018-10-27,9.603170060607512,0.00011387639425065573
2018-10-28,9.2821330149739,4.980824578461026e-05
2018-10-29,8.961095969340288,0.054594988836856526
2018-10-30,8.640058923706675,8.090579882782524
2018-10-31,8.319021878073062,160.7175061634312
2018-11-01,7.997984832439451,401.0
2018-11-02,30.152602739726024,50.0
2018-11-03,28.415892465753423,-33.38612310091638
2018-11-04,26.67918219178082,-2.011088730155481
2018-11-05,24.94247191780822,-0.013868757174581166
2018-11-06,23.205761643835615,-1.268593172132494e-05
2018-11-07,21.469051369863013,2.2436354804872736e-08
2018-11-08,19.732341095890412,0.00019450378089807502
2018-11-09,17.995630821917807,0.21337116329692746
2018-11-10,16.25892054794521,31.745900904421518
2018-11-11,14.522210273972606,649.3302766695092
2018-11-12,12.7855,2000.0
2018-11-13,22.90296,1375.0
2018-11-14,19.03010666666667,394.9397657361502
2018-11-15,15.157253333333333,1853.1044601013184
2018-11-16,11.2844,5000.0
2018-11-17,10.958057142857143,1839.3636859556073
2018-11-18,10.631714285714285,91.57652145837423
2018-11-19,10.305371428571428,0.6170489971360628
2018-11-20,9.979028571428572,0.012898985039337216
2018-11-21,9.652685714285715,1.8308722142141924
2018-11-22,9.326342857142857,36.77408446742118
2018-11-23,9.0,100.0
2018-11-24,10.724911033138401,42.322703111312826
2018-11-25,12.449822066276804,105.09741887779602
2018-11-26,14.174733099415205,150.0
2018-11-27,6.582456842105263,400.0
2018-11-28,13.750490209838322,2550.0
2018-11-29,17.591565348927872,2250.0
2018-11-30,25.910149602862877,201.0
2018-12-01,29.276931495223227,-131.0365972857709
2018-12-02,32.643713387583574,-7.822430493716544
2018-12-03,36.010495279943925,-0.05388098689809895
2018-12-04,39.377277172304275,-4.9277796001149336e-05
2018-12-05,42.744059064664626,-6.0698914860511575e-09
2018-12-06,46.110840957024976,1.1253507310433394e-07
2018-12-07,49.47762284938533,0.00012340980408667934
2018-12-08,52.84440474174568,0.01831563888873418
2018-12-09,56.21118663410603,0.36787944117144233
2018-12-10,59.57796852646638,1.0
2018-12-11,55.28113874306861,0.36787944117144233
2018-12-12,50.98430895967084,0.01831563888873418
2018-12-13,46.68747917627307,0.00012340980408667956
2018-12-14,42.390649392875304,1.1253517472387285e-07
2018-12-15,38.093819609477535,1.592912395557836e-11
2018-12-16,33.79698982607976,1.2221390624363565e-07
2018-12-17,29.50016004268199,0.0009903095375294803
2018-12-18,25.203330259284222,1.0860062759627802
2018-12-19,20.906500475886453,161.17762222086077
2018-12-20,16.609670692488685,3237.3390823086925
2018-12-21,12.312840909090907,8800.0
2018-12-22,11.410700757575755,3237.3390823225805
2018-12-23,10.508560606060605,161.17773475603548
2018-12-24,9.606420454545454,1.2094160800494596
2018-12-25,8.704280303030302,18.31662919827166
2018-12-26,7.802140151515151,367.87944129365536
2018-12-27,6.9,1000.0
2018-12-28,6.951845900852902,367.8794412019947
2018-12-29,7.003691801705803,18.31588646473349
2018-12-30,7.055537702558705,0.39490985421436264
2018-12-31,7.1073836034116065,40.2942926725137
2019-01-01,7.159229504264507,809.3302541471304
2019-01-02,7.211075405117409,2200.0
2019-01-03,7.826794099457615,811.1568341029531
2019-01-04,8.442512793797821,76.98224497999307
2019-01-05,9.058231488138027,100.0
2019-01-06,10.472900703126369,36.688012661802475
2019-01-07,11.88756991811471,1.4988423968250837
2019-01-08,13.30223913310305,-47.55962235590612
2019-01-09,14.716908348091392,-796.6598185857141
2019-01-10,16.131577563079734,1025.0
2019-01-11,12.20950784641599,9050.0
2019-01-12,33.10172956994871,3658.9204320412014
2019-01-13,53.99395129348142,522.3975831386086
2019-01-14,74.88617301701414,648.0
2019-01-15,7.888870619913978,1500.0
2019-01-16,15.820752456266474,6000.0
2019-01-17,12.725198607207952,2347.1578053696226
2019-01-18,9.62964475814943,172.57385914318314
2019-01-19,6.534090909090907,150.0
2019-01-20,8.503787878787877,54.890623223277245
2019-01-21,10.473484848484848,2.7513178854594345
2019-01-22,12.443181818181817,2.7657593379999534
2019-01-23,14.412878787878789,55.18193297686953
2019-01-24,16.382575757575758,150.0
2019-01-25,14.742537728077446,55.18167455768908
2019-01-26,13.102499698579132,2.483029016620263
2019-01-27,11.46246166908082,-38.48501352461143
2019-01-28,9.822423639582507,-665.828404201513
2019-01-29,8.182385610084195,350.0
2019-01-30,15.923295454545453,6000.0
2019-01-31,23.91603203401124,2458.6317081182146
2019-02-01,31.90876861347703,124.10180283561925
2019-02-02,39.90150519294282,0.9702156326553742
2019-02-03,47.894241772408606,19.654645800480647
2019-02-04,55.88697835187439,393.5718784366991
2019-02-05,63.87971493134018,1046.0
2019-02-06,16.734730113636363,320.0
2019-02-07,16.142772460904727,-7.907423212918577
2019-02-08,15.550814808173092,-1.240167910324485
2019-02-09,14.958857155441457,-0.00908892385519509
2019-02-10,14.36689950270982,0.04291440391046196
2019-02-11,13.774941849978186,6.356389674023496
2019-02-12,13.182984197246551,125.60534434024552
2019-02-13,12.591026544514914,300.0
2019-02-14,89.85200845665962,8.0
2019-02-15,54.91895701198027,168.28076373739714
2019-02-16,19.98590556730092,500.0
2019-02-17,22.040628734258668,-992.0894834726504
2019-02-18,24.09535190121641,575.0
2019-02-19,10.604166193063417,9300.0
2019-02-20,7.540521494009866,200.0
2019-02-21,30.127686099898142,-1322.6348233341294
2019-02-22,52.71485070578642,253.47201582245592
2019-02-23,75.3020153116747,896.0450000000002
2019-02-24,75.23000254945939,338.7807967440324
2019-02-25,75.15798978724408,212.98684731988578
2019-02-26,75.08597702502877,862.06
2019-02-27,16.856330014224753,1200.0
2019-02-28,34.03271692745378,248.76711970563898
2019-03-01,51.20910384068279,10.0
2019-03-02,7.0,1000.0
2019-03-03,8.960590027256695,418.82165451369775
2019-03-04,10.921180054513389,21.17062462829487
2019-03-05,12.881770081770085,-3.3531479168800864
2019-03-06,14.84236010902678,-42.11992165871527
2019-03-07,16.802950136283474,450.0
2019-03-08,12.384347678465328,1700.0
2019-03-09,12.973260361787815,649.1324179721553
2019-03-10,13.562173045110303,32.729631333061576
2019-03-11,14.15108572843279,37.440396730813774
2019-03-12,14.739998411755275,736.5727267875159
2019-03-13,15.328911095077762,1800.0
2019-03-14,26.984126984126984,500.0
2019-03-15,16.364416364416364,925.0
2019-03-16,40.21164021164021,150.0
2019-03-17,51.86729137346422,-72.67531876841723
2019-03-18,63.52294253528822,292.38021396565
2019-03-19,75.17859369711223,810.0
2019-03-20,55.37973059446595,407.6042297824848
2019-03-21,35.58086749181966,2221.8362847815147
2019-03-22,15.782004389173375,6000.0
2019-03-23,14.247256766642286,2298.577664147921
2019-03-24,12.712509144111195,1949.0055429084503
2019-03-25,11.177761521580106,5000.0
2019-03-26,10.894903682028778,1839.1256827482723
2019-03-27,10.612045842477448,91.74974887656481
2019-03-28,10.32918800292612,28.090415983300723
2019-03-29,10.04633016337479,551.8197243241777
2019-03-30,9.763472323823462,1500.0
2019-03-31,9.763472323823462,551.819161731623
