2017-01-02,13.7465,0.0
2017-01-03,13.7465,0.0
2017-01-04,13.7465,0.0
2017-01-05,13.7465,0.0
2017-01-06,13.7465,0.0
2017-01-07,13.7465,0.0
2017-01-08,13.7465,0.0
2017-01-09,13.7465,0.0
2017-01-10,13.7465,0.0
2017-01-11,13.7465,0.0
2017-01-12,13.7465,0.0
2017-01-13,13.7465,0.0
2017-01-14,13.7465,0.0
2017-01-15,13.7465,0.0
2017-01-16,13.7465,0.0
2017-01-17,13.7465,0.0
2017-01-18,13.7465,0.0
2017-01-19,13.7465,0.0
2017-01-20,13.7465,0.0
2017-01-21,13.7465,0.0
2017-01-22,13.7465,0.0
2017-01-23,13.7465,0.0
2017-01-24,13.7465,0.0
2017-01-25,13.7465,0.0
2017-01-26,13.7465,0.0
2017-01-27,13.7465,0.0
2017-01-28,13.7465,0.0
2017-01-29,13.7465,0.0
2017-01-30,13.7465,0.0
2017-01-31,13.7465,0.0
2017-02-01,13.7465,0.0
2017-02-02,13.7465,0.0
2017-02-03,13.7465,0.0
2017-02-04,13.7465,0.0
2017-02-05,13.7465,0.0
2017-02-06,13.7465,0.0
2017-02-07,13.7465,0.0
2017-02-08,13.7465,0.0
2017-02-09,13.7465,0.0
2017-02-10,13.7465,0.0
2017-02-11,13.7465,0.0
2017-02-12,13.7465,0.0
2017-02-13,13.7465,0.0
2017-02-14,13.7465,0.0
2017-02-15,13.7465,0.0
2017-02-16,13.7465,0.0
2017-02-17,13.7465,0.0
2017-02-18,13.7465,0.0
2017-02-19,13.7465,0.0
2017-02-20,13.7465,0.0
2017-02-21,13.7465,0.0
2017-02-22,13.7465,5.01594416e-315
2017-02-23,13.7465,5.223483522568111e-292
2017-02-24,13.7465,7.361711709603601e-270
2017-02-25,13.7465,1.404133559700947e-248
2017-02-26,13.7465,3.624508051587985e-228
2017-02-27,13.7465,1.2661954672421183e-208
2017-02-28,13.7465,5.986368904520385e-190
2017-03-01,13.7465,3.830339193428011e-172
2017-03-02,13.7465,3.3168209553622907e-155
2017-03-03,13.7465,3.8870297000985855e-139
2017-03-04,13.7465,6.164881393898196e-124
2017-03-05,13.7465,1.323252211341897e-109
2017-03-06,13.7465,3.843895455647698e-96
2017-03-07,13.7465,1.5111638039423923e-83
2017-03-08,13.7465,8.04012043148671e-72
2017-03-09,13.7465,5.789280623296601e-61
2017-03-10,13.7465,5.641540176920271e-51
2017-03-11,13.7465,7.440151952041673e-42
2017-03-12,13.7465,1.327935439916147e-33
2017-03-13,13.7465,3.2076217810972756e-26
2017-03-14,13.7465,1.0485771326726928e-19
2017-03-15,13.7465,4.639045660487139e-14
2017-03-16,13.7465,2.777588772992804e-09
2017-03-17,13.7465,2.2507034943851825e-05
2017-03-18,13.7465,0.024681960817335914
2017-03-19,13.7465,3.6631277777468356
2017-03-20,13.7465,73.57588823428847
2017-03-21,13.7465,200.0
2017-03-22,13.7465,73.57588823428847
2017-03-23,13.7465,3.6631277777468356
2017-03-24,13.7465,0.024681960817335914
2017-03-25,13.7465,2.2507034943851825e-05
2017-03-26,13.7465,2.777588772992804e-09
2017-03-27,13.7465,4.639045660490347e-14
2017-03-28,13.7465,2.0971542653453856e-19
2017-03-29,13.7465,4.639045660490347e-14
2017-03-30,13.7465,2.777588772992804e-09
2017-03-31,13.7465,2.2507034943851825e-05
2017-04-01,13.7465,0.024681960817335914
2017-04-02,13.7465,3.6631277777468356
2017-04-03,13.7465,73.57588823428847
2017-04-04,13.7465,200.0
2017-04-05,14.1691648265,73.57588823428847
2017-04-06,14.591829653,3.6631277777468356
2017-04-07,15.0144944795,0.024681960817335914
2017-04-08,15.437159306,2.2507034943851825e-05
2017-04-09,15.8598241325,2.777588772992804e-09
2017-04-10,16.282488959,4.639045660487139e-14
2017-04-11,16.705153785500002,1.0485771326726928e-19
2017-04-12,17.127818612,3.2076217810972756e-26
2017-04-13,17.550483438500002,1.327935439916147e-33
2017-04-14,17.973148265,7.440151952041673e-42
2017-04-15,18.395813091500003,5.641540176920271e-51
2017-04-16,18.818477918,5.789280623296601e-61
2017-04-17,19.241142744500003,8.04012043148671e-72
2017-04-18,19.663807571,1.5111638039423923e-83
2017-04-19,20.086472397500003,3.843895455647698e-96
2017-04-20,20.509137224,1.323252211341897e-109
2017-04-21,20.931802050500004,6.164881393898196e-124
2017-04-22,21.354466877,3.8870297000985855e-139
2017-04-23,21.777131703500004,3.3168209553622907e-155
2017-04-24,22.19979653,3.830339193428011e-172
2017-04-25,22.622461356500004,3.591821342712231e-189
2017-04-26,23.045126183,1.9151695967140056e-171
2017-04-27,23.467791009500004,1.658410477681145e-154
2017-04-28,23.890455836,1.9435148500492927e-138
2017-04-29,24.313120662500005,3.082440696949098e-123
2017-04-30,24.735785489,6.616261056709485e-109
2017-05-01,25.158450315500005,1.921947727823849e-95
2017-05-02,25.581115142,7.555819019711961e-83
2017-05-03,26.003779968500005,4.020060215743355e-71
2017-05-04,26.426444795000002,2.8946403116483004e-60
2017-05-05,26.849109621500006,2.820770088460135e-50
2017-05-06,27.271774448000002,3.720075976020836e-41
2017-05-07,27.694439274500006,6.639677199580735e-33
2017-05-08,28.117104101000002,1.6038108905486379e-25
2017-05-09,28.539768927500006,5.242885663363464e-19
2017-05-10,28.962433754000003,2.31952283024357e-13
2017-05-11,29.385098580500006,1.3887943864964021e-08
2017-05-12,29.807763407000003,0.00011253517471925911
2017-05-13,30.230428233500007,0.12340980408667956
2017-05-14,30.653093060000003,18.315638888734178
2017-05-15,31.075757886500007,367.87944117144235
2017-05-16,31.498422713000004,1000.0
2017-05-17,30.695790896857147,367.87944117144247
2017-05-18,29.893159080714288,18.31563889567815
2017-05-19,29.09052726457143,0.1234660716740392
2017-05-20,28.28789544842857,0.06181743721805904
2017-05-21,27.485263632285715,9.157819458255032
2017-05-22,26.68263181614286,183.9397205857214
2017-05-23,25.88,500.0
2017-05-24,25.54391304347826,183.93972058572118
2017-05-25,25.20782608695652,9.157819444367089
2017-05-26,24.871739130434783,0.06170490204333978
2017-05-27,24.535652173913043,5.6267587359629557e-05
2017-05-28,24.199565217391303,6.9439719324820105e-09
2017-05-29,23.863478260869563,1.159761415121785e-13
2017-05-30,23.527391304347823,2.621442831681732e-19
2017-05-31,23.191304347826087,8.019054452743189e-26
2017-06-01,22.855217391304347,3.319838599790367e-33
2017-06-02,22.519130434782607,1.860037988010418e-41
2017-06-03,22.183043478260867,1.4103850442590138e-50
2017-06-04,21.84695652173913,2.8207700899074557e-51
2017-06-05,21.51086956521739,3.7200759760208363e-42
2017-06-06,21.17478260869565,6.639677199580735e-34
2017-06-07,20.83869565217391,1.6038108905486378e-26
2017-06-08,20.50260869565217,5.242885663363464e-20
2017-06-09,20.166521739130435,2.3195228302435696e-14
2017-06-10,19.830434782608695,1.388794386496402e-09
2017-06-11,19.494347826086955,1.1253517471925912e-05
2017-06-12,19.15826086956522,0.012340980408667957
2017-06-13,18.82217391304348,1.8315638888734178
2017-06-14,18.48608695652174,36.787944117144235
2017-06-15,18.15,100.0
2017-06-16,18.25965007775,36.787944117144235
2017-06-17,18.3693001555,1.8315638888734178
2017-06-18,18.47895023325,0.012340980408667957
2017-06-19,18.588600311,1.1253517471925912e-05
2017-06-20,18.698250388749997,1.388794386496402e-09
2017-06-21,18.807900466499998,2.3195228302435696e-14
2017-06-22,18.91755054425,5.242885663363464e-20
2017-06-23,19.027200622,1.6038108905486378e-26
2017-06-24,19.13685069975,6.639677199580735e-34
2017-06-25,19.2465007775,3.7200759760208363e-42
2017-06-26,19.35615085525,2.8207700884601353e-51
2017-06-27,19.465800932999997,2.8946403116483004e-61
2017-06-28,19.575451010749997,4.020060215743355e-72
2017-06-29,19.685101088499998,7.555819019711961e-84
2017-06-30,19.79475116625,1.921947727823849e-96
2017-07-01,19.904401244,6.616261056709485e-110
2017-07-02,20.01405132175,3.082440696949098e-124
2017-07-03,20.1237013995,1.9435148500492928e-139
2017-07-04,20.23335147725,1.6584104776811453e-155
2017-07-05,20.343001555,1.9151695967140056e-172
2017-07-06,20.452651632749998,2.9931844522601926e-190
2017-07-07,20.562301710499998,6.330977336210592e-209
2017-07-08,20.67195178825,1.8122540257939924e-228
2017-07-09,20.781601866,7.020667798504735e-249
2017-07-10,20.89125194375,3.6808558548018003e-270
2017-07-11,21.0009020215,2.6117417612840555e-292
2017-07-12,21.11055209925,2.50797208e-315
2017-07-13,21.220202176999997,0.0
2017-07-14,21.329852254749998,0.0
2017-07-15,21.4395023325,0.0
2017-07-16,21.54915241025,0.0
2017-07-17,21.658802488,0.0
2017-07-18,21.76845256575,0.0
2017-07-19,21.8781026435,0.0
2017-07-20,21.98775272125,0.0
2017-07-21,22.097402799,0.0
2017-07-22,22.207052876749998,0.0
2017-07-23,22.3167029545,0.0
2017-07-24,22.42635303225,0.0
2017-07-25,22.53600311,0.0
2017-07-26,22.64565318775,0.0
2017-07-27,22.7553032655,0.0
2017-07-28,22.86495334325,0.0
2017-07-29,22.974603420999998,0.0
2017-07-30,23.08425349875,0.0
2017-07-31,23.1939035765,0.0
2017-08-01,23.30355365425,0.0
2017-08-02,23.413203732,0.0
2017-08-03,23.52285380975,0.0
2017-08-04,23.6325038875,0.0
2017-08-05,23.742153965249997,0.0
2017-08-06,23.851804043,0.0
2017-08-07,23.96145412075,0.0
2017-08-08,24.0711041985,0.0
2017-08-09,24.18075427625,0.0
2017-08-10,24.290404354,0.0
2017-08-11,24.40005443175,0.0
2017-08-12,24.5097045095,0.0
2017-08-13,24.61935458725,0.0
2017-08-14,24.729004664999998,0.0
2017-08-15,24.838654742750002,0.0
2017-08-16,24.9483048205,0.0
2017-08-17,25.05795489825,0.0
2017-08-18,25.167604976,0.0
2017-08-19,25.27725505375,0.0
2017-08-20,25.3869051315,0.0
2017-08-21,25.496555209249998,0.0
2017-08-22,25.606205287,0.0
2017-08-23,25.71585536475,0.0
2017-08-24,25.8255054425,0.0
2017-08-25,25.93515552025,0.0
2017-08-26,26.044805598,0.0
2017-08-27,26.15445567575,0.0
2017-08-28,26.2641057535,0.0
2017-08-29,26.37375583125,0.0
2017-08-30,26.483405909,0.0
2017-08-31,26.593055986750002,0.0
2017-09-01,26.7027060645,0.0
2017-09-02,26.81235614225,0.0
2017-09-03,26.92200622,0.0
2017-09-04,27.03165629775,0.0
2017-09-05,27.1413063755,0.0
2017-09-06,27.250956453249998,0.0
2017-09-07,27.360606531000002,0.0
2017-09-08,27.47025660875,0.0
2017-09-09,27.5799066865,0.0
2017-09-10,27.68955676425,0.0
2017-09-11,27.799206842,0.0
2017-09-12,27.90885691975,0.0
2017-09-13,28.0185069975,0.0
2017-09-14,28.12815707525,0.0
2017-09-15,28.237807153,0.0
2017-09-16,28.347457230750003,2.507972079e-314
2017-09-17,28.4571073085,2.6117417612840556e-291
2017-09-18,28.56675738625,3.6808558548018006e-269
2017-09-19,28.676407464,7.020667798504735e-248
2017-09-20,28.78605754175,1.8122540257939924e-227
2017-09-21,28.8957076195,6.330977336210591e-208
2017-09-22,29.00535769725,2.993184452260193e-189
2017-09-23,29.115007775000002,1.9151695967140056e-171
2017-09-24,29.22465785275,1.658410477681145e-154
2017-09-25,29.3343079305,1.9435148500492927e-138
2017-09-26,29.44395800825,3.082440696949098e-123
2017-09-27,29.553608086,6.616261056709485e-109
2017-09-28,29.66325816375,1.921947727823849e-95
2017-09-29,29.7729082415,7.555819019711961e-83
2017-09-30,29.882558319250002,4.020060215743355e-71
2017-10-01,29.992208397,2.8946403116483004e-60
2017-10-02,30.101858474750003,2.820770088460135e-50
2017-10-03,30.2115085525,3.720075976020836e-41
2017-10-04,30.32115863025,6.639677199580735e-33
2017-10-05,30.430808708,1.6038108905486379e-25
2017-10-06,30.54045878575,5.242885663363464e-19
2017-10-07,30.6501088635,2.31952283024357e-13
2017-10-08,30.75975894125,1.3887943864964021e-08
2017-10-09,30.869409019000003,0.00011253517471925911
2017-10-10,30.97905909675,0.12340980408667956
2017-10-11,31.0887091745,18.315638888734178
2017-10-12,31.19835925225,367.87944117144235
2017-10-13,31.30800933,1000.0
2017-10-14,30.859841885833333,367.87944117144235
2017-10-15,30.41167444166667,18.315638888734178
2017-10-16,29.9635069975,0.12340980408667956
2017-10-17,29.515339553333334,0.00011253517471925911
2017-10-18,29.067172109166666,1.3887943865226164e-08
2017-10-19,28.619004665,3.4792842453653547e-13
2017-10-20,28.170837220833334,6.943971933006299e-09
2017-10-21,27.722669776666667,5.6267587359629557e-05
2017-10-22,27.2745023325,0.06170490204333978
2017-10-23,26.826334888333335,9.157819444367089
2017-10-24,26.378167444166667,183.93972058572118
2017-10-25,25.93,500.0
2017-10-26,25.88071978,183.93972058572118
2017-10-27,25.83143956,9.157819444367089
2017-10-28,25.78215934,0.06170490204333978
2017-10-29,25.73287912,5.6267587359629557e-05
2017-10-30,25.6835989,6.9439719324820105e-09
2017-10-31,25.63431868,1.159761415121785e-13
2017-11-01,25.58503846,2.621442831681732e-19
2017-11-02,25.53575824,8.019054452743189e-26
2017-11-03,25.48647802,3.319838599790367e-33
2017-11-04,25.4371978,5.580102543341577e-41
2017-11-05,25.38791758,6.639656815671014e-33
2017-11-06,25.33863736,1.6038059668248755e-25
2017-11-07,25.28935714,5.242869567624947e-19
2017-11-08,25.24007692,2.3195157092732954e-13
2017-11-09,25.1907967,1.3887901228765686e-08
2017-11-10,25.14151648,0.00011253482923456567
2017-11-11,25.09223626,0.12340942521671476
2017-11-12,25.04295604,18.31558265979044
2017-11-13,24.99367582,367.878314575469
2017-11-14,24.9443956,1000.0
2017-11-15,30.296263733333333,368.33394242572814
2017-11-16,35.64813186666667,27.467168898347005
2017-11-17,41.0,25.0
2017-11-18,39.8455971744,9.151698773731281
2017-11-19,38.6911943488,0.4556306636385202
2017-11-20,37.5367915232,0.0030700151694104966
2017-11-21,36.3823886976,2.7994914667532365e-06
2017-11-22,35.227985872,3.4548469345428353e-10
2017-11-23,34.0735830464,5.770181977683185e-15
2017-11-24,32.9191802208,1.3042512007789398e-20
2017-11-25,31.7647773952,3.989734688355704e-27
2017-11-26,30.6103745696,1.6517253124269362e-34
2017-11-27,29.455971744000003,9.254280696255768e-43
2017-11-28,28.3015689184,7.017114259621802e-52
2017-11-29,27.147166092800003,7.200878189815793e-62
2017-11-30,25.992763267200004,2.894640311658301e-61
2017-12-01,24.838360441600003,2.8207700884601353e-51
2017-12-02,23.683957616,3.7200759760208363e-42
2017-12-03,22.529554790400002,6.639677199580735e-34
2017-12-04,21.375151964800004,1.6038108905486378e-26
2017-12-05,20.220749139200002,5.242885663363464e-20
2017-12-06,19.066346313600004,2.3195228302435696e-14
2017-12-07,17.911943488000002,1.388794386496402e-09
2017-12-08,16.757540662400004,1.1253517471925912e-05
2017-12-09,15.603137836800002,0.012340980408667957
2017-12-10,14.448735011200004,1.8315638888734178
2017-12-11,13.294332185600005,36.787944117144235
2017-12-12,12.139929360000002,100.0
2017-12-13,13.208820865185187,36.787944117144235
2017-12-14,14.277712370370372,1.8315638888734178
2017-12-15,15.346603875555557,0.012340980408667957
2017-12-16,16.415495380740744,1.1253517471925912e-05
2017-12-17,17.48438688592593,1.388794386496402e-09
2017-12-18,18.553278391111114,2.3195228302435696e-14
2017-12-19,19.6221698962963,5.242885663363464e-20
2017-12-20,20.691061401481484,1.6038108905486378e-26
2017-12-21,21.75995290666667,6.639677199580735e-34
2017-12-22,22.828844411851854,3.7200759760208363e-42
2017-12-23,23.89773591703704,2.8207700884601353e-51
2017-12-24,24.966627422222224,2.8946403116483004e-61
2017-12-25,26.03551892740741,4.020060215747133e-72
2017-12-26,27.104410432592594,2.0100301078792333e-72
2017-12-27,28.17330193777778,1.4473201558241502e-61
2017-12-28,29.242193442962964,1.4103850442300676e-51
2017-12-29,30.31108494814815,1.8600379880104182e-42
2017-12-30,31.379976453333335,3.3198385997903676e-34
2017-12-31,32.44886795851852,8.019054452743189e-27
2018-01-01,33.517759463703705,2.621442831681732e-20
2018-01-02,34.58665096888889,1.1597614151217848e-14
2018-01-03,35.655542474074075,6.94397193248201e-10
2018-01-04,36.72443397925926,5.626758735962956e-06
2018-01-05,37.793325484444445,0.006170490204333978
2018-01-06,38.86221698962963,0.9157819444367089
2018-01-07,39.931108494814815,18.393972058572118
2018-01-08,41.0,50.0
2018-01-09,40.10964314142857,18.393972058572118
2018-01-10,39.21928628285714,0.9157819444367089
2018-01-11,38.32892942428572,0.006170490204333978
2018-01-12,37.43857256571429,5.626758735962956e-06
2018-01-13,36.54821570714286,6.94397193248201e-10
2018-01-14,35.65785884857143,1.1597614151217848e-14
2018-01-15,34.76750199,2.621442831681732e-20
2018-01-16,33.87714513142857,8.019054452743189e-27
2018-01-17,32.98678827285714,3.3198385997903676e-34
2018-01-18,32.09643141428572,1.8600379880104182e-42
2018-01-19,31.206074555714288,1.4103850442300676e-51
2018-01-20,30.31571769714286,1.4473201558241502e-61
2018-01-21,29.42536083857143,2.0100301078716776e-72
2018-01-22,28.53500398,1.1333728529567941e-83
2018-01-23,27.64464712142857,4.020060215743355e-72
2018-01-24,26.754290262857143,2.8946403116483004e-61
2018-01-25,25.863933404285717,2.8207700884601353e-51
2018-01-26,24.973576545714288,3.7200759760208363e-42
2018-01-27,24.083219687142858,6.639677199580735e-34
2018-01-28,23.19286282857143,1.6038108905486378e-26
2018-01-29,22.302505970000002,5.242885663363464e-20
2018-01-30,21.412149111428572,2.3195228302435696e-14
2018-01-31,20.521792252857143,1.388794386496402e-09
2018-02-01,19.631435394285717,1.1253517471925912e-05
2018-02-02,18.741078535714287,0.012340980408667957
2018-02-03,17.850721677142857,1.8315638888734178
2018-02-04,16.960364818571428,36.787944117144235
2018-02-05,16.07000796,100.0
2018-02-06,16.19406190648649,36.787944117144235
2018-02-07,16.318115852972973,1.8315638888734178
2018-02-08,16.44216979945946,0.012340980408667957
2018-02-09,16.566223745945948,1.1253517471925912e-05
2018-02-10,16.690277692432435,1.388794386496402e-09
2018-02-11,16.81433163891892,2.3195228302435696e-14
2018-02-12,16.938385585405406,5.242885663363464e-20
2018-02-13,17.062439531891894,1.6038108905486378e-26
2018-02-14,17.18649347837838,6.639677199580735e-34
2018-02-15,17.310547424864865,3.7200759760208363e-42
2018-02-16,17.434601371351352,2.8207700884601353e-51
2018-02-17,17.55865531783784,2.8946403116483004e-61
2018-02-18,17.682709264324327,4.020060215743355e-72
2018-02-19,17.80676321081081,7.555819019711961e-84
2018-02-20,17.930817157297298,1.921947727823849e-96
2018-02-21,18.054871103783785,6.616261056709485e-110
2018-02-22,18.178925050270273,3.082440696949098e-124
2018-02-23,18.302978996756757,1.9435148500492928e-139
2018-02-24,18.427032943243244,1.6584104776811453e-155
2018-02-25,18.55108688972973,1.9151695967140056e-172
2018-02-26,18.67514083621622,2.9931844522601926e-190
2018-02-27,18.799194782702703,6.330977336210592e-209
2018-02-28,18.92324872918919,1.8122540257939924e-228
2018-03-01,19.047302675675677,7.020667798504735e-249
2018-03-02,19.171356622162165,3.6808558548018003e-270
2018-03-03,19.29541056864865,2.6117417612840555e-292
2018-03-04,19.419464515135136,2.50797208e-315
2018-03-05,19.543518461621623,0.0
2018-03-06,19.667572408108107,0.0
2018-03-07,19.791626354594595,0.0
2018-03-08,19.915680301081082,0.0
2018-03-09,20.03973424756757,0.0
2018-03-10,20.163788194054057,0.0
2018-03-11,20.28784214054054,0.0
2018-03-12,20.411896087027028,0.0
2018-03-13,20.535950033513515,0.0
2018-03-14,20.66000398,0.0
2018-03-15,20.784057926486486,0.0
2018-03-16,20.908111872972974,0.0
2018-03-17,21.03216581945946,0.0
2018-03-18,21.15621976594595,0.0
2018-03-19,21.280273712432432,0.0
2018-03-20,21.40432765891892,0.0
2018-03-21,21.528381605405407,0.0
2018-03-22,21.65243555189189,0.0
2018-03-23,21.77648949837838,0.0
2018-03-24,21.900543444864866,5.01594416e-315
2018-03-25,22.02459739135135,5.223483522568111e-292
2018-03-26,22.148651337837837,7.361711709603601e-270
2018-03-27,22.272705284324324,1.404133559700947e-248
2018-03-28,22.39675923081081,3.624508051587985e-228
2018-03-29,22.5208131772973,1.2661954672421183e-208
2018-03-30,22.644867123783783,5.986368904520385e-190
2018-03-31,22.76892107027027,3.830339193428011e-172
2018-04-01,22.892975016756758,3.3168209553622907e-155
2018-04-02,23.01702896324324,3.8870297000985855e-139
2018-04-03,23.14108290972973,6.164881393898196e-124
2018-04-04,23.265136856216216,1.323252211341897e-109
2018-04-05,23.389190802702704,3.843895455647698e-96
2018-04-06,23.51324474918919,1.5111638039423923e-83
2018-04-07,23.637298695675675,8.04012043148671e-72
2018-04-08,23.761352642162162,5.789280623296601e-61
2018-04-09,23.88540658864865,5.641540176920271e-51
2018-04-10,24.009460535135133,7.440151952041673e-42
2018-04-11,24.13351448162162,1.327935439916147e-33
2018-04-12,24.257568428108108,3.2076217810972756e-26
2018-04-13,24.381622374594592,1.0485771326726928e-19
2018-04-14,24.505676321081083,4.639045660487139e-14
2018-04-15,24.629730267567567,2.777588772992804e-09
2018-04-16,24.753784214054054,2.2507034943851825e-05
2018-04-17,24.87783816054054,0.024681960817335914
2018-04-18,25.001892107027025,3.6631277777468356
2018-04-19,25.125946053513513,73.57588823428847
2018-04-20,25.25,200.0
2018-04-21,25.408444444444445,73.57588823428847
2018-04-22,25.56688888888889,3.6631277777468356
2018-04-23,25.725333333333335,0.024681960817335914
2018-04-24,25.883777777777777,2.2507034943851825e-05
2018-04-25,26.04222222222222,2.777588772992804e-09
2018-04-26,26.200666666666667,4.639045660487139e-14
2018-04-27,26.359111111111112,1.0485771326726928e-19
2018-04-28,26.517555555555557,3.2076217810972756e-26
2018-04-29,26.676000000000002,1.327935439916147e-33
2018-04-30,26.834444444444443,7.440151952041673e-42
2018-05-01,26.99288888888889,5.641540176920271e-51
2018-05-02,27.151333333333334,5.789280623296601e-61
2018-05-03,27.30977777777778,8.04012043148671e-72
2018-05-04,27.468222222222224,1.5111638039423923e-83
2018-05-05,27.62666666666667,3.843895455647698e-96
2018-05-06,27.785111111111114,1.323252211341897e-109
2018-05-07,27.943555555555555,6.164881393898196e-124
2018-05-08,28.102,3.8870297000985855e-139
2018-05-09,28.260444444444445,3.3168209553622907e-155
2018-05-10,28.41888888888889,3.830339193428011e-172
2018-05-11,28.577333333333335,5.986368904520385e-190
2018-05-12,28.735777777777777,1.2661954672421183e-208
2018-05-13,28.894222222222222,3.1654886681052956e-208
2018-05-14,29.052666666666667,1.4965922261300965e-189
2018-05-15,29.211111111111112,9.575847983570028e-172
2018-05-16,29.369555555555557,8.292052388405725e-155
2018-05-17,29.528000000000002,9.717574250246463e-139
2018-05-18,29.686444444444447,1.541220348474549e-123
2018-05-19,29.84488888888889,3.3081305283547425e-109
2018-05-20,30.003333333333334,9.609738639119245e-96
2018-05-21,30.16177777777778,3.7779095098559804e-83
2018-05-22,30.320222222222224,2.0100301078716775e-71
2018-05-23,30.47866666666667,1.4473201558241502e-60
2018-05-24,30.637111111111114,1.4103850442300675e-50
2018-05-25,30.79555555555556,1.860037988010418e-41
2018-05-26,30.954,3.319838599790367e-33
2018-05-27,31.112444444444446,8.019054452743189e-26
2018-05-28,31.27088888888889,2.621442831681732e-19
2018-05-29,31.429333333333336,1.159761415121785e-13
2018-05-30,31.58777777777778,6.9439719324820105e-09
2018-05-31,31.746222222222222,5.6267587359629557e-05
2018-06-01,31.90466666666667,0.06170490204333978
2018-06-02,32.06311111111111,9.157819444367089
2018-06-03,32.221555555555554,183.93972058572118
2018-06-04,32.38,500.0
2018-06-05,32.13,183.93972058572118
2018-06-06,31.880000000000003,9.157819444367089
2018-06-07,31.630000000000003,0.06170490204333978
2018-06-08,31.380000000000003,5.6267587359629557e-05
2018-06-09,31.130000000000003,6.9439719324820105e-09
2018-06-10,30.880000000000003,1.159761415122587e-13
2018-06-11,30.63,5.2428856043625915e-19
2018-06-12,30.38,1.1597613890198106e-13
2018-06-13,30.13,6.943971776193879e-09
2018-06-14,29.88,5.626758609321371e-05
2018-06-15,29.63,0.061704900654546174
2018-06-16,29.38,9.157819238251866
2018-06-17,29.13,183.93971644717456
2018-06-18,28.88,500.0
2018-06-19,26.766875,183.95205741925045
2018-06-20,24.65375,10.989382096548473
2018-06-21,22.540625,36.84962831811065
2018-06-22,20.4275,100.0
2018-06-23,20.400865701900756,36.78792342440008
2018-06-24,20.374231403801517,1.8315628582967458
2018-06-25,20.347597105702274,0.01234097346469618
2018-06-26,20.320962807603035,1.125351113984328e-05
2018-06-27,20.294328509503792,1.388793605055325e-09
2018-06-28,20.26769421140455,2.3195215251040643e-14
2018-06-29,20.24105991330531,5.24288271331826e-20
2018-06-30,20.214425615206068,1.6038099881229643e-26
2018-07-01,20.18779131710683,6.63967346359465e-34
2018-07-02,20.161157019007586,3.720073882823884e-42
2018-07-03,20.134522720908343,2.8207685012808976e-51
2018-07-04,20.107888422809104,2.894638682904071e-61
2018-07-05,20.08125412470986,4.0200579537525127e-72
2018-07-06,20.05461982661062,7.5558147682349895e-84
2018-07-07,20.02798552851138,1.921946646390257e-96
2018-07-08,20.001351230412137,6.616257333899099e-110
2018-07-09,19.974716932312898,3.0824389625341253e-124
2018-07-10,19.948082634213655,1.9435137564804013e-139
2018-07-11,19.921448336114413,1.658409544533602e-155
2018-07-12,19.894814038015173,1.915168519094304e-172
2018-07-13,19.86817973991593,2.9931827680675543e-190
2018-07-14,19.84154544181669,6.330973773922468e-209
2018-07-15,19.81491114371745,1.8122530060823983e-228
2018-07-16,19.788276845618206,7.020663848144437e-249
2018-07-17,19.761642547518967,3.6808537836730635e-270
2018-07-18,19.735008249419725,2.6117402917200117e-292
2018-07-19,19.708373951320485,2.507970666e-315
2018-07-20,19.681739653221243,0.0
2018-07-21,19.655105355122,2.50797208e-315
2018-07-22,19.62847105702276,2.6117417612840555e-292
2018-07-23,19.60183675892352,3.6808558548018003e-270
2018-07-24,19.57520246082428,7.020667798504735e-249
2018-07-25,19.548568162725037,1.8122540257939924e-228
2018-07-26,19.521933864625794,6.330977336210592e-209
2018-07-27,19.495299566526555,2.9931844522601926e-190
2018-07-28,19.468665268427312,1.9151695967140056e-172
2018-07-29,19.442030970328073,1.6584104776811453e-155
2018-07-30,19.41539667222883,1.9435148500492928e-139
2018-07-31,19.388762374129588,3.082440696949098e-124
2018-08-01,19.36212807603035,6.616261056709485e-110
2018-08-02,19.335493777931106,1.921947727823849e-96
2018-08-03,19.308859479831867,7.555819019711961e-84
2018-08-04,19.282225181732624,4.020060215743355e-72
2018-08-05,19.25559088363338,2.8946403116483004e-61
2018-08-06,19.228956585534142,2.8207700884601353e-51
2018-08-07,19.2023222874349,3.7200759760208363e-42
2018-08-08,19.175687989335657,6.639677199580735e-34
2018-08-09,19.149053691236418,1.6038108905486378e-26
2018-08-10,19.122419393137175,5.242885663363464e-20
2018-08-11,19.095785095037936,2.3195228302435696e-14
2018-08-12,19.069150796938693,1.388794386496402e-09
2018-08-13,19.04251649883945,1.1253517471925912e-05
2018-08-14,19.01588220074021,0.012340980408667957
2018-08-15,18.98924790264097,1.8315638888734178
2018-08-16,18.96261360454173,36.787944117144235
2018-08-17,18.935979306442487,100.0
2018-08-18,18.938646835340716,36.787944117144235
2018-08-19,18.941314364238945,1.8315638888734178
2018-08-20,18.943981893137178,0.012340980408667957
2018-08-21,18.946649422035406,1.1253517471925912e-05
2018-08-22,18.949316950933635,1.388794386496402e-09
2018-08-23,18.951984479831864,2.3195228302435696e-14
2018-08-24,18.954652008730093,5.242885663363464e-20
2018-08-25,18.957319537628326,1.6038108905486378e-26
2018-08-26,18.959987066526555,6.639677199580735e-34
2018-08-27,18.962654595424784,3.7200759760208363e-42
2018-08-28,18.965322124323013,2.8207700884601353e-51
2018-08-29,18.967989653221245,5.789280623296601e-61
2018-08-30,18.970657182119474,2.8207700884601353e-51
2018-08-31,18.973324711017703,3.7200759760208363e-42
2018-09-01,18.975992239915932,6.639677199580735e-34
2018-09-02,18.97865976881416,1.6038108905486378e-26
2018-09-03,18.981327297712394,5.242885663363464e-20
2018-09-04,18.983994826610623,2.3195228302435696e-14
2018-09-05,18.98666235550885,1.388794386496402e-09
2018-09-06,18.98932988440708,1.1253517471925912e-05
2018-09-07,18.99199741330531,0.012340980408667957
2018-09-08,18.994664942203542,1.8315638888734178
2018-09-09,18.99733247110177,36.787944117144235
2018-09-10,19.0,100.0
2018-09-11,19.2595,36.787944117144235
2018-09-12,19.519,1.8315638888734178
2018-09-13,19.7785,0.012340980408667957
2018-09-14,20.038,1.1253517471925912e-05
2018-09-15,20.2975,1.388794386496402e-09
2018-09-16,20.557,2.3195228302435696e-14
2018-09-17,20.816499999999998,5.242887267174355e-20
2018-09-18,21.076,5.242887267174355e-20
2018-09-19,21.3355,2.3195228302435696e-14
2018-09-20,21.595,1.388794386496402e-09
2018-09-21,21.854499999999998,1.1253517471925912e-05
2018-09-22,22.113999999999997,0.012340980408667957
2018-09-23,22.3735,1.8315638888734178
2018-09-24,22.633,36.787944117144235
2018-09-25,22.8925,100.0
2018-09-26,22.8925,36.787944117144235
2018-09-27,22.8925,1.8315638888734178
2018-09-28,22.8925,0.012340980408667957
2018-09-29,22.8925,1.1253517471925912e-05
2018-09-30,22.8925,1.388794386496402e-09
2018-10-01,22.8925,2.3195228302435696e-14
2018-10-02,22.8925,5.242885663363464e-20
2018-10-03,22.8925,1.6038108905486378e-26
2018-10-04,22.8925,6.639677199580735e-34
2018-10-05,22.8925,3.7200759760208363e-42
2018-10-06,22.8925,2.8207700884601353e-51
2018-10-07,22.8925,2.8946403116483004e-61
2018-10-08,22.8925,4.020060215743355e-72
2018-10-09,22.8925,7.555819019711961e-84
2018-10-10,22.8925,1.921947727823849e-96
2018-10-11,22.8925,6.616261056709485e-110
2018-10-12,22.8925,3.082440696949098e-124
2018-10-13,22.8925,1.9435148500492928e-139
2018-10-14,22.8925,1.6584104776811453e-155
2018-10-15,22.8925,1.9151695967140056e-172
2018-10-16,22.8925,2.9931844522601926e-190
2018-10-17,22.8925,6.330977336210592e-209
2018-10-18,22.8925,1.8122540257939924e-228
2018-10-19,22.8925,7.020667798504735e-249
2018-10-20,22.8925,3.6808558548018003e-270
2018-10-21,22.8925,2.6117417612840555e-292
2018-10-22,22.8925,2.50797208e-315
2018-10-23,22.8925,0.0
2018-10-24,22.8925,0.0
2018-10-25,22.8925,0.0
2018-10-26,22.8925,0.0
2018-10-27,22.8925,0.0
2018-10-28,22.8925,0.0
2018-10-29,22.8925,0.0
2018-10-30,22.8925,0.0
2018-10-31,22.8925,0.0
2018-11-01,22.8925,0.0
2018-11-02,22.8925,0.0
2018-11-03,22.8925,0.0
2018-11-04,22.8925,0.0
2018-11-05,22.8925,0.0
2018-11-06,22.8925,0.0
2018-11-07,22.8925,0.0
2018-11-08,22.8925,0.0
2018-11-09,22.8925,0.0
2018-11-10,22.8925,0.0
2018-11-11,22.8925,0.0
2018-11-12,22.8925,0.0
2018-11-13,22.8925,0.0
2018-11-14,22.8925,0.0
2018-11-15,22.8925,0.0
2018-11-16,22.8925,0.0
2018-11-17,22.8925,0.0
2018-11-18,22.8925,0.0
2018-11-19,22.8925,0.0
2018-11-20,22.8925,0.0
2018-11-21,22.8925,0.0
2018-11-22,22.8925,0.0
2018-11-23,22.8925,0.0
2018-11-24,22.8925,0.0
2018-11-25,22.8925,0.0
2018-11-26,22.8925,0.0
2018-11-27,22.8925,0.0
2018-11-28,22.8925,0.0
2018-11-29,22.8925,0.0
2018-11-30,22.8925,0.0
2018-12-01,22.8925,0.0
2018-12-02,22.8925,0.0
2018-12-03,22.8925,0.0
2018-12-04,22.8925,0.0
2018-12-05,22.8925,0.0
2018-12-06,22.8925,0.0
2018-12-07,22.8925,0.0
2018-12-08,22.8925,0.0
2018-12-09,22.8925,0.0
2018-12-10,22.8925,0.0
2018-12-11,22.8925,0.0
2018-12-12,22.8925,0.0
2018-12-13,22.8925,0.0
2018-12-14,22.8925,0.0
2018-12-15,22.8925,0.0
2018-12-16,22.8925,0.0
2018-12-17,22.8925,0.0
2018-12-18,22.8925,0.0
2018-12-19,22.8925,0.0
2018-12-20,22.8925,0.0
2018-12-21,22.8925,0.0
2018-12-22,22.8925,0.0
2018-12-23,22.8925,0.0
2018-12-24,22.8925,0.0
2018-12-25,22.8925,0.0
2018-12-26,22.8925,0.0
2018-12-27,22.8925,0.0
2018-12-28,22.8925,0.0
2018-12-29,22.8925,0.0
2018-12-30,22.8925,0.0
2018-12-31,22.8925,0.0
2019-01-01,22.8925,0.0
2019-01-02,22.8925,0.0
2019-01-03,22.8925,0.0
2019-01-04,22.8925,0.0
2019-01-05,22.8925,0.0
2019-01-06,22.8925,0.0
2019-01-07,22.8925,0.0
2019-01-08,22.8925,0.0
2019-01-09,22.8925,0.0
2019-01-10,22.8925,0.0
2019-01-11,22.8925,0.0
2019-01-12,22.8925,0.0
2019-01-13,22.8925,0.0
2019-01-14,22.8925,0.0
2019-01-15,22.8925,0.0
2019-01-16,22.8925,0.0
2019-01-17,22.8925,0.0
2019-01-18,22.8925,0.0
2019-01-19,22.8925,0.0
2019-01-20,22.8925,0.0
2019-01-21,22.8925,0.0
2019-01-22,22.8925,0.0
2019-01-23,22.8925,0.0
2019-01-24,22.8925,0.0
2019-01-25,22.8925,0.0
2019-01-26,22.8925,0.0
2019-01-27,22.8925,0.0
2019-01-28,22.8925,0.0
2019-01-29,22.8925,0.0
2019-01-30,22.8925,0.0
2019-01-31,22.8925,0.0
2019-02-01,22.8925,0.0
2019-02-02,22.8925,0.0
2019-02-03,22.8925,0.0
2019-02-04,22.8925,0.0
2019-02-05,22.8925,0.0
2019-02-06,22.8925,0.0
2019-02-07,22.8925,0.0
2019-02-08,22.8925,0.0
2019-02-09,22.8925,0.0
2019-02-10,22.8925,0.0
2019-02-11,22.8925,0.0
2019-02-12,22.8925,0.0
2019-02-13,22.8925,0.0
2019-02-14,22.8925,0.0
2019-02-15,22.8925,0.0
2019-02-16,22.8925,0.0
2019-02-17,22.8925,0.0
2019-02-18,22.8925,0.0
2019-02-19,22.8925,0.0
2019-02-20,22.8925,0.0
2019-02-21,22.8925,0.0
2019-02-22,22.8925,0.0
2019-02-23,22.8925,0.0
2019-02-24,22.8925,0.0
2019-02-25,22.8925,0.0
2019-02-26,22.8925,0.0
2019-02-27,22.8925,0.0
2019-02-28,22.8925,0.0
2019-03-01,22.8925,0.0
2019-03-02,22.8925,0.0
2019-03-03,22.8925,0.0
2019-03-04,22.8925,0.0
2019-03-05,22.8925,0.0
2019-03-06,22.8925,0.0
2019-03-07,22.8925,0.0
2019-03-08,22.8925,0.0
2019-03-09,22.8925,0.0
2019-03-10,22.8925,0.0
2019-03-11,22.8925,0.0
2019-03-12,22.8925,0.0
2019-03-13,22.8925,0.0
2019-03-14,22.8925,0.0
2019-03-15,22.8925,0.0
2019-03-16,22.8925,0.0
2019-03-17,22.8925,0.0
2019-03-18,22.8925,0.0
2019-03-19,22.8925,0.0
2019-03-20,22.8925,0.0
2019-03-21,22.8925,0.0
2019-03-22,22.8925,0.0
2019-03-23,22.8925,0.0
2019-03-24,22.8925,0.0
2019-03-25,22.8925,0.0
2019-03-26,22.8925,0.0
2019-03-27,22.8925,0.0
2019-03-28,22.8925,0.0
2019-03-29,22.8925,0.0
2019-03-30,22.8925,0.0
2019-03-31,22.8925,0.0
